Start,End,Period,Start Value,End Value,Total Return [%],Benchmark Return [%],Max Gross Exposure [%],Total Fees Paid,Max Drawdown [%],Max Drawdown Duration,Total Trades,Total Closed Trades,Total Open Trades,Open Trade PnL,Win Rate [%],Best Trade [%],Worst Trade [%],Avg Winning Trade [%],Avg Losing Trade [%],Avg Winning Trade Duration,Avg Losing Trade Duration,Profit Factor,Expectancy,Sharpe Ratio,Calmar Ratio,Omega Ratio,Sortino Ratio,rolling_period,mean_period,skip_weeks,dilute_to,use_id_filter,id_percentile,benchmark_exit_multiplier
2018-01-01,2025-12-31,1983 days,100000.0,1189748.0758304205,1089.7480758304205,280.4215562525374,99.83919747131557,0.0,42.232791954665416,271 days,300,300,0,0.0,63.0,187.23437093371817,-71.65604975184924,32.680606944524314,-15.731760580571724,68 days 20:41:54.285714286,63 days 06:16:12.972972973,2.6049502995728413,3632.493586101399,1.5903770994735253,1.3672812847761728,1.2648167304441895,2.2291710532204982,13,52,4,15,True,50.0,0
2018-01-01,2025-12-31,1983 days,100000.0,1330040.2962516404,1230.0402962516405,280.4215562525374,99.85750244724288,0.0,46.48681603045339,271 days,299,299,0,0.0,63.21070234113713,449.4903714840147,-71.65604975184925,37.30643928716858,-16.19959905098777,70 days 03:40:57.142857143,63 days 06:32:43.636363636,2.7395438139562467,4113.847144654315,1.630219381621675,1.3125013829375645,1.2712042762142224,2.29209278962117,13,52,4,15,True,30.0,0
2018-01-01,2025-12-31,1983 days,100000.0,1222559.48988607,1122.55948988607,280.4215562525374,99.8549987146332,0.0,40.38973854877597,278 days,310,310,0,0.0,61.61290322580645,224.53245324532452,-71.65604975184927,32.6813020292191,-14.714987187527969,68 days 12:49:00.314136126,63 days 01:00:30.252100841,2.5037689560153984,3621.159644793775,1.6015857512689613,1.449278692272781,1.2629448083853387,2.252190040249469,13,52,4,15,False,,0
2018-01-01,2025-12-31,1983 days,100000.0,1456121.07932973,1356.12107932973,280.4215562525374,99.923324238269,0.0,37.154216679359905,320 days,263,263,0,0.0,61.97718631178707,2363.64654751318,-43.389086267605634,64.97098116464196,-14.162973072124107,84 days 15:27:36.441717791,72 days 17:16:48,2.6064392626365804,5156.353913801256,1.7023227211203389,1.715031047418051,1.2889162127667138,2.434403002567466,26,52,4,15,True,50.0,0
2018-01-01,2025-12-31,1983 days,100000.0,965724.2264288298,865.7242264288298,280.4215562525374,99.89423961879025,0.0,37.79371750445773,348 days,259,259,0,0.0,60.231660231660236,877.3498991007974,-49.44552998843868,46.13607937328529,-14.683249814057934,80 days 06:27:41.538461539,74 days 17:42:31.456310679,2.374606457389894,3342.564580806295,1.4674920429437048,1.3706423269127759,1.2456355844791887,2.0827979643700694,26,52,4,15,True,30.0,0
2018-01-01,2025-12-31,1983 days,100000.0,1532464.6605784704,1432.4646605784703,280.4215562525374,99.91464393181502,0.0,35.7738329023668,357 days,280,280,0,0.0,62.5,2363.6465475131795,-43.389086267605634,61.090081243260094,-14.395297561839996,82 days 22:21:15.428571428,72 days 13:01:42.857142857,2.4835453157214937,5115.945216351678,1.6926602405973121,1.8244576747426804,1.2766042330203933,2.413058725235326,26,52,4,15,False,,0
2018-01-01,2025-12-31,1983 days,100000.0,1804659.2592791992,1704.6592592791992,280.4215562525374,99.89086399665621,0.0,41.193125293138245,364 days,239,239,0,0.0,70.7112970711297,1141.3838334153143,-76.86111169590643,81.08780245602074,-17.00261958657264,105 days 21:43:40.118343194,79 days 16:06:51.428571429,3.081231046529711,7132.465519996655,1.865604782970553,1.7070064150224484,1.330120026187768,2.65873566380553,39,52,4,15,True,50.0,0
2018-01-01,2025-12-31,1983 days,100000.0,1570604.4527298496,1470.6044527298498,280.4215562525374,99.85447171394286,0.0,40.78584930026237,364 days,240,240,0,0.0,68.75,1141.3899274246753,-76.86111169590643,78.39057922312338,-17.228361654071197,102 days 21:14:10.909090910,81 days 15:40:48,2.7560776495752215,6127.51855304104,1.7749078391012474,1.618633910766327,1.3115422019975953,2.5234402339484983,39,52,4,15,True,30.0,0
2018-01-01,2025-12-31,1983 days,100000.0,1656756.32940048,1556.7563294004801,280.4215562525374,99.90338522492101,0.0,40.2909290930215,435 days,265,265,0,0.0,68.30188679245282,1141.5822511541396,-76.86111169590643,77.79272887047317,-16.057302618267904,107 days 01:11:36.132596684,83 days 10:34:17.142857143,3.0892877286206373,5874.552186416909,1.7633689901247378,1.6792174624479415,1.2894306141495118,2.5097389825376024,39,52,4,15,False,,0
