Ticker,3MINDIA.NS,3MINDIA.NS,3MINDIA.NS,3MINDIA.NS,3MINDIA.NS,3MINDIA.NS,ACMESOLAR.NS,ACMESOLAR.NS,ACMESOLAR.NS,ACMESOLAR.NS,ACMESOLAR.NS,ACMESOLAR.NS,360ONE.NS,360ONE.NS,360ONE.NS,360ONE.NS,360ONE.NS,360ONE.NS,ABB.NS,ABB.NS,ABB.NS,ABB.NS,ABB.NS,ABB.NS,ACC.NS,ACC.NS,ACC.NS,ACC.NS,ACC.NS,ACC.NS
Price,Open,High,Low,Close,Adj Close,Volume,Open,High,Low,Close,Adj Close,Volume,Open,High,Low,Close,Adj Close,Volume,Open,High,Low,Close,Adj Close,Volume,Open,High,Low,Close,Adj Close,Volume
Date,,,,,,,,,,,,,,,,,,,,,,,,,,,,,,
2015-01-01,6444.7998046875,7157.5498046875,6205.0,6812.7001953125,6524.7509765625,17585,,,,,,,,,,,,,1162.05908203125,1227.4249267578125,1136.0035400390625,1165.5997314453125,1117.9814453125,1678796,1400.1500244140625,1595.0,1336.199951171875,1560.449951171875,1383.09521484375,7786122
2015-02-01,6811.5498046875,8565.0,6500.0,7796.4501953125,7466.92138671875,24460,,,,,,,,,,,,,1162.05908203125,1385.6646728515625,1130.4656982421875,1279.7630615234375,1227.480712890625,2793084,1554.9000244140625,1705.0,1481.449951171875,1673.449951171875,1483.25244140625,10595392
2015-03-01,7889.9501953125,8200.0,7610.2998046875,7935.2998046875,7599.90185546875,31401,,,,,,,,,,,,,1274.6336669921875,1293.6986083984375,1072.816650390625,1143.9927978515625,1097.2569580078125,2099714,1680.0,1774.6500244140625,1538.0,1562.75,1385.1339111328125,7128129
2015-04-01,7905.0,9585.0,7537.4501953125,7958.75,7622.361328125,24284,,,,,,,,,,,,,1149.39453125,1300.507568359375,1149.34912109375,1212.7630615234375,1163.218017578125,1302540,1563.699951171875,1676.8499755859375,1428.0999755859375,1433.699951171875,1285.648681640625,6734126
2015-05-01,7958.75,8500.0,7500.0,7986.0498046875,7648.50732421875,10247,,,,,,,,,,,,,1212.7630615234375,1290.7027587890625,1165.6905517578125,1212.989990234375,1167.0440673828125,1054591,1433.699951171875,1541.8499755859375,1386.550048828125,1512.4000244140625,1356.2215576171875,6153687
2015-06-01,8390.0,9375.0,7810.0,8331.2998046875,7979.16455078125,19465,,,,,,,,,,,,,1225.6092529296875,1251.9371337890625,1125.8355712890625,1202.2772216796875,1156.737548828125,696378,1515.0,1532.0,1366.199951171875,1444.550048828125,1295.37841796875,6194444
2015-07-01,8355.0,8900.0,8005.7001953125,8688.0498046875,8320.8359375,41888,,,,,,,,,,,,,1184.9371337890625,1311.8558349609375,1184.9371337890625,1258.8369140625,1211.1546630859375,1491565,1440.0999755859375,1515.550048828125,1350.0,1387.4000244140625,1244.1300048828125,7174433
2015-08-01,8850.0,12565.0,8797.849609375,10788.9501953125,10332.9384765625,87528,,,,,,,,,,,,,1248.578125,1279.0821533203125,1020.4331665039062,1114.44189453125,1072.22900390625,950710,1384.800048828125,1454.3499755859375,1320.0,1334.8499755859375,1206.2232666015625,6873980
2015-09-01,10500.2001953125,11374.9501953125,10200.0,10948.0,10485.265625,18709,,,,,,,,,,,,,1089.430419921875,1134.8233642578125,924.744873046875,962.103271484375,925.6605834960938,986475,1321.0,1408.0,1301.5,1346.75,1216.976806640625,4581261
2015-10-01,10888.0498046875,12774.2998046875,10815.0,11675.099609375,11181.6328125,20706,,,,,,,,,,,,,966.6879272460938,1171.1376953125,949.6655883789062,1123.9744873046875,1081.400390625,1033139,1354.5,1407.449951171875,1329.199951171875,1379.5999755859375,1246.6611328125,4633758
2015-11-01,12000.0,12274.400390625,10950.0,11451.849609375,10967.8193359375,16424,,,,,,,,,,,,,1116.6661376953125,1176.1309814453125,1041.22314453125,1062.6485595703125,1022.3975219726562,1355324,1373.25,1443.0,1300.800048828125,1345.0,1215.395263671875,3837961
2015-12-01,11555.099609375,11569.400390625,10355.099609375,11397.5498046875,10915.814453125,28088,,,,,,,,,,,,,1064.5550537109375,1119.662109375,993.1066284179688,1011.8085327148438,973.483154296875,973186,1349.0,1373.1500244140625,1305.4000244140625,1360.6500244140625,1229.537353515625,3680397
2016-01-01,11396.9501953125,11455.0,9463.400390625,9881.150390625,9463.5078125,12889,,,,,,,,,,,,,1015.6669311523438,1030.7374267578125,867.1866455078125,881.62158203125,848.2274169921875,749135,1362.0,1380.4000244140625,1205.0,1240.050048828125,1120.558349609375,3354694
2016-02-01,9850.0,12162.900390625,9515.0,10382.150390625,9943.3330078125,39100,,,,,,,,,,,,,889.2476196289062,1087.61474609375,884.9806518554688,919.9332275390625,885.087890625,4335040,1245.0,1309.75,1174.0,1193.9000244140625,1078.8553466796875,3922019
2016-03-01,10499.9501953125,11025.0,10402.400390625,10724.9501953125,10271.6435546875,20263,,,,,,,,,,,,,926.015869140625,1177.3111572265625,921.6581420898438,1164.010986328125,1119.920166015625,1729043,1199.0,1400.0,1195.0,1381.9000244140625,1254.6297607421875,6544795
2016-04-01,10655.0498046875,14417.9501953125,10401.2001953125,13323.849609375,12760.697265625,64119,,,,,,,,,,,,,1157.5198974609375,1301.869384765625,1122.2041015625,1177.76513671875,1133.1536865234375,1935244,1371.25,1482.5,1371.25,1443.1500244140625,1310.239013671875,5268607
2016-05-01,13351.0,13640.0,12174.0498046875,12415.150390625,11890.4052734375,28311,,,,,,,,,,,,,1174.7691650390625,1198.37353515625,1076.1756591796875,1123.021240234375,1083.7244873046875,1410172,1442.0,1546.5,1379.300048828125,1529.050048828125,1388.2275390625,5580756
2016-06-01,12422.900390625,12950.0498046875,11900.0,12823.349609375,12281.3515625,15616,,,,,,,,,,,,,1125.7447509765625,1138.90869140625,1070.274658203125,1111.1737060546875,1072.291748046875,1320067,1535.0,1624.949951171875,1522.0,1616.050048828125,1467.215087890625,7932470
2016-07-01,12800.0,15250.0,12800.0,14619.650390625,14001.7275390625,27540,,,,,,,,,,,,,1116.6661376953125,1202.0048828125,1093.0618896484375,1148.1689453125,1107.9923095703125,1842894,1618.3499755859375,1718.0,1569.050048828125,1688.699951171875,1533.1741943359375,6154641
2016-08-01,14730.0,14800.0,12858.0498046875,12880.7998046875,12336.373046875,30817,,,,,,,,,,,,,1157.5198974609375,1162.1044921875,1036.0029296875,1051.7088623046875,1014.9078369140625,767261,1695.550048828125,1736.4000244140625,1584.0,1709.800048828125,1552.3310546875,5841445
2016-09-01,12806.0,13500.0,12600.0,12883.900390625,12339.3427734375,25702,,,,,,,,,,,,,1053.0252685546875,1089.2943115234375,1004.9995727539062,1036.683837890625,1000.4083251953125,891023,1668.0,1715.0,1570.25,1599.8499755859375,1462.0296630859375,5499907
2016-10-01,12883.900390625,13520.0,12883.900390625,13018.2998046875,12468.0615234375,13133,,,,,,,,,,,,,1044.0374755859375,1078.49072265625,936.4562377929688,988.7489013671875,954.1506958007812,1302175,1615.0,1674.0,1508.5999755859375,1516.699951171875,1386.0426025390625,5967024
2016-11-01,13370.0,13370.0,10974.0,11293.4501953125,10816.115234375,21594,,,,,,,,,,,,,1006.5429077148438,1020.1608276367188,845.5341796875,963.328857421875,929.6201782226562,887567,1514.699951171875,1528.699951171875,1256.550048828125,1342.4000244140625,1226.7579345703125,7352760
2016-12-01,11186.0,11399.9501953125,10008.7998046875,11123.099609375,10652.9638671875,21824,,,,,,,,,,,,,962.1940307617188,980.4873657226562,923.7916259765625,947.5775146484375,914.419921875,406249,1349.0999755859375,1385.0,1269.550048828125,1331.050048828125,1216.3858642578125,4637547
2017-01-01,11199.900390625,12840.0,10780.0,11957.5,11452.09765625,15958,,,,,,,,,,,,,959.425048828125,1088.5225830078125,934.32275390625,994.83154296875,960.0205078125,2682175,1340.0,1440.0,1314.050048828125,1413.5,1291.7327880859375,6827492
2017-02-01,12010.5498046875,12100.0498046875,11000.0,11164.7998046875,10692.90234375,16582,,,,,,,,,,,,,994.1052856445312,1148.4412841796875,991.9263916015625,1087.7962646484375,1049.732421875,2118182,1416.0,1512.050048828125,1402.0,1411.5,1289.9051513671875,6913311
2017-03-01,11279.25,12000.0,10705.0,11567.5498046875,11078.62890625,28329,,,,,,,,,,,,,1088.5225830078125,1172.9534912109375,1071.2733154296875,1161.9683837890625,1121.308837890625,1567969,1416.0,1450.0,1380.4000244140625,1446.050048828125,1321.4791259765625,7014523
2017-04-01,11760.0,12231.0,11400.0,11499.7001953125,11013.6474609375,25018,,,,,,,,,,,,,1166.598388671875,1347.2623291015625,1164.3287353515625,1279.7176513671875,1234.937744140625,2974008,1470.0,1644.8499755859375,1453.1500244140625,1626.550048828125,1492.7352294921875,8450339
2017-05-01,11499.7001953125,14490.0,11265.0,13835.2001953125,13250.43359375,121377,,,,,,,,,,,,,1279.7176513671875,1470.7310791015625,1264.8287353515625,1325.110595703125,1282.71142578125,4469857,1626.550048828125,1756.699951171875,1570.0,1637.050048828125,1502.37158203125,8802222
2017-06-01,13972.9501953125,14999.0,12920.0,13236.5,12677.0390625,27490,,,,,,,,,,,,,1324.20263671875,1415.3516845703125,1249.213623046875,1316.9852294921875,1274.845947265625,1503939,1632.199951171875,1674.1500244140625,1541.25,1568.050048828125,1439.0479736328125,6352257
2017-07-01,13399.900390625,14040.0,13152.0,13378.25,12812.7978515625,20132,,,,,,,,,,,,,1319.754150390625,1406.86328125,1226.5625,1290.0672607421875,1248.7890625,3422761,1569.9000244140625,1809.0,1566.949951171875,1733.199951171875,1590.6112060546875,11438701
2017-08-01,13375.0,14900.0,12950.0,14743.7998046875,14120.6298828125,35733,,,,,,,,,,,,,1301.823974609375,1307.3165283203125,1182.031982421875,1216.802978515625,1177.8690185546875,984599,1743.0,1837.550048828125,1712.5,1800.25,1662.7489013671875,8420508
2017-09-01,14780.0,14780.0,14000.0,14301.400390625,13696.9296875,23844,,,,,,,,,,,,,1228.514404296875,1355.4329833984375,1179.1268310546875,1270.0035400390625,1229.367431640625,2064391,1794.0,1869.949951171875,1580.0,1656.9000244140625,1530.3477783203125,10795036
2017-10-01,14301.400390625,14739.099609375,14000.099609375,14190.2998046875,13590.525390625,16540,,,,,,,,,,,,,1270.0035400390625,1291.610595703125,1207.4520263671875,1258.156005859375,1217.899169921875,1714426,1656.9000244140625,1837.0,1633.5999755859375,1809.5,1671.2926025390625,8399423
2017-11-01,14335.7998046875,16975.0,14250.0,15441.150390625,14788.5068359375,37473,,,,,,,,,,,,,1271.002197265625,1314.579345703125,1184.846435546875,1269.9127197265625,1229.2794189453125,1082309,1815.0,1835.0,1662.050048828125,1667.9000244140625,1540.5076904296875,6993913
2017-12-01,15530.0,20100.0,15100.0,19126.44921875,18318.041015625,49417,,,,,,,,,,,,,1265.6004638671875,1307.2257080078125,1213.80712890625,1273.635009765625,1232.8826904296875,1134718,1672.4000244140625,1774.3499755859375,1655.5,1758.4000244140625,1624.0953369140625,7919458
2018-01-01,18901.0,19990.0,17551.0,18796.150390625,18001.701171875,52918,,,,,,,,,,,,,1281.896484375,1531.5576171875,1261.968994140625,1500.8719482421875,1452.848876953125,2796202,1763.949951171875,1857.449951171875,1700.050048828125,1715.25,1584.240966796875,6313022
2018-02-01,18995.0,22709.30078125,17755.55078125,20717.400390625,19841.74609375,90960,,,,,,,,,,,,,1497.966796875,1588.0264892578125,1335.6417236328125,1390.612548828125,1346.117431640625,1493676,1723.0,1744.8499755859375,1565.0,1623.050048828125,1499.0833740234375,7458451
2018-03-01,20830.349609375,21670.25,18750.099609375,19412.849609375,18592.3359375,33008,,,,,,,,,,,,,1379.9451904296875,1405.8192138671875,1150.48388671875,1175.3592529296875,1137.7518310546875,1280657,1624.9000244140625,1642.9000244140625,1498.949951171875,1507.5,1392.3587646484375,5458094
2018-04-01,19400.25,21135.94921875,19400.25,20524.099609375,19656.6171875,29899,,,,,,,,,,,,,1199.9168701171875,1256.4764404296875,1133.0076904296875,1233.3260498046875,1193.86376953125,2161473,1509.4000244140625,1629.0,1509.4000244140625,1587.1500244140625,1465.9254150390625,5997525
2018-05-01,20524.099609375,21030.0,19198.69921875,19543.599609375,18717.560546875,49195,,,,,,,,,,,,,1233.3260498046875,1243.6302490234375,1050.07470703125,1118.345703125,1086.4864501953125,2065302,1587.1500244140625,1595.300048828125,1290.0,1354.5999755859375,1251.1370849609375,13366347
2018-06-01,19600.0,20298.0,18251.0,19637.099609375,18807.107421875,32785,,,,,,,,,,,,,1118.981201171875,1191.79150390625,1043.129638671875,1069.9114990234375,1039.4320068359375,1130261,1361.0,1371.0,1260.1500244140625,1339.9000244140625,1250.859619140625,11839573
2018-07-01,19376.69921875,24812.0,19338.150390625,23420.900390625,22430.98046875,51654,,,,,,,,,,,,,1077.900634765625,1143.8111572265625,1024.972412109375,1106.089599609375,1074.57958984375,1287991,1339.949951171875,1552.0,1255.6500244140625,1529.75,1428.09326171875,21501084
2018-08-01,23501.05078125,26459.19921875,23220.0,25945.0,24848.39453125,102267,,,,,,,,,,,,,1106.089599609375,1239.2271728515625,1074.2237548828125,1187.84228515625,1154.0032958984375,2469372,1535.0,1669.550048828125,1499.050048828125,1638.75,1529.849853515625,13294200
2018-09-01,26049.900390625,26662.0,22101.0,22568.05078125,21614.17578125,39997,,,,,,,,,,,,,1207.361328125,1377.2216796875,1135.731201171875,1279.899169921875,1243.437744140625,3804150,1631.0,1678.9000244140625,1433.050048828125,1552.3499755859375,1449.19140625,11820084
2018-10-01,22500.0,23800.0,19015.0,19842.75,19004.06640625,47051,,,,,,,,,,,,,1265.10107421875,1329.0596923828125,1080.351806640625,1161.2874755859375,1128.2049560546875,2182247,1556.0,1588.199951171875,1322.550048828125,1374.800048828125,1283.4403076171875,19262126
2018-11-01,19720.0,21701.0,19300.0,21634.0,20719.60546875,22475,,,,,,,,,,,,,1171.1376953125,1286.93505859375,1164.646484375,1278.9005126953125,1242.467529296875,2601952,1384.0,1528.0,1378.0999755859375,1485.5,1386.78369140625,11681615
2018-12-01,21680.0,23795.0,19644.0,20824.400390625,19944.224609375,76220,,,,,,,,,,,,,1280.080810546875,1329.1051025390625,1162.14990234375,1213.580078125,1179.008056640625,3509165,1497.0,1573.0,1385.0,1508.0999755859375,1407.882080078125,11323549
2019-01-01,20854.94921875,21176.0,19801.599609375,20151.599609375,19299.861328125,43004,,,,,,,,,,,,,1211.9913330078125,1232.8720703125,1100.32470703125,1155.068603515625,1122.1632080078125,2148582,1516.9000244140625,1516.9000244140625,1339.4000244140625,1423.3499755859375,1328.763916015625,10485774
2019-02-01,20160.0,24500.0,20160.0,22896.25,21928.50390625,55802,,,,,,,,,,,,,1171.1376953125,1175.677001953125,1107.587646484375,1113.988037109375,1082.2529296875,2191559,1416.300048828125,1457.300048828125,1326.0,1422.300048828125,1327.7838134765625,16857574
2019-03-01,23098.650390625,25100.0,22927.0,24260.849609375,23235.427734375,147308,,,,,,,,,,,,,1131.1011962890625,1224.701416015625,1109.6302490234375,1194.7420654296875,1160.7064208984375,3347324,1422.300048828125,1679.8499755859375,1420.300048828125,1666.300048828125,1555.5692138671875,18956439
2019-04-01,24270.0,25439.94921875,22665.0,22926.69921875,21957.666015625,62256,,,,,,,,,,,,,1198.37353515625,1366.327392578125,1187.4791259765625,1342.995361328125,1304.736328125,2405986,1673.0,1723.4000244140625,1570.0,1632.050048828125,1538.12841796875,20442720
2019-05-01,22926.69921875,24254.94921875,21910.0,22741.80078125,21780.58203125,38848,,,,,,,,,,,,,1342.995361328125,1470.6856689453125,1190.47509765625,1424.70263671875,1389.0303955078125,2726928,1632.050048828125,1769.050048828125,1541.0,1686.0,1588.9737548828125,14111220
2019-06-01,22718.900390625,23979.849609375,22000.0,23215.80078125,22234.548828125,26731,,,,,,,,,,,,,1426.3367919921875,1488.8883056640625,1361.83349609375,1454.7982177734375,1418.3724365234375,2120528,1696.8499755859375,1735.8499755859375,1470.0999755859375,1562.1500244140625,1472.2508544921875,11627435
2019-07-01,23210.0,23500.0,20669.25,21107.900390625,20215.7421875,28252,,,,,,,,,,,,,1452.6646728515625,1516.1240234375,1214.6241455078125,1237.502197265625,1206.51708984375,3117393,1565.050048828125,1647.550048828125,1480.6500244140625,1560.4000244140625,1470.6015625,22933279
2019-08-01,21211.94921875,21850.05078125,20100.0,20233.44921875,19378.251953125,24915,,,,,,,,,,,,,1233.780029296875,1298.101806640625,1190.65673828125,1215.1234130859375,1184.6986083984375,1295547,1554.699951171875,1617.0,1441.5999755859375,1519.8499755859375,1432.3853759765625,14842785
2019-09-01,20233.44921875,21000.0,16749.94921875,20671.05078125,19797.357421875,383506,,,,,,,302.5,386.04998779296875,302.5,308.76251220703125,253.6239776611328,20124032.0,1215.1234130859375,1453.4818115234375,1189.294921875,1375.7236328125,1341.2777099609375,2964718,1519.8499755859375,1709.0,1423.8499755859375,1608.1500244140625,1515.603759765625,15027045
2019-10-01,20781.0,23267.0,19551.05078125,22488.19921875,21537.69921875,332838,,,,,,,300.75,335.0,271.25,331.86248779296875,272.59869384765625,2303416.0,1389.0238037109375,1434.416748046875,1308.814453125,1324.20263671875,1291.046875,2075259,1611.6500244140625,1627.4000244140625,1416.449951171875,1568.050048828125,1477.8114013671875,18563017
2019-11-01,22497.5,22844.0,22002.0,22241.75,21301.66796875,31500,,,,,,,331.25,338.25,301.5249938964844,327.8500061035156,271.3738708496094,837100.0,1324.20263671875,1396.28662109375,1273.7257080078125,1314.3978271484375,1281.487548828125,2226499,1573.0,1590.5,1462.199951171875,1522.1500244140625,1434.552734375,14820351
2019-12-01,22399.0,22469.0,20700.0,21304.69921875,20404.22265625,23707,,,,,,,330.0,330.0,231.0,283.4624938964844,234.6326904296875,752396.0,1311.8558349609375,1382.6688232421875,1200.0,1285.25,1253.069580078125,1590540,1521.0,1546.800048828125,1401.1500244140625,1445.6500244140625,1362.4552001953125,10662151
2020-01-01,21350.69921875,24139.900390625,20855.0,22981.25,22009.912109375,65900,,,,,,,283.42498779296875,349.75,269.0375061035156,334.73748779296875,277.0749816894531,1329476.0,1296.949951171875,1411.0,1275.0,1310.699951171875,1277.8819580078125,1068582,1452.5,1579.5999755859375,1430.550048828125,1504.5999755859375,1418.0128173828125,16534790
2020-02-01,22990.0,25200.0,20300.0,20575.25,19705.603515625,130929,,,,,,,331.48748779296875,415.98748779296875,316.5249938964844,365.98748779296875,305.28125,3198008.0,1313.0,1379.0,1175.0,1185.0,1155.32958984375,1340394,1506.4000244140625,1528.0,1312.050048828125,1320.8499755859375,1244.8372802734375,16239685
2020-03-01,20805.0,24349.900390625,15700.0,18827.94921875,18032.15625,297664,,,,,,,373.5,386.73748779296875,180.0,251.4499969482422,209.7420654296875,4225852.0,1185.0,1221.0,801.0,935.4000244140625,911.9791870117188,1842332,1340.449951171875,1356.449951171875,895.1500244140625,968.5,912.764404296875,23579765
2020-04-01,19080.05078125,19999.0,17175.0,19400.19921875,18580.220703125,134291,,,,,,,252.5,272.61248779296875,212.25,238.2624969482422,198.74197387695312,1047380.0,935.4000244140625,1050.0,868.0,900.5499877929688,878.0015869140625,1622128,964.7999877929688,1244.0,936.9500122070312,1179.0999755859375,1111.24462890625,36419343
2020-05-01,19400.19921875,19400.19921875,16745.0,18299.150390625,17525.70703125,56608,,,,,,,238.2624969482422,259.4375,202.5,211.14999389648438,176.1265869140625,519952.0,900.5499877929688,900.5499877929688,722.0,744.25,725.6151733398438,2223764,1179.0999755859375,1297.949951171875,1117.199951171875,1270.199951171875,1197.10205078125,28216091
2020-06-01,18290.0,19237.94921875,17000.05078125,18795.25,18000.83984375,213606,,,,,,,209.1875,298.75,209.1875,255.4375,213.06820678710938,2370800.0,757.0,948.75,754.4000244140625,941.1500244140625,917.5851440429688,6904989,1283.0,1335.5999755859375,1180.0,1332.25,1271.268310546875,23950462
2020-07-01,18940.0,21900.0,18350.0,21078.0,20187.10546875,121620,,,,,,,253.35000610351562,275.17498779296875,226.97500610351562,267.5625,223.1820068359375,1731304.0,939.0499877929688,1017.0,862.5999755859375,894.9500122070312,872.5419311523438,3793977,1339.949951171875,1454.9000244140625,1253.0,1425.449951171875,1360.2021484375,34440239
2020-08-01,21396.75,22500.0,20150.0,20264.44921875,19407.94140625,75602,,,,,,,267.75,322.25,247.75,255.875,213.43312072753906,2186008.0,900.0999755859375,1009.0,869.4500122070312,950.75,931.8829956054688,4409133,1423.4000244140625,1452.949951171875,1313.050048828125,1321.800048828125,1261.2967529296875,15414675
2020-09-01,20300.0,20583.599609375,18024.25,18307.150390625,17533.37109375,97229,,,,,,,255.8625030517578,259.875,230.08749389648438,240.4375,207.8574676513672,5914480.0,952.2000122070312,990.7999877929688,846.5999755859375,859.5,842.4437866210938,4337164,1323.050048828125,1438.050048828125,1289.0,1393.449951171875,1329.6669921875,20375606
2020-10-01,18450.0,19549.94921875,18151.05078125,18675.349609375,17886.005859375,59585,,,,,,,238.25,248.25,214.22500610351562,229.9875030517578,198.823486328125,2958528.0,866.0499877929688,937.2000122070312,848.0,893.7000122070312,875.9650268554688,2842821,1410.0,1700.0,1396.0,1649.0,1573.5196533203125,39034937
2020-11-01,18675.30078125,22894.0,18400.0,21866.900390625,20942.662109375,182371,,,,,,,231.7375030517578,257.5249938964844,220.5124969482422,253.91250610351562,219.50656127929688,3933656.0,888.0,1163.0,868.5999755859375,1073.75,1052.442138671875,3558889,1649.0,1757.0,1630.0,1705.050048828125,1627.00390625,34496684
2020-12-01,21877.80078125,23200.0,20711.0,20830.55078125,19950.115234375,106076,,,,,,,255.16250610351562,272.4750061035156,240.25,252.96249389648438,218.68528747558594,2490988.0,1081.1500244140625,1260.0,1073.8499755859375,1212.050048828125,1187.99755859375,4994432,1738.0,1785.0,1485.0,1617.6500244140625,1543.604736328125,35812121
2021-01-01,20830.69921875,22100.0,18928.75,19161.5,18351.609375,145317,,,,,,,254.1999969482422,274.9750061035156,247.46249389648438,253.47500610351562,219.12835693359375,3438324.0,1212.0,1419.449951171875,1212.0,1388.300048828125,1360.750244140625,3800355,1617.199951171875,1814.0,1593.4000244140625,1603.8499755859375,1530.4364013671875,24114833
2021-02-01,19388.0,23223.75,18777.0,22832.75,21867.689453125,197233,,,,,,,251.5,330.0,251.5,303.1000061035156,262.0290222167969,5127184.0,1388.300048828125,1635.0,1357.1500244140625,1528.1500244140625,1497.8248291015625,4306519,1625.0,1847.0,1584.199951171875,1733.199951171875,1653.865478515625,25190106
2021-03-01,23175.0,30848.0,23174.900390625,30436.650390625,29150.19921875,179480,,,,,,,311.20001220703125,314.98748779296875,285.54998779296875,309.8500061035156,274.6303405761719,2479208.0,1547.0,1559.8499755859375,1330.199951171875,1410.050048828125,1382.0684814453125,2056880,1754.4000244140625,1925.0,1692.0,1903.25,1816.1317138671875,24142758
2021-04-01,30265.0,31000.0,25100.099609375,25537.94921875,24458.548828125,102842,,,,,,,310.25,339.5,265.375,281.8374938964844,249.80189514160156,2948164.0,1413.800048828125,1436.25,1298.550048828125,1381.25,1353.8399658203125,3232095,1920.0,2022.8499755859375,1782.25,1882.75,1810.1807861328125,24092373
2021-05-01,25500.0,27200.0,24186.0,25536.150390625,24456.826171875,79964,,,,,,,283.70001220703125,324.75,266.25,296.4125061035156,262.72021484375,5309600.0,1385.5999755859375,1730.0,1352.050048828125,1668.8499755859375,1641.718505859375,4335719,1860.0,2040.0,1853.199951171875,1986.050048828125,1909.499267578125,12770734
2021-06-01,25700.0,26648.69921875,24280.0,24331.55078125,23303.140625,55880,,,,,,,297.4750061035156,300.25,275.26251220703125,291.0874938964844,258.0005187988281,4662504.0,1685.0,1857.0,1601.0,1808.199951171875,1778.802978515625,5317616,1990.0,2078.0,1959.75,2014.800048828125,1937.1412353515625,8138176
2021-07-01,24360.0,25011.05078125,23905.0,24660.900390625,23618.568359375,51494,,,,,,,292.4750061035156,372.0,282.5,352.82501220703125,312.7205505371094,6519012.0,1816.0,1840.0,1624.050048828125,1699.1500244140625,1671.52587890625,2747346,2021.800048828125,2415.0,1975.0,2394.10009765625,2301.821533203125,20906266
2021-08-01,24874.0,24966.150390625,22575.25,24391.44921875,23360.5078125,140160,,,,,,,362.2250061035156,419.6875,336.04998779296875,405.48748779296875,359.3970031738281,22810580.0,1702.199951171875,1925.0,1618.050048828125,1895.75,1864.9296875,3163169,2395.0,2454.949951171875,2230.550048828125,2413.199951171875,2320.184814453125,9749014
2021-09-01,24391.44921875,26000.0,24001.25,24832.5,23782.916015625,110412,,,,,,,409.9375,431.25,382.9624938964844,393.0,356.0570373535156,6000292.0,1910.0,1943.9000244140625,1790.0,1870.5999755859375,1840.1883544921875,3076306,2420.0,2509.0,2245.10009765625,2254.5,2167.60205078125,7649247
2021-10-01,24800.0,26549.75,24500.0,25400.69921875,24327.099609375,145715,,,,,,,400.0,446.3500061035156,371.5249938964844,407.4750061035156,369.1713562011719,6465192.0,1870.0,2153.75,1800.0,2119.89990234375,2085.435546875,5079984,2237.0,2364.0,2142.050048828125,2333.39990234375,2243.4609375,13665371
2021-11-01,25522.0,27800.0,23947.849609375,25034.400390625,23976.28125,56418,,,,,,,411.25,444.25,358.375,372.5,337.4841003417969,2649516.0,2105.0,2232.0,1954.050048828125,2061.85009765625,2028.3294677734375,4495326,2345.050048828125,2589.0,2240.0,2286.39990234375,2198.2724609375,6994019
2021-12-01,25300.0,26599.400390625,23760.0,25360.80078125,24288.88671875,72477,,,,,,,372.5,402.45001220703125,323.75,354.9125061035156,325.6827697753906,27416572.0,2056.0,2375.0,2008.300048828125,2233.60009765625,2197.287109375,5712165,2296.0,2340.85009765625,2087.800048828125,2215.75,2130.345703125,7293893
2022-01-01,25448.0,25970.0,23800.0,24989.900390625,23933.6640625,59786,,,,,,,352.5,416.61248779296875,349.76251220703125,400.29998779296875,367.3322448730469,6058176.0,2251.449951171875,2468.10009765625,2135.89990234375,2301.050048828125,2263.640625,5786329,2220.199951171875,2392.89990234375,2120.050048828125,2285.75,2197.6474609375,7885961
2022-02-01,24989.900390625,26943.0,20300.0,21208.400390625,20311.99609375,58776,,,,,,,402.3125,426.2250061035156,362.48748779296875,382.88751220703125,351.3537902832031,5599924.0,2311.85009765625,2377.199951171875,2000.0,2159.449951171875,2124.342529296875,5953756,2300.050048828125,2355.0,2002.0,2089.14990234375,2008.625244140625,6991678
2022-03-01,21208.400390625,21480.0,19374.099609375,19697.30078125,18864.763671875,151027,,,,,,,382.88751220703125,448.75,355.9750061035156,417.2250061035156,382.8633728027344,8196280.0,2159.449951171875,2239.0,1944.5999755859375,2157.949951171875,2122.866943359375,5225816,2089.14990234375,2172.699951171875,1900.0,2151.35009765625,2068.427978515625,10185107
2022-04-01,19710.0,21800.0,19680.0,19964.55078125,19120.71875,50942,,,,,,,435.0,477.07501220703125,414.3999938964844,430.2875061035156,394.85009765625,8155580.0,2155.0,2264.949951171875,2038.0,2096.550048828125,2062.46533203125,2622346,2148.0,2397.0,2023.550048828125,2328.89990234375,2239.13427734375,19424760
2022-05-01,19806.599609375,20899.0,17273.0,20193.80078125,19340.279296875,151988,,,,,,,417.375,457.75,357.5,391.6000061035156,359.3487243652344,3271372.0,2090.0,2468.0,2000.0,2427.25,2393.750732421875,9173116,2314.0,2363.35009765625,2099.050048828125,2198.39990234375,2172.23681640625,12847640
2022-06-01,20200.0,22857.900390625,19411.0,21854.05078125,20930.35546875,219470,,,,,,,382.13751220703125,397.76251220703125,308.95001220703125,370.26251220703125,339.7685546875,6214356.0,2427.25,2487.85009765625,2120.0,2300.89990234375,2269.144287109375,4148390,2205.89990234375,2216.85009765625,2047.0999755859375,2121.949951171875,2096.69677734375,8094011
2022-07-01,21950.0,23600.0,21126.05078125,22742.80078125,21781.541015625,57053,,,,,,,372.125,431.25,364.73748779296875,417.98748779296875,388.52374267578125,3354860.0,2260.35009765625,2835.0,2260.35009765625,2736.14990234375,2698.387451171875,7915657,2122.949951171875,2238.89990234375,2100.35009765625,2227.39990234375,2200.8916015625,6468596
2022-08-01,22752.0,24100.0,22000.05078125,23314.349609375,22328.93359375,123696,,,,,,,419.0249938964844,427.5,405.54998779296875,419.36248779296875,389.80181884765625,1840352.0,2744.0,3273.25,2642.0,3262.75,3217.71923828125,10072492,2232.0,2367.75,2194.85009765625,2299.699951171875,2272.3310546875,8395962
2022-09-01,23489.0,24850.0,22550.150390625,24606.30078125,23566.27734375,114080,,,,,,,415.17498779296875,486.25,412.54998779296875,460.07501220703125,431.5159606933594,4926020.0,3254.89990234375,3446.300048828125,2966.050048828125,3088.39990234375,3045.776123046875,8166921,2294.699951171875,2785.0,2276.199951171875,2415.64990234375,2386.9013671875,39919664
2022-10-01,24900.0,25209.0,22506.599609375,23288.30078125,22303.984375,62145,,,,,,,459.79998779296875,475.0,426.42498779296875,442.8500061035156,415.36016845703125,3014048.0,3074.75,3335.0,2945.0,3049.75,3007.659423828125,6002706,2419.800048828125,2434.89990234375,2205.300048828125,2390.300048828125,2361.853271484375,12245428
2022-11-01,23288.80078125,24900.0,22291.0,23353.5,22366.42578125,108365,,,,,,,444.0625,481.0,427.5,457.13751220703125,432.8592529296875,4348848.0,3072.449951171875,3292.0,2979.0,3000.699951171875,2959.2861328125,14590911,2399.0,2570.0,2378.75,2563.25,2532.7451171875,10780256
2022-12-01,23549.0,23549.0,21900.0,21943.099609375,21776.880859375,40864,,,,,,,459.4750061035156,478.61248779296875,431.6499938964844,444.125,420.5378723144531,21675904.0,3009.949951171875,3035.800048828125,2640.0,2683.0,2645.970703125,5901855,2568.0,2675.0,2356.39990234375,2441.60009765625,2412.542724609375,8456437
2023-01-01,22130.0,23685.849609375,21300.44921875,23329.05078125,23152.33203125,56424,,,,,,,444.26251220703125,490.0,425.5,456.7749938964844,432.5159912109375,6532240.0,2685.0,2979.0,2662.5,2839.5,2800.31103515625,4581131,2440.0,2488.0,1732.5999755859375,1968.300048828125,1944.87548828125,15957707
2023-02-01,23329.05078125,23994.94921875,21500.0,22888.849609375,22715.466796875,241046,,,,,,,456.82501220703125,487.25,427.0,430.86248779296875,411.7196350097656,3573268.0,2860.0,3247.0,2752.050048828125,3217.35009765625,3172.9462890625,7967821,1999.5,2065.64990234375,1659.0,1731.699951171875,1711.0911865234375,31678144
2023-03-01,22750.0,23888.0,21730.0,22963.849609375,22789.8984375,70403,,,,,,,432.61248779296875,489.95001220703125,395.1000061035156,430.70001220703125,411.5643310546875,3947889.0,3232.0,3434.0,3206.699951171875,3365.14990234375,3318.7060546875,6986394,1739.699951171875,1932.300048828125,1592.3499755859375,1667.199951171875,1647.358642578125,15402177
2023-04-01,23189.94921875,23409.94921875,22125.25,22548.19921875,22377.396484375,65255,,,,,,,427.0,444.3999938964844,395.79998779296875,419.8500061035156,401.1964111328125,10960386.0,3388.0,3467.949951171875,3141.14990234375,3417.949951171875,3370.777587890625,6185884,1675.0,1789.0,1651.5999755859375,1762.8499755859375,1741.8704833984375,7684601
2023-05-01,22548.19921875,25319.0,22201.0,25153.44921875,24962.912109375,95053,,,,,,,419.8500061035156,423.8999938964844,398.0,418.5,399.9063720703125,8397289.0,3417.949951171875,4299.0,3390.39990234375,4125.89990234375,4075.549072265625,8581785,1762.8499755859375,1867.0,1704.449951171875,1777.199951171875,1756.049560546875,15329218
2023-06-01,25153.44921875,28500.0,25014.099609375,27012.69921875,26808.076171875,83592,,,,,,,419.1000061035156,470.5,415.0,455.0,439.14453125,12032927.0,4131.5498046875,4444.0,3936.800048828125,4423.0,4369.0234375,5203600,1782.0,1870.0,1754.0,1813.699951171875,1792.1151123046875,11547364
2023-07-01,27298.94921875,29190.0,26754.099609375,28922.55078125,28703.462890625,73743,,,,,,,455.0,545.0,454.04998779296875,521.6500244140625,503.47198486328125,5224652.0,4450.0,4614.35009765625,4141.10009765625,4552.7998046875,4497.23974609375,6531233,1823.949951171875,2031.0,1762.6500244140625,2017.9000244140625,1993.8851318359375,15544618
2023-08-01,28987.0,31989.0,26628.0,31153.55078125,31027.439453125,101487,,,,,,,525.0,526.9000244140625,482.5,487.3500061035156,474.0676574707031,5606235.0,4578.75,4589.2998046875,4220.2001953125,4381.5498046875,4328.0791015625,5472696,2014.699951171875,2052.5,1880.0,2005.75,1992.0018310546875,18465572
2023-09-01,31400.0,33250.0,29610.0,31805.849609375,31677.09765625,85410,,,,,,,494.70001220703125,570.0,475.0,502.1000061035156,488.4156494140625,17283259.0,4381.35009765625,4678.0,4087.699951171875,4098.25,4053.376953125,5519770,2000.0,2104.0,1965.25,2012.25,1998.457275390625,10649861
2023-10-01,31805.849609375,32064.75,28870.0,29762.69921875,29642.21875,40590,,,,,,,502.1000061035156,555.2000122070312,487.54998779296875,525.0999755859375,510.788818359375,10295030.0,4098.25,4339.39990234375,3850.0,4109.2998046875,4064.305908203125,5101925,2012.25,2056.949951171875,1867.3499755859375,1888.199951171875,1875.257568359375,6857163
2023-11-01,29829.099609375,32409.349609375,29590.5,31037.80078125,30912.158203125,56374,,,,,,,524.7999877929688,580.0,518.0999755859375,572.25,556.65380859375,7543363.0,4120.0,4465.0,4044.89990234375,4419.75,4371.3564453125,4566584,1890.0,1897.3499755859375,1803.0,1875.550048828125,1862.6943359375,7958966
2023-12-01,31101.0,39876.1015625,30469.55078125,37309.1484375,37158.12109375,212694,,,,,,,575.0,735.0,574.4500122070312,709.8499755859375,695.6028442382812,27954017.0,4449.0,4957.0,4375.7998046875,4674.85009765625,4623.6640625,5694232,1899.050048828125,2254.0,1885.9000244140625,2211.25,2196.09326171875,16510285
2024-01-01,37000.0,37500.0,33305.0,34408.3515625,34269.06640625,103730,,,,,,,709.8499755859375,714.4000244140625,591.5,620.0499877929688,607.6051025390625,7351429.0,4674.85009765625,4990.0498046875,4600.0,4671.60009765625,4620.44970703125,4081619,2212.0,2584.0,2190.0,2544.300048828125,2526.860595703125,13688974
2024-02-01,34450.8515625,34587.1484375,30250.099609375,31977.650390625,31848.203125,105187,,,,,,,621.0,788.9500122070312,597.25,718.9500122070312,709.5870971679688,12748367.0,4692.0,5552.0,4340.2998046875,5444.9501953125,5385.33203125,17174793,2553.39990234375,2746.39990234375,2469.25,2629.300048828125,2611.27783203125,9674457
2024-03-01,32275.0,32275.0,29203.400390625,31193.349609375,31067.078125,114709,,,,,,,723.0,743.8499755859375,647.0,675.5999755859375,666.8016357421875,6410397.0,5498.0,6471.9501953125,5455.0,6360.85009765625,6291.203125,8542218,2650.0,2723.14990234375,2347.199951171875,2491.699951171875,2474.62109375,5272652
2024-04-01,30800.0,31449.94921875,28907.05078125,30468.099609375,30344.763671875,91758,,,,,,,685.0,900.9500122070312,677.2999877929688,784.0499877929688,773.8392944335938,23447315.0,6422.4501953125,6773.10009765625,6245.0,6540.75,6469.13330078125,6832717,2510.0,2666.699951171875,2368.0,2531.800048828125,2514.446044921875,10554137
2024-05-01,30468.099609375,35545.25,28498.94921875,33385.0,33249.85546875,348409,,,,,,,784.0499877929688,829.9000244140625,716.25,776.1500244140625,766.0421752929688,9117546.0,6585.0,8599.7998046875,6545.0,8317.9501953125,8226.875,11907665,2531.800048828125,2662.800048828125,2331.550048828125,2546.39990234375,2528.94580078125,10020806
2024-06-01,34100.0,38501.0,30453.80078125,36804.30078125,36655.31640625,180739,,,,,,,809.0,1065.0,691.4000244140625,980.1500244140625,971.7232666015625,21977033.0,8500.5,9149.9501953125,6982.39990234375,8490.900390625,8427.947265625,10478389,2670.0,2714.0,2150.0,2619.050048828125,2601.09814453125,11086696
2024-07-01,37350.6015625,40856.5,37018.8984375,39285.80078125,39126.76953125,174216,,,,,,,995.0,1139.0999755859375,920.2000122070312,1132.300048828125,1122.565185546875,14118453.0,8490.900390625,8808.7001953125,7053.2001953125,7896.85009765625,7838.3017578125,6544844,2634.75,2844.0,2525.0,2590.64990234375,2580.234375,11552048
2024-08-01,39415.44921875,39949.0,34778.0,35663.6484375,35663.6484375,114876,,,,,,,1129.800048828125,1215.0,982.4000244140625,1073.0,1063.7750244140625,16227403.0,7896.85009765625,8263.75,7236.7998046875,7936.0498046875,7877.21044921875,7317680,2590.0,2590.550048828125,2267.699951171875,2329.14990234375,2319.785888671875,7730225
2024-09-01,35750.0,36244.0,33444.05078125,33834.0,33834.0,128187,,,,,,,1080.0,1134.800048828125,1016.9500122070312,1039.5999755859375,1033.2603759765625,10204236.0,7945.0,8214.0,7350.0498046875,8055.0,8006.1376953125,5507174,2338.800048828125,2544.89990234375,2318.0,2513.449951171875,2503.344970703125,8417315
2024-10-01,34306.8984375,36147.69921875,33131.6015625,36047.6015625,36047.6015625,100139,,,,,,,1040.0,1143.6500244140625,940.0,1090.5,1083.8499755859375,21015583.0,8100.0,8940.599609375,7200.0498046875,7429.4501953125,7384.38232421875,7697042,2514.0,2519.39990234375,2187.550048828125,2320.39990234375,2311.071044921875,6996470
2024-11-01,36130.1484375,37133.75,30629.0,32245.30078125,32245.30078125,101574,251.0,288.0,227.85000610351562,274.29998779296875,274.0377502441406,64275230.0,1095.050048828125,1148.8499755859375,1001.0499877929688,1115.050048828125,1108.250244140625,8977106.0,7474.0,7540.10009765625,6605.0,7421.25,7376.23193359375,9817044,2339.0,2367.0,1868.199951171875,2222.550048828125,2213.614501953125,9082798
2024-12-01,32245.30078125,32301.55078125,30079.05078125,30393.150390625,30393.150390625,102989,271.0,292.3999938964844,224.0500030517578,235.64999389648438,235.42471313476562,41115696.0,1115.0,1312.0999755859375,1094.0,1254.800048828125,1247.1480712890625,14258135.0,7378.0,7960.0,6668.10009765625,6912.25,6870.31982421875,6054981,2239.89990234375,2314.89990234375,2030.4000244140625,2052.5,2044.2481689453125,5981449
2025-01-01,30400.0,31685.849609375,28412.0,29892.25,29892.25,164959,235.50999450683594,241.89999389648438,167.75,215.14999389648438,214.94430541992188,26345499.0,1253.199951171875,1318.0,936.9000244140625,1007.75,1001.6046142578125,17296713.0,6912.0,6947.7001953125,5678.0,5874.64990234375,5839.013671875,6192887,2051.949951171875,2081.89990234375,1838.5999755859375,2007.6500244140625,1999.5784912109375,7907985
2025-02-01,29665.0,30225.0,26010.0,26297.30078125,26297.30078125,174464,215.89999389648438,247.3000030517578,171.99000549316406,193.10000610351562,192.9154052734375,31306591.0,1010.0,1067.25,865.8499755859375,998.2999877929688,992.2122192382812,18714933.0,5920.0,5943.39990234375,4918.0,4935.39990234375,4905.46142578125,15098536,2010.0,2064.64990234375,1796.0,1818.550048828125,1811.23876953125,5129823
2025-03-01,26297.30078125,29416.30078125,25718.150390625,28889.150390625,28889.150390625,97489,197.0,217.4499969482422,183.44000244140625,191.97999572753906,191.7964630126953,20718297.0,994.4000244140625,1005.0499877929688,825.0,942.6500244140625,936.901611328125,24713963.0,4954.7998046875,5625.0,4890.0,5546.25,5512.60595703125,8121699,1818.550048828125,1987.300048828125,1778.449951171875,1942.6500244140625,1934.83984375,5424710
2025-04-01,28701.0,31160.0,26820.099609375,30110.0,30110.0,83044,193.5,230.0,172.6300048828125,209.2100067138672,209.010009765625,17219232.0,949.0,1068.9000244140625,790.5,986.0499877929688,980.0369262695312,29612573.0,5539.5,5792.0,4684.4501953125,5522.5,5489.0,8773909,1943.949951171875,2119.89990234375,1874.050048828125,1888.0,1880.4095458984375,6815810
2025-05-01,30400.0,30580.0,27830.0,29275.0,29275.0,91699,209.2100067138672,268.7900085449219,206.10000610351562,263.54998779296875,263.29803466796875,24178708.0,986.0499877929688,1037.699951171875,882.5999755859375,997.4500122070312,997.4500122070312,13818728.0,5522.5,6118.0,5190.0,5971.0,5934.779296875,6735364,1888.0,1972.9000244140625,1779.0,1882.800048828125,1875.23046875,9704775
2025-06-01,29290.0,30300.0,28275.0,28500.0,28500.0,60341,261.25,261.79998779296875,236.0,249.1999969482422,249.1999969482422,13239092.0,1005.0,1208.699951171875,998.0,1194.5,1194.5,28525245.0,5960.0,6260.0,5850.0,6080.5,6080.5,4101150,1893.9000244140625,1935.0999755859375,1813.4000244140625,1917.199951171875,1909.4920654296875,7809027
