,Order Id,Column,Timestamp,Size,Price,Fees,Side
0,0,SHREECEM.NS,2015-03-03,8.0,11500.0,0.0,Buy
1,1,ACC.NS,2015-03-03,56.0,1764.0,0.0,Buy
2,2,BAYERCROP.NS,2015-03-03,29.0,3428.0,0.0,Buy
3,3,EMAMILTD.NS,2015-03-03,206.0,483.3250122070313,0.0,Buy
4,4,SIEMENS.NS,2015-03-03,71.0,1404.0,0.0,Buy
5,5,COFORGE.NS,2015-03-03,247.0,404.0,0.0,Buy
6,6,SUPREMEIND.NS,2015-03-03,148.0,674.4500122070312,0.0,Buy
7,7,GLAXO.NS,2015-03-03,65.0,1536.0250244140625,0.0,Buy
8,8,WIPRO.NS,2015-03-03,802.0,124.68753051757812,0.0,Buy
9,9,SJVN.NS,2015-03-03,4000.0,25.0,0.0,Buy
10,10,GLAXO.NS,2015-03-09,65.0,1637.5,0.0,Sell
11,11,BRIGADE.NS,2015-03-09,1121.0,104.8000030517578,0.0,Buy
12,12,COFORGE.NS,2015-03-12,247.0,432.7999877929687,0.0,Sell
13,13,SAMMAANCAP.NS,2015-03-12,210.0,507.198486328125,0.0,Buy
14,14,BRIGADE.NS,2015-03-16,1121.0,98.6999969482422,0.0,Sell
15,15,INDUSINDBK.NS,2015-03-16,126.0,875.25,0.0,Buy
16,16,SJVN.NS,2015-03-23,4000.0,25.0,0.0,Sell
17,17,GPIL.NS,2015-03-23,3654.0,27.587499618530273,0.0,Buy
18,18,BAYERCROP.NS,2015-04-07,29.0,3285.0,0.0,Sell
19,19,ECLERX.NS,2015-04-07,119.0,800.0001831054688,0.0,Buy
20,20,SAMMAANCAP.NS,2015-04-15,210.0,519.6779174804688,0.0,Sell
21,21,JSWHL.NS,2015-04-15,95.0,1138.0,0.0,Buy
22,22,GPIL.NS,2015-04-16,3654.0,28.625,0.0,Sell
23,23,APLLTD.NS,2015-04-16,215.0,489.8999938964844,0.0,Buy
24,24,SHREECEM.NS,2015-04-17,8.0,10485.0,0.0,Sell
25,25,HAVELLS.NS,2015-04-17,292.0,288.3999938964844,0.0,Buy
26,26,ACC.NS,2015-04-28,56.0,1488.9000244140625,0.0,Sell
27,27,TRITURBINE.NS,2015-04-28,738.0,113.0,0.0,Buy
28,28,WIPRO.NS,2015-04-29,802.0,99.9375228881836,0.0,Sell
29,29,JUSTDIAL.NS,2015-04-29,73.0,1084.6500244140625,0.0,Buy
30,30,INDUSINDBK.NS,2015-05-08,126.0,803.0499877929688,0.0,Sell
31,31,HCLTECH.NS,2015-05-08,220.0,463.7250061035156,0.0,Buy
32,32,JUSTDIAL.NS,2015-05-15,73.0,1095.0,0.0,Sell
33,33,SCHAEFFLER.NS,2015-05-15,96.0,830.77001953125,0.0,Buy
34,34,HCLTECH.NS,2015-05-18,220.0,458.75,0.0,Sell
35,35,ABBOTINDIA.NS,2015-05-18,26.0,3862.10009765625,0.0,Buy
36,36,HAVELLS.NS,2015-05-29,292.0,272.45001220703125,0.0,Sell
37,37,BRIGADE.NS,2015-05-29,855.0,94.03333282470705,0.0,Buy
38,38,SUPREMEIND.NS,2015-06-09,148.0,678.3499755859375,0.0,Sell
39,39,ABBOTINDIA.NS,2015-06-09,26.0,3818.85009765625,0.0,Sell
40,40,CEATLTD.NS,2015-06-09,152.0,653.5999755859375,0.0,Buy
41,41,PGEL.NS,2015-06-09,11345.0,8.800000190734863,0.0,Buy
42,42,EMAMILTD.NS,2015-06-15,206.0,539.5,0.0,Sell
43,43,TRITURBINE.NS,2015-06-15,738.0,105.3000030517578,0.0,Sell
44,44,GODFRYPHLP.NS,2015-06-15,200.0,471.6499938964844,0.0,Buy
45,45,BAJFINANCE.NS,2015-06-15,2022.0,46.8125,0.0,Buy
46,46,SCHAEFFLER.NS,2015-06-18,96.0,818.3900146484375,0.0,Sell
47,47,ESCORTS.NS,2015-06-18,737.0,107.0,0.0,Buy
48,48,BAJFINANCE.NS,2015-06-19,2022.0,49.040000915527344,0.0,Sell
49,49,BRIGADE.NS,2015-06-19,855.0,93.0,0.0,Sell
50,50,TIMKEN.NS,2015-06-19,153.0,582.1500244140625,0.0,Buy
51,51,ABFRL.NS,2015-06-19,524.0,170.4780731201172,0.0,Buy
52,52,APLLTD.NS,2015-06-24,215.0,655.0,0.0,Sell
53,53,CEATLTD.NS,2015-06-24,152.0,676.9000244140625,0.0,Sell
54,54,GODFRYPHLP.NS,2015-06-24,200.0,476.9500122070313,0.0,Sell
55,55,TIMKEN.NS,2015-06-24,153.0,586.5499877929688,0.0,Sell
56,56,ESCORTS.NS,2015-06-24,737.0,120.4000015258789,0.0,Sell
57,57,MARICO.NS,2015-06-24,464.0,223.0,0.0,Buy
58,58,IDEA.NS,2015-06-24,981.0,105.5195770263672,0.0,Buy
59,59,CENTRALBK.NS,2015-06-24,1006.0,102.9499969482422,0.0,Buy
60,60,TATASTEEL.NS,2015-06-24,3462.0,29.915929794311523,0.0,Buy
61,61,SWANENERGY.NS,2015-06-24,1698.0,61.0,0.0,Buy
62,62,PGEL.NS,2015-06-26,11345.0,8.800000190734863,0.0,Sell
63,63,SAREGAMA.NS,2015-06-26,5516.0,18.137670516967773,0.0,Buy
64,64,IDEA.NS,2015-06-29,981.0,103.10770416259766,0.0,Sell
65,65,SARDAEN.NS,2015-06-29,9367.0,10.800000190734863,0.0,Buy
66,66,SIEMENS.NS,2015-07-07,71.0,1445.0,0.0,Sell
67,67,ECLERX.NS,2015-07-07,119.0,764.9002075195312,0.0,Sell
68,68,APLLTD.NS,2015-07-07,141.0,686.1500244140625,0.0,Buy
69,69,WELCORP.NS,2015-07-07,770.0,125.6500015258789,0.0,Buy
70,70,APLLTD.NS,2015-07-08,141.0,716.7000122070312,0.0,Sell
71,71,MARICO.NS,2015-07-08,464.0,217.5249938964844,0.0,Sell
72,72,PEL.NS,2015-07-08,181.0,556.5064086914062,0.0,Buy
73,73,PGEL.NS,2015-07-08,9907.0,10.199999809265137,0.0,Buy
74,74,PGEL.NS,2015-07-20,9907.0,10.300000190734863,0.0,Sell
75,75,EICHERMOT.NS,2015-07-20,48.0,2119.0,0.0,Buy
76,76,TATASTEEL.NS,2015-07-28,3462.0,23.91368865966797,0.0,Sell
77,77,APLLTD.NS,2015-07-28,109.0,759.7000122070312,0.0,Buy
78,78,CENTRALBK.NS,2015-08-06,1006.0,106.6999969482422,0.0,Sell
79,79,SCHAEFFLER.NS,2015-08-06,112.0,956.5999755859376,0.0,Buy
80,80,PEL.NS,2015-08-12,181.0,515.2617797851562,0.0,Sell
81,81,NLCINDIA.NS,2015-08-12,1106.0,85.05000305175781,0.0,Buy
82,82,SARDAEN.NS,2015-08-13,9367.0,11.390000343322754,0.0,Sell
83,83,INDUSTOWER.NS,2015-08-13,244.0,437.0,0.0,Buy
84,84,JSWHL.NS,2015-08-14,95.0,792.0,0.0,Sell
85,85,MFSL.NS,2015-08-14,136.0,550.0,0.0,Buy
86,86,SWANENERGY.NS,2015-08-17,1698.0,60.79999923706055,0.0,Sell
87,87,WELCORP.NS,2015-08-17,770.0,128.9499969482422,0.0,Sell
88,88,EICHERMOT.NS,2015-08-17,48.0,2063.0,0.0,Sell
89,89,PEL.NS,2015-08-17,193.0,519.8569946289062,0.0,Buy
90,90,COFORGE.NS,2015-08-17,198.0,507.25,0.0,Buy
91,91,KNRCON.NS,2015-08-17,1903.0,52.900001525878906,0.0,Buy
92,92,PEL.NS,2015-08-24,193.0,517.09423828125,0.0,Sell
93,93,WELCORP.NS,2015-08-24,844.0,118.9000015258789,0.0,Buy
94,94,WELCORP.NS,2015-08-26,844.0,108.0,0.0,Sell
95,95,GESHIP.NS,2015-08-26,245.0,371.7999877929687,0.0,Buy
96,96,SCHAEFFLER.NS,2015-09-02,112.0,821.010009765625,0.0,Sell
97,97,ANANTRAJ.NS,2015-09-02,6885.0,13.377931594848633,0.0,Buy
98,98,ABFRL.NS,2015-09-03,524.0,185.8551025390625,0.0,Sell
99,99,BHARTIARTL.NS,2015-09-03,314.0,309.3565673828125,0.0,Buy
100,100,INDUSTOWER.NS,2015-09-16,244.0,388.7999877929687,0.0,Sell
101,101,WELCORP.NS,2015-09-16,814.0,116.75,0.0,Buy
102,102,BHARTIARTL.NS,2015-09-22,314.0,319.9463195800781,0.0,Sell
103,103,BAJAJ-AUTO.NS,2015-09-22,43.0,2332.89990234375,0.0,Buy
104,104,COFORGE.NS,2015-10-07,198.0,467.5,0.0,Sell
105,105,TRITURBINE.NS,2015-10-07,787.0,117.9000015258789,0.0,Buy
106,106,ANANTRAJ.NS,2015-10-14,6885.0,15.69172477722168,0.0,Sell
107,107,INDUSINDBK.NS,2015-10-14,114.0,947.0,0.0,Buy
108,108,BAJAJ-AUTO.NS,2015-10-30,43.0,2575.10009765625,0.0,Sell
109,109,GRAPHITE.NS,2015-10-30,1505.0,73.5999984741211,0.0,Buy
110,110,NLCINDIA.NS,2015-11-04,1106.0,81.30000305175781,0.0,Sell
111,111,OFSS.NS,2015-11-04,22.0,4070.0,0.0,Buy
112,112,KNRCON.NS,2015-11-17,1903.0,61.0,0.0,Sell
113,113,ECLERX.NS,2015-11-17,128.0,907.4752197265624,0.0,Buy
114,114,INDUSINDBK.NS,2015-12-01,114.0,940.0,0.0,Sell
115,115,TRITURBINE.NS,2015-12-01,787.0,109.25,0.0,Sell
116,116,COFORGE.NS,2015-12-01,169.0,570.0,0.0,Buy
117,117,AARTIIND.NS,2015-12-01,802.0,120.5129852294922,0.0,Buy
118,118,MFSL.NS,2015-12-02,136.0,535.0,0.0,Sell
119,119,TORNTPHARM.NS,2015-12-02,99.0,740.0,0.0,Buy
120,120,GRAPHITE.NS,2015-12-14,1505.0,74.69999694824219,0.0,Sell
121,121,AARTIIND.NS,2015-12-14,802.0,118.81202697753906,0.0,Sell
122,122,ABBOTINDIA.NS,2015-12-14,18.0,5474.64990234375,0.0,Buy
123,123,CGCL.NS,2015-12-14,3595.0,28.888389587402344,0.0,Buy
124,124,CGCL.NS,2015-12-17,3595.0,30.269432067871097,0.0,Sell
125,125,WELCORP.NS,2015-12-17,814.0,108.4499969482422,0.0,Sell
126,126,OFSS.NS,2015-12-18,22.0,3839.89990234375,0.0,Sell
127,127,ESCORTS.NS,2015-12-22,589.0,162.10000610351562,0.0,Buy
128,128,ASTRAL.NS,2015-12-22,494.0,193.47755432128903,0.0,Buy
129,129,IGL.NS,2015-12-22,1877.0,50.94499969482422,0.0,Buy
130,130,GESHIP.NS,2015-12-31,245.0,369.2999877929687,0.0,Sell
131,131,JSWHL.NS,2015-12-31,91.0,994.9500122070312,0.0,Buy
132,132,IGL.NS,2016-01-01,1877.0,53.400001525878906,0.0,Sell
133,133,CEATLTD.NS,2016-01-01,95.0,1051.0,0.0,Buy
134,134,COFORGE.NS,2016-01-04,169.0,580.9500122070312,0.0,Sell
135,135,APLLTD.NS,2016-01-04,109.0,686.0,0.0,Sell
136,136,INTELLECT.NS,2016-01-04,328.0,264.1661376953125,0.0,Buy
137,137,APARINDS.NS,2016-01-04,167.0,519.0,0.0,Buy
138,138,SAREGAMA.NS,2016-01-07,5516.0,33.534278869628906,0.0,Sell
139,139,APARINDS.NS,2016-01-07,167.0,512.5,0.0,Sell
140,140,INTELLECT.NS,2016-01-07,328.0,242.6206817626953,0.0,Sell
141,141,APLAPOLLO.NS,2016-01-07,2260.0,77.48999786376953,0.0,Buy
142,142,BALRAMCHIN.NS,2016-01-07,2276.0,76.94999694824219,0.0,Buy
143,143,ESCORTS.NS,2016-01-08,589.0,160.35000610351562,0.0,Sell
144,144,TORNTPHARM.NS,2016-01-08,99.0,712.5999755859375,0.0,Sell
145,145,TATAELXSI.NS,2016-01-08,78.0,1051.5,0.0,Buy
146,146,SWANENERGY.NS,2016-01-08,1222.0,67.5,0.0,Buy
147,147,NMDC.NS,2016-01-11,24.0,22.610898971557617,0.0,Buy
148,148,TATAELXSI.NS,2016-01-20,78.0,850.0,0.0,Sell
149,149,JUSTDIAL.NS,2016-01-20,84.0,787.0,0.0,Buy
150,150,ECLERX.NS,2016-01-29,128.0,949.2999877929688,0.0,Sell
151,151,GPIL.NS,2016-01-29,8351.0,14.574999809265137,0.0,Buy
152,152,NMDC.NS,2016-02-01,24.0,21.112045288085938,0.0,Sell
153,153,MFSL.NS,2016-02-01,1.0,375.0,0.0,Buy
154,154,MFSL.NS,2016-02-08,1.0,369.7999877929687,0.0,Sell
155,155,FACT.NS,2016-02-08,23.0,21.450000762939453,0.0,Buy
156,156,ASTRAL.NS,2016-02-22,494.0,164.13754272460938,0.0,Sell
157,157,CGCL.NS,2016-02-22,3396.0,23.875015258789062,0.0,Buy
158,158,CEATLTD.NS,2016-03-18,95.0,1086.6500244140625,0.0,Sell
159,159,BRIGADE.NS,2016-03-18,1113.0,92.73332977294922,0.0,Buy
160,160,APLAPOLLO.NS,2016-03-21,2260.0,65.9000015258789,0.0,Sell
161,161,JUSTDIAL.NS,2016-03-21,84.0,642.0,0.0,Sell
162,162,ECLERX.NS,2016-03-21,119.0,850.0,0.0,Buy
163,163,NLCINDIA.NS,2016-03-21,1509.0,67.19999694824219,0.0,Buy
164,164,CGCL.NS,2016-03-22,3396.0,25.539833068847656,0.0,Sell
165,165,IGL.NS,2016-03-22,1630.0,53.400001525878906,0.0,Buy
166,166,GPIL.NS,2016-03-31,8351.0,13.225000381469728,0.0,Sell
167,167,MFSL.NS,2016-03-31,340.0,324.79998779296875,0.0,Buy
168,168,ABBOTINDIA.NS,2016-04-01,18.0,4705.2001953125,0.0,Sell
169,169,NTPC.NS,2016-04-01,790.0,107.25,0.0,Buy
170,170,FACT.NS,2016-04-04,23.0,21.200000762939453,0.0,Sell
171,171,TVSMOTOR.NS,2016-04-04,1.0,326.5,0.0,Buy
172,172,NLCINDIA.NS,2016-04-11,1509.0,70.8499984741211,0.0,Sell
173,173,BRIGADE.NS,2016-04-11,1113.0,94.73332977294922,0.0,Sell
174,174,ECLERX.NS,2016-04-11,119.0,883.3333129882812,0.0,Sell
175,175,IGL.NS,2016-04-11,1630.0,54.654998779296875,0.0,Sell
176,176,TATAMOTORS.NS,2016-04-11,271.0,373.9500122070313,0.0,Buy
177,177,HAVELLS.NS,2016-04-11,304.0,334.0,0.0,Buy
178,178,MINDACORP.NS,2016-04-11,894.0,113.6999969482422,0.0,Buy
179,179,SJVN.NS,2016-04-11,3536.0,28.75,0.0,Buy
180,180,SJVN.NS,2016-04-20,3536.0,29.75,0.0,Sell
181,181,RENUKA.NS,2016-04-20,7499.0,14.100000381469728,0.0,Buy
182,182,SWANENERGY.NS,2016-04-29,1222.0,61.04999923706055,0.0,Sell
183,183,JUSTDIAL.NS,2016-04-29,86.0,865.0,0.0,Buy
184,184,RENUKA.NS,2016-05-16,7499.0,14.850000381469728,0.0,Sell
185,185,FACT.NS,2016-05-16,4194.0,26.600000381469727,0.0,Buy
186,186,JUSTDIAL.NS,2016-05-18,86.0,737.5,0.0,Sell
187,187,NLCINDIA.NS,2016-05-18,902.0,70.30000305175781,0.0,Buy
188,188,TATAMOTORS.NS,2016-05-24,271.0,383.7999877929687,0.0,Sell
189,189,NTPC.NS,2016-05-24,790.0,113.41666412353516,0.0,Sell
190,190,TVSMOTOR.NS,2016-05-24,1.0,293.1000061035156,0.0,Sell
191,191,GODFRYPHLP.NS,2016-05-24,74.0,866.5,0.0,Buy
192,192,COFORGE.NS,2016-05-24,136.0,475.0,0.0,Buy
193,193,SJVN.NS,2016-05-24,2359.0,27.399999618530273,0.0,Buy
194,194,MFSL.NS,2016-05-25,340.0,383.8500061035156,0.0,Sell
195,195,SONATSOFTW.NS,2016-05-25,2393.0,54.76874923706055,0.0,Buy
196,196,BALRAMCHIN.NS,2016-06-08,2276.0,118.4000015258789,0.0,Sell
197,197,GRAPHITE.NS,2016-06-08,3646.0,73.9000015258789,0.0,Buy
198,198,HAVELLS.NS,2016-06-22,304.0,367.1000061035156,0.0,Sell
199,199,ECLERX.NS,2016-06-22,116.0,961.2999877929688,0.0,Buy
200,200,SONATSOFTW.NS,2016-07-01,2393.0,62.568748474121094,0.0,Sell
201,201,ANANTRAJ.NS,2016-07-01,7255.0,20.65586280822754,0.0,Buy
202,202,COFORGE.NS,2016-07-07,136.0,529.7000122070312,0.0,Sell
203,203,CGCL.NS,2016-07-07,2840.0,25.36956787109375,0.0,Buy
204,204,NLCINDIA.NS,2016-07-13,902.0,76.1500015258789,0.0,Sell
205,205,IGL.NS,2016-07-13,1104.0,62.20000076293945,0.0,Buy
206,206,ANANTRAJ.NS,2016-07-15,7255.0,20.761035919189453,0.0,Sell
207,207,ECLERX.NS,2016-07-15,116.0,1000.0,0.0,Sell
208,208,GODFRYPHLP.NS,2016-07-15,74.0,1183.25,0.0,Sell
209,209,NTPC.NS,2016-07-15,991.0,119.04166412353516,0.0,Buy
210,210,INDHOTEL.NS,2016-07-15,978.0,120.6964340209961,0.0,Buy
211,211,BEL.NS,2016-07-15,3040.0,38.83636474609375,0.0,Buy
212,212,GRAPHITE.NS,2016-07-19,3646.0,81.8499984741211,0.0,Sell
213,213,NTPC.NS,2016-07-19,991.0,129.5833282470703,0.0,Sell
214,214,BEL.NS,2016-07-19,3040.0,37.81666564941406,0.0,Sell
215,215,FACT.NS,2016-07-19,4194.0,24.299999237060547,0.0,Sell
216,216,RELIANCE.NS,2016-07-19,1399.0,229.9546813964844,0.0,Buy
217,217,MARICO.NS,2016-07-19,1143.0,281.54998779296875,0.0,Buy
218,218,JSWHL.NS,2016-07-22,91.0,1336.949951171875,0.0,Sell
219,219,MINDACORP.NS,2016-07-22,894.0,124.0,0.0,Sell
220,220,SJVN.NS,2016-07-25,2359.0,28.299999237060547,0.0,Sell
221,221,OLECTRA.NS,2016-07-25,13083.0,22.899999618530273,0.0,Buy
222,222,RELIANCE.NS,2016-07-26,1399.0,233.8405914306641,0.0,Sell
223,223,CGCL.NS,2016-07-26,2840.0,26.7884464263916,0.0,Sell
224,224,JSWSTEEL.NS,2016-07-26,2476.0,162.8000030517578,0.0,Buy
225,225,HFCL.NS,2016-07-27,2.0,17.950000762939453,0.0,Buy
226,226,RTNINDIA.NS,2016-07-27,13.0,3.650000095367432,0.0,Buy
227,227,SJVN.NS,2016-07-28,1.0,28.299999237060547,0.0,Buy
228,228,MARICO.NS,2016-08-02,1143.0,288.95001220703125,0.0,Sell
229,229,JSWHL.NS,2016-08-02,252.0,1310.0,0.0,Buy
230,230,JSWSTEEL.NS,2016-08-11,2476.0,171.5,0.0,Sell
231,231,INDHOTEL.NS,2016-08-11,978.0,116.43122863769533,0.0,Sell
232,232,IGL.NS,2016-08-11,1104.0,67.19000244140625,0.0,Sell
233,233,TCS.NS,2016-08-11,153.0,1332.7750244140625,0.0,Buy
234,234,BRIGADE.NS,2016-08-11,1915.0,106.66666412353516,0.0,Buy
235,235,WELCORP.NS,2016-08-11,2482.0,82.30000305175781,0.0,Buy
236,236,WELCORP.NS,2016-08-16,2482.0,81.44999694824219,0.0,Sell
237,237,BRIGADE.NS,2016-08-16,1915.0,105.33333587646484,0.0,Sell
238,238,HFCL.NS,2016-08-16,2.0,16.549999237060547,0.0,Sell
239,239,OFSS.NS,2016-08-16,35.0,3765.0,0.0,Buy
240,240,YESBANK.NS,2016-08-16,518.0,259.7900085449219,0.0,Buy
241,241,BAJFINANCE.NS,2016-08-16,1326.0,101.60099792480467,0.0,Buy
242,242,OFSS.NS,2016-08-17,35.0,3685.0,0.0,Sell
243,243,SJVN.NS,2016-08-17,1.0,28.049999237060547,0.0,Sell
244,244,SHRIRAMFIN.NS,2016-08-17,265.0,249.04464721679688,0.0,Buy
245,245,ABB.NS,2016-08-17,62.0,1066.234619140625,0.0,Buy
246,246,TCS.NS,2016-08-23,153.0,1272.4749755859375,0.0,Sell
247,247,ACC.NS,2016-08-23,117.0,1654.0,0.0,Buy
248,248,SHRIRAMFIN.NS,2016-08-25,265.0,247.48568725585935,0.0,Sell
249,249,HINDZINC.NS,2016-08-25,146.0,227.8999938964844,0.0,Buy
250,250,APOLLOTYRE.NS,2016-08-25,191.0,174.60000610351562,0.0,Buy
251,251,JSWHL.NS,2016-08-26,252.0,1293.9000244140625,0.0,Sell
252,252,ACC.NS,2016-08-26,117.0,1648.199951171875,0.0,Sell
253,253,YESBANK.NS,2016-08-26,518.0,269.32000732421875,0.0,Sell
254,254,3MINDIA.NS,2016-08-26,24.0,13180.0,0.0,Buy
255,255,LUPIN.NS,2016-08-26,214.0,1535.0,0.0,Buy
256,256,LUPIN.NS,2016-08-29,214.0,1512.0,0.0,Sell
257,257,OLECTRA.NS,2016-08-29,13083.0,21.549999237060547,0.0,Sell
258,258,BAJFINANCE.NS,2016-08-29,1326.0,105.77999877929688,0.0,Sell
259,259,ABB.NS,2016-08-29,62.0,1043.129638671875,0.0,Sell
260,260,RTNINDIA.NS,2016-08-29,13.0,3.549999952316284,0.0,Sell
261,261,JKCEMENT.NS,2016-09-01,529.0,778.0,0.0,Buy
262,262,BANKBARODA.NS,2016-09-01,2521.0,163.5,0.0,Buy
263,263,VEDL.NS,2016-09-02,1.0,170.64999389648438,0.0,Buy
264,264,SWANENERGY.NS,2016-09-02,3.0,63.75,0.0,Buy
265,265,PHOENIXLTD.NS,2016-09-06,1.0,210.6499938964844,0.0,Buy
266,266,VEDL.NS,2016-09-14,1.0,165.89999389648438,0.0,Sell
267,267,FACT.NS,2016-09-14,9.0,23.200000762939453,0.0,Buy
268,268,PHOENIXLTD.NS,2016-09-15,1.0,210.1499938964844,0.0,Sell
269,269,NLCINDIA.NS,2016-09-15,1.0,74.0,0.0,Buy
270,270,3MINDIA.NS,2016-09-16,24.0,13347.0,0.0,Sell
271,271,HONAUT.NS,2016-09-16,17.0,9125.0,0.0,Buy
272,272,ACE.NS,2016-09-16,3722.0,43.04999923706055,0.0,Buy
273,273,BANKBARODA.NS,2016-09-19,2521.0,166.9499969482422,0.0,Sell
274,274,AIAENG.NS,2016-09-19,177.0,1198.9000244140625,0.0,Buy
275,275,RTNINDIA.NS,2016-09-19,60856.0,3.5,0.0,Buy
276,276,ACE.NS,2016-09-20,3722.0,43.650001525878906,0.0,Sell
277,277,APOLLOTYRE.NS,2016-09-23,191.0,216.0,0.0,Sell
278,278,HINDZINC.NS,2016-09-23,146.0,222.6999969482422,0.0,Sell
279,279,FACT.NS,2016-09-23,9.0,23.049999237060547,0.0,Sell
280,280,NLCINDIA.NS,2016-09-23,1.0,73.30000305175781,0.0,Sell
281,281,CUB.NS,2016-09-23,731.0,108.14049530029295,0.0,Buy
282,282,CENTRALBK.NS,2016-09-23,791.0,99.9499969482422,0.0,Buy
283,283,IDBI.NS,2016-09-23,1061.0,74.55000305175781,0.0,Buy
284,284,CUB.NS,2016-10-07,731.0,114.71074676513672,0.0,Sell
285,285,INDUSINDBK.NS,2016-10-07,68.0,1223.0,0.0,Buy
286,286,RTNINDIA.NS,2016-12-19,60856.0,3.0,0.0,Sell
287,287,FACT.NS,2016-12-19,7903.0,23.200000762939453,0.0,Buy
288,288,IDBI.NS,2016-12-22,1061.0,67.5,0.0,Sell
289,289,SAMMAANCAP.NS,2016-12-22,125.0,571.2891235351562,0.0,Buy
290,290,JKCEMENT.NS,2017-01-02,529.0,739.7999877929688,0.0,Sell
291,291,GPIL.NS,2017-01-02,26104.0,15.0,0.0,Buy
292,292,SWANENERGY.NS,2017-01-09,3.0,172.39999389648438,0.0,Sell
293,293,NTPC.NS,2017-01-09,3.0,136.6666717529297,0.0,Buy
294,294,AIAENG.NS,2017-01-17,177.0,1355.300048828125,0.0,Sell
295,295,NTPC.NS,2017-01-17,3.0,142.75,0.0,Sell
296,296,TRITURBINE.NS,2017-01-17,1056.0,113.8000030517578,0.0,Buy
297,297,SARDAEN.NS,2017-01-17,4634.0,25.940000534057617,0.0,Buy
298,298,SARDAEN.NS,2017-01-19,4634.0,26.0,0.0,Sell
299,299,ANANTRAJ.NS,2017-01-19,6497.0,18.55241584777832,0.0,Buy
300,300,CENTRALBK.NS,2017-01-20,791.0,83.25,0.0,Sell
301,301,KEI.NS,2017-01-20,476.0,138.10000610351562,0.0,Buy
302,302,GPIL.NS,2017-01-25,26104.0,25.875,0.0,Sell
303,303,GRAPHITE.NS,2017-01-25,6590.0,102.5,0.0,Buy
304,304,FACT.NS,2017-02-06,7903.0,34.70000076293945,0.0,Sell
305,305,BIOCON.NS,2017-02-06,1549.0,176.98333740234375,0.0,Buy
306,306,KEI.NS,2017-02-07,476.0,167.39999389648438,0.0,Sell
307,307,ECLERX.NS,2017-02-07,79.0,1003.3666381835938,0.0,Buy
308,308,GRAPHITE.NS,2017-02-10,6590.0,106.0,0.0,Sell
309,309,NTPC.NS,2017-02-10,4956.0,141.0416717529297,0.0,Buy
310,310,SAMMAANCAP.NS,2017-02-27,125.0,770.8704223632812,0.0,Sell
311,311,SCHAEFFLER.NS,2017-02-27,118.0,812.2000122070312,0.0,Buy
312,312,INDUSINDBK.NS,2017-03-02,68.0,1335.0,0.0,Sell
313,313,ESCORTS.NS,2017-03-02,198.0,461.0,0.0,Buy
314,314,ANANTRAJ.NS,2017-03-15,6497.0,20.34034538269043,0.0,Sell
315,315,MFSL.NS,2017-03-15,244.0,541.1500244140625,0.0,Buy
316,316,ECLERX.NS,2017-03-20,79.0,925.3333129882812,0.0,Sell
317,317,JSWHL.NS,2017-03-20,46.0,1572.449951171875,0.0,Buy
318,318,APLLTD.NS,2017-03-24,1.0,605.0,0.0,Buy
319,319,BIOCON.NS,2017-04-13,1549.0,186.03334045410156,0.0,Sell
320,320,NLCINDIA.NS,2017-04-13,2634.0,109.5500030517578,0.0,Buy
321,321,NTPC.NS,2017-04-17,4956.0,137.25,0.0,Sell
322,322,MINDACORP.NS,2017-04-17,5956.0,114.1999969482422,0.0,Buy
323,323,TRITURBINE.NS,2017-04-21,1056.0,141.85000610351562,0.0,Sell
324,324,SKFINDIA.NS,2017-04-21,97.0,1530.0,0.0,Buy
325,325,MINDACORP.NS,2017-05-03,5956.0,114.4000015258789,0.0,Sell
326,326,ANANTRAJ.NS,2017-05-03,25460.0,26.818967819213867,0.0,Buy
327,327,MFSL.NS,2017-05-17,244.0,671.9500122070312,0.0,Sell
328,328,SAMMAANCAP.NS,2017-05-17,174.0,940.4119873046876,0.0,Buy
329,329,HONAUT.NS,2017-05-24,17.0,11175.0,0.0,Sell
330,330,ECLERX.NS,2017-05-24,219.0,865.6333618164062,0.0,Buy
331,331,SAMMAANCAP.NS,2017-07-06,174.0,945.1363525390624,0.0,Sell
332,332,EICHERMOT.NS,2017-07-06,58.0,2815.0,0.0,Buy
333,333,NLCINDIA.NS,2017-07-11,2634.0,103.6999969482422,0.0,Sell
334,334,MFSL.NS,2017-07-11,458.0,599.7999877929688,0.0,Buy
335,335,JSWHL.NS,2017-07-26,46.0,1725.0,0.0,Sell
336,336,CGCL.NS,2017-07-26,1124.0,70.89669036865234,0.0,Buy
337,337,ANANTRAJ.NS,2017-08-03,25460.0,26.29310417175293,0.0,Sell
338,338,ECLERX.NS,2017-08-03,219.0,857.2000122070312,0.0,Sell
339,339,SKFINDIA.NS,2017-08-03,97.0,1611.0,0.0,Sell
340,340,CEATLTD.NS,2017-08-03,174.0,1932.800048828125,0.0,Buy
341,341,JKCEMENT.NS,2017-08-03,331.0,1018.9000244140624,0.0,Buy
342,342,IGL.NS,2017-08-03,2863.0,117.98999786376952,0.0,Buy
343,343,MFSL.NS,2017-08-21,458.0,596.0,0.0,Sell
344,344,BLS.NS,2017-08-21,6078.0,45.25,0.0,Buy
345,345,ESCORTS.NS,2017-08-31,198.0,623.4000244140625,0.0,Sell
346,346,GPIL.NS,2017-08-31,3887.0,31.75,0.0,Buy
347,347,APLLTD.NS,2017-09-13,1.0,502.0,0.0,Sell
348,348,CEATLTD.NS,2017-09-15,174.0,1763.0,0.0,Sell
349,349,SARDAEN.NS,2017-09-15,7109.0,43.224998474121094,0.0,Buy
350,350,JKCEMENT.NS,2017-09-26,331.0,951.9000244140624,0.0,Sell
351,351,EICHERMOT.NS,2017-09-26,58.0,3090.0,0.0,Sell
352,352,CGCL.NS,2017-09-26,1124.0,99.3688735961914,0.0,Sell
353,353,SKFINDIA.NS,2017-09-26,131.0,1530.300048828125,0.0,Buy
354,354,MCX.NS,2017-09-26,192.0,1050.0,0.0,Buy
355,355,ACE.NS,2017-09-26,3208.0,62.95000076293945,0.0,Buy
356,356,SARDAEN.NS,2017-10-04,7109.0,43.0,0.0,Sell
357,357,ACE.NS,2017-10-04,3208.0,66.4000015258789,0.0,Sell
358,358,MCX.NS,2017-10-04,192.0,1061.9000244140625,0.0,Sell
359,359,SKFINDIA.NS,2017-10-04,131.0,1525.0999755859375,0.0,Sell
360,360,GVT&D.NS,2017-10-04,592.0,389.7000122070313,0.0,Buy
361,361,GAIL.NS,2017-10-04,2112.0,109.37503051757812,0.0,Buy
362,362,JMFINANCIL.NS,2017-10-04,1611.0,143.39999389648438,0.0,Buy
363,363,SWANENERGY.NS,2017-10-04,1661.0,139.10000610351562,0.0,Buy
364,364,NLCINDIA.NS,2017-10-05,6.0,96.0,0.0,Buy
365,365,JMFINANCIL.NS,2017-10-06,1611.0,148.1999969482422,0.0,Sell
366,366,NMDC.NS,2017-10-06,7821.0,30.527915954589844,0.0,Buy
367,367,IGL.NS,2017-10-12,2863.0,153.1699981689453,0.0,Sell
368,368,NMDC.NS,2017-10-12,7821.0,30.681644439697266,0.0,Sell
369,369,NLCINDIA.NS,2017-10-12,6.0,94.3000030517578,0.0,Sell
370,370,ONGC.NS,2017-10-12,2000.0,169.6999969482422,0.0,Buy
371,371,BANKBARODA.NS,2017-10-12,2449.0,138.60000610351562,0.0,Buy
372,372,SJVN.NS,2017-10-13,6.0,32.650001525878906,0.0,Buy
373,373,BANKBARODA.NS,2017-10-23,2449.0,135.0,0.0,Sell
374,374,GAIL.NS,2017-10-24,2112.0,109.7750244140625,0.0,Sell
375,375,LTTS.NS,2017-10-24,709.0,793.0,0.0,Buy
376,376,GPIL.NS,2017-11-03,3887.0,35.875,0.0,Sell
377,377,SARDAEN.NS,2017-11-03,2805.0,49.790000915527344,0.0,Buy
378,378,BLS.NS,2017-11-06,6078.0,63.01250076293945,0.0,Sell
379,379,SAREGAMA.NS,2017-11-06,2867.0,66.7769546508789,0.0,Buy
380,380,WELCORP.NS,2017-11-06,1212.0,158.0,0.0,Buy
381,381,SARDAEN.NS,2017-11-07,2805.0,49.20000076293945,0.0,Sell
382,382,JYOTHYLAB.NS,2017-11-07,349.0,197.5,0.0,Buy
383,383,ADANIPOWER.NS,2017-11-07,1933.0,35.70000076293945,0.0,Buy
384,384,JYOTHYLAB.NS,2017-11-21,349.0,166.9499969482422,0.0,Sell
385,385,BLS.NS,2017-11-21,953.0,61.23749923706055,0.0,Buy
386,386,LTTS.NS,2017-11-22,709.0,916.0499877929688,0.0,Sell
387,387,ELECON.NS,2017-11-22,16665.0,38.974998474121094,0.0,Buy
388,388,SJVN.NS,2017-12-01,6.0,33.5,0.0,Sell
389,389,SONATSOFTW.NS,2017-12-01,2.0,90.75,0.0,Buy
390,390,ONGC.NS,2017-12-05,2000.0,180.10000610351562,0.0,Sell
391,391,BAYERCROP.NS,2017-12-05,91.0,3953.0,0.0,Buy
392,392,ELECON.NS,2017-12-11,16665.0,47.04999923706055,0.0,Sell
393,393,SWANENERGY.NS,2017-12-11,1661.0,180.8999938964844,0.0,Sell
394,394,ADANIPOWER.NS,2017-12-11,1933.0,35.25,0.0,Sell
395,395,REDINGTON.NS,2017-12-11,6233.0,92.5,0.0,Buy
396,396,CHOLAFIN.NS,2017-12-11,2215.0,260.30999755859375,0.0,Buy
397,397,SCHAEFFLER.NS,2017-12-27,118.0,1141.010009765625,0.0,Sell
398,398,JUSTDIAL.NS,2017-12-27,255.0,528.0999755859375,0.0,Buy
399,399,CHOLAFIN.NS,2018-01-05,2215.0,261.54998779296875,0.0,Sell
400,400,SAMMAANCAP.NS,2018-01-05,546.0,1060.7044677734375,0.0,Buy
401,401,JUSTDIAL.NS,2018-01-16,255.0,605.5999755859375,0.0,Sell
402,402,GPIL.NS,2018-01-16,1196.0,129.22500610351562,0.0,Buy
403,403,SONATSOFTW.NS,2018-02-02,2.0,108.75,0.0,Sell
404,404,NLCINDIA.NS,2018-02-02,1.0,100.9499969482422,0.0,Buy
405,405,BLS.NS,2018-02-21,953.0,48.0,0.0,Sell
406,406,JUSTDIAL.NS,2018-02-21,104.0,442.0,0.0,Buy
407,407,SAREGAMA.NS,2018-02-22,2867.0,65.12454223632812,0.0,Sell
408,408,FACT.NS,2018-02-22,4186.0,44.599998474121094,0.0,Buy
409,409,NLCINDIA.NS,2018-02-27,1.0,100.0,0.0,Sell
410,410,BAYERCROP.NS,2018-03-06,91.0,3800.0,0.0,Sell
411,411,APLLTD.NS,2018-03-06,634.0,545.0,0.0,Buy
412,412,GVT&D.NS,2018-03-14,592.0,384.2999877929687,0.0,Sell
413,413,GRAPHITE.NS,2018-03-14,318.0,714.5999755859375,0.0,Buy
414,414,FACT.NS,2018-03-15,4186.0,64.1500015258789,0.0,Sell
415,415,SCHAEFFLER.NS,2018-03-15,244.0,1099.989990234375,0.0,Buy
416,416,APLLTD.NS,2018-03-16,634.0,540.0,0.0,Sell
417,417,RBLBANK.NS,2018-03-16,360.0,475.9500122070313,0.0,Buy
418,418,IGL.NS,2018-03-16,1144.0,149.89999389648438,0.0,Buy
419,419,WELCORP.NS,2018-03-20,1212.0,146.3000030517578,0.0,Sell
420,420,APLLTD.NS,2018-03-20,329.0,539.0,0.0,Buy
421,421,IGL.NS,2018-04-02,1144.0,142.25,0.0,Sell
422,422,BRIGADE.NS,2018-04-02,994.0,164.0,0.0,Buy
423,423,JUSTDIAL.NS,2018-05-07,104.0,436.0,0.0,Sell
424,424,VBL.NS,2018-05-07,1053.0,43.07555389404297,0.0,Buy
425,425,SAMMAANCAP.NS,2018-05-18,546.0,1055.3116455078125,0.0,Sell
426,426,FACT.NS,2018-05-18,12485.0,46.150001525878906,0.0,Buy
427,427,GPIL.NS,2018-05-28,1196.0,110.375,0.0,Sell
428,428,SAMMAANCAP.NS,2018-05-28,126.0,1044.7041015625,0.0,Buy
429,429,ANANTRAJ.NS,2018-06-19,22.0,17.79517364501953,0.0,Buy
430,430,GRAPHITE.NS,2018-07-06,318.0,960.0,0.0,Sell
431,431,MINDACORP.NS,2018-07-06,1908.0,159.9499969482422,0.0,Buy
432,432,MINDACORP.NS,2018-07-10,1908.0,162.6999969482422,0.0,Sell
433,433,SCHAEFFLER.NS,2018-07-10,244.0,1102.02001953125,0.0,Sell
434,434,JSWHL.NS,2018-07-10,164.0,1764.949951171875,0.0,Buy
435,435,WELCORP.NS,2018-07-10,2374.0,122.0,0.0,Buy
436,436,RBLBANK.NS,2018-07-16,360.0,571.5,0.0,Sell
437,437,SAMMAANCAP.NS,2018-07-16,126.0,986.0955200195312,0.0,Sell
438,438,ANANTRAJ.NS,2018-07-16,22.0,16.343793869018555,0.0,Sell
439,439,TCS.NS,2018-07-16,55.0,1990.0,0.0,Buy
440,440,EMAMILTD.NS,2018-07-16,206.0,533.0,0.0,Buy
441,441,WIPRO.NS,2018-07-16,1052.0,104.7187728881836,0.0,Buy
442,442,APLLTD.NS,2018-07-17,329.0,527.7000122070312,0.0,Sell
443,443,VBL.NS,2018-07-17,1053.0,43.022220611572266,0.0,Sell
444,444,VOLTAS.NS,2018-07-17,206.0,532.2999877929688,0.0,Buy
445,445,TATAMOTORS.NS,2018-07-17,435.0,253.0,0.0,Buy
446,446,REDINGTON.NS,2018-07-19,6233.0,55.5,0.0,Sell
447,447,EICHERMOT.NS,2018-07-19,126.0,2734.0,0.0,Buy
448,448,FACT.NS,2018-07-30,12485.0,41.75,0.0,Sell
449,449,SAMMAANCAP.NS,2018-07-30,444.0,1177.96630859375,0.0,Buy
450,450,TATAMOTORS.NS,2018-08-06,435.0,259.95001220703125,0.0,Sell
451,451,INDUSINDBK.NS,2018-08-06,55.0,2022.9000244140625,0.0,Buy
452,452,WIPRO.NS,2018-08-13,1052.0,104.2500228881836,0.0,Sell
453,453,BIOCON.NS,2018-08-13,398.0,280.5,0.0,Buy
454,454,BIOCON.NS,2018-08-17,398.0,300.04998779296875,0.0,Sell
455,455,TCS.NS,2018-08-17,55.0,2013.8499755859375,0.0,Sell
456,456,VBL.NS,2018-08-17,2458.0,46.814815521240234,0.0,Buy
457,457,GMRAIRPORT.NS,2018-08-17,7197.0,15.991479873657228,0.0,Buy
458,458,EICHERMOT.NS,2018-08-27,126.0,2902.72998046875,0.0,Sell
459,459,VBL.NS,2018-08-27,2458.0,47.40740585327149,0.0,Sell
460,460,CEATLTD.NS,2018-08-27,171.0,1405.0,0.0,Buy
461,461,ACE.NS,2018-08-27,1773.0,136.0,0.0,Buy
462,462,JSWHL.NS,2018-08-28,164.0,2221.25,0.0,Sell
463,463,TVSMOTOR.NS,2018-08-28,648.0,563.25,0.0,Buy
464,464,EMAMILTD.NS,2018-08-29,206.0,554.0,0.0,Sell
465,465,GRAPHITE.NS,2018-08-29,113.0,1004.0,0.0,Buy
466,466,SAMMAANCAP.NS,2018-08-30,444.0,1141.5086669921875,0.0,Sell
467,467,VOLTAS.NS,2018-08-30,206.0,629.0499877929688,0.0,Sell
468,468,JMFINANCIL.NS,2018-08-30,2595.0,122.75,0.0,Buy
469,469,SUPREMEIND.NS,2018-08-30,271.0,1175.5,0.0,Buy
470,470,JMFINANCIL.NS,2018-09-06,2595.0,117.0,0.0,Sell
471,471,CEATLTD.NS,2018-09-06,171.0,1350.0,0.0,Sell
472,472,INDUSINDBK.NS,2018-09-06,55.0,1870.0,0.0,Sell
473,473,CENTURYPLY.NS,2018-09-06,1002.0,211.8999938964844,0.0,Buy
474,474,SAREGAMA.NS,2018-09-06,3767.0,56.4007682800293,0.0,Buy
475,475,RKFORGE.NS,2018-09-06,1701.0,124.91000366210938,0.0,Buy
476,476,CENTURYPLY.NS,2018-09-18,1002.0,213.0,0.0,Sell
477,477,APLLTD.NS,2018-09-18,333.0,641.0,0.0,Buy
478,478,GMRAIRPORT.NS,2018-09-28,7197.0,15.315784454345703,0.0,Sell
479,479,GPIL.NS,2018-09-28,962.0,114.75,0.0,Buy
480,480,ACE.NS,2018-10-31,1773.0,96.25,0.0,Sell
481,481,SAMMAANCAP.NS,2018-10-31,248.0,687.8823852539062,0.0,Buy
482,482,SUPREMEIND.NS,2018-11-01,271.0,991.0499877929688,0.0,Sell
483,483,EICHERMOT.NS,2018-11-01,123.0,2175.0,0.0,Buy
484,484,BRIGADE.NS,2018-11-12,994.0,119.73332977294922,0.0,Sell
485,485,IGL.NS,2018-11-12,867.0,138.60000610351562,0.0,Buy
486,486,RKFORGE.NS,2018-11-13,1701.0,118.23999786376952,0.0,Sell
487,487,SARDAEN.NS,2018-11-13,6667.0,30.170000076293945,0.0,Buy
488,488,SAMMAANCAP.NS,2018-11-14,248.0,758.5692749023438,0.0,Sell
489,489,WIPRO.NS,2018-11-14,1543.0,121.87503051757812,0.0,Buy
490,490,TVSMOTOR.NS,2018-11-21,648.0,536.0,0.0,Sell
491,491,INDUSINDBK.NS,2018-11-21,222.0,1558.5,0.0,Buy
492,492,APLLTD.NS,2018-11-30,333.0,571.5,0.0,Sell
493,493,KEI.NS,2018-11-30,527.0,363.3999938964844,0.0,Buy
494,494,WELCORP.NS,2019-01-04,2374.0,133.0500030517578,0.0,Sell
495,495,MINDACORP.NS,2019-01-04,2121.0,149.0,0.0,Buy
496,496,SAREGAMA.NS,2019-01-15,3767.0,59.19529342651367,0.0,Sell
497,497,JSWHL.NS,2019-01-15,86.0,2572.300048828125,0.0,Buy
498,498,EICHERMOT.NS,2019-01-18,123.0,2040.0,0.0,Sell
499,499,JSWHL.NS,2019-01-18,86.0,2609.949951171875,0.0,Sell
500,500,GPIL.NS,2019-01-18,962.0,62.974998474121094,0.0,Sell
501,501,DIVISLAB.NS,2019-01-18,118.0,1512.75,0.0,Buy
502,502,SCHAEFFLER.NS,2019-01-18,159.0,1123.3900146484375,0.0,Buy
503,503,CHOLAHLDNG.NS,2019-01-18,385.0,464.6499938964844,0.0,Buy
504,504,WIPRO.NS,2019-01-21,1543.0,127.50003051757812,0.0,Sell
505,505,GODREJPROP.NS,2019-01-21,268.0,740.0,0.0,Buy
506,506,INDUSINDBK.NS,2019-01-22,222.0,1502.0,0.0,Sell
507,507,TIMKEN.NS,2019-01-22,591.0,564.4000244140625,0.0,Buy
508,508,DIVISLAB.NS,2019-03-06,118.0,1670.0,0.0,Sell
509,509,NTPC.NS,2019-03-06,1601.0,123.08333587646484,0.0,Buy
510,510,CHOLAHLDNG.NS,2019-04-03,385.0,485.0,0.0,Sell
511,511,JUSTDIAL.NS,2019-04-03,311.0,600.0,0.0,Buy
512,512,KEI.NS,2019-04-05,527.0,413.75,0.0,Sell
513,513,IGL.NS,2019-04-05,867.0,151.60000610351562,0.0,Sell
514,514,GPIL.NS,2019-04-05,2830.0,61.76250076293945,0.0,Buy
515,515,VBL.NS,2019-04-05,3296.0,53.03703689575195,0.0,Buy
516,516,GODREJPROP.NS,2019-04-08,268.0,983.7999877929688,0.0,Sell
517,517,ABBOTINDIA.NS,2019-04-08,36.0,7302.2001953125,0.0,Buy
518,518,JUSTDIAL.NS,2019-05-08,311.0,570.0499877929688,0.0,Sell
519,519,GRAPHITE.NS,2019-05-08,113.0,391.9500122070313,0.0,Sell
520,520,SKFINDIA.NS,2019-05-08,58.0,1901.25,0.0,Buy
521,521,BRIGADE.NS,2019-05-08,709.0,156.6666717529297,0.0,Buy
522,522,SCHAEFFLER.NS,2019-05-09,159.0,999.6199951171876,0.0,Sell
523,523,APLLTD.NS,2019-05-09,291.0,548.9500122070312,0.0,Buy
524,524,NTPC.NS,2019-05-10,1601.0,128.4499969482422,0.0,Sell
525,525,SARDAEN.NS,2019-05-10,6667.0,26.489999771118164,0.0,Sell
526,526,ECLERX.NS,2019-05-10,288.0,663.4000244140625,0.0,Buy
527,527,BIOCON.NS,2019-05-10,719.0,266.0,0.0,Buy
528,528,ECLERX.NS,2019-05-21,288.0,619.3666381835938,0.0,Sell
529,529,NLCINDIA.NS,2019-05-21,2712.0,65.8499984741211,0.0,Buy
530,530,SKFINDIA.NS,2019-05-22,58.0,1849.9000244140625,0.0,Sell
531,531,ICICIGI.NS,2019-05-22,93.0,1149.0,0.0,Buy
532,532,APLLTD.NS,2019-05-31,291.0,522.0,0.0,Sell
533,533,EICHERMOT.NS,2019-05-31,75.0,2010.0,0.0,Buy
534,534,EICHERMOT.NS,2019-06-19,75.0,1983.0,0.0,Sell
535,535,ESCORTS.NS,2019-06-19,278.0,540.0,0.0,Buy
536,536,ABBOTINDIA.NS,2019-06-28,36.0,8920.2998046875,0.0,Sell
537,537,ANANTRAJ.NS,2019-06-28,24963.0,12.873104095458984,0.0,Buy
538,538,BRIGADE.NS,2019-07-10,709.0,182.53334045410156,0.0,Sell
539,539,JUSTDIAL.NS,2019-07-10,161.0,803.0,0.0,Buy
540,540,NLCINDIA.NS,2019-07-11,2712.0,64.4000015258789,0.0,Sell
541,541,WELCORP.NS,2019-07-11,1266.0,138.0,0.0,Buy
542,542,ANANTRAJ.NS,2019-07-12,24963.0,12.683794021606444,0.0,Sell
543,543,ESCORTS.NS,2019-07-12,278.0,543.0,0.0,Sell
544,544,APLLTD.NS,2019-07-12,432.0,540.3499755859375,0.0,Buy
545,545,ECLERX.NS,2019-07-12,524.0,446.0,0.0,Buy
546,546,JUSTDIAL.NS,2019-07-26,161.0,723.0,0.0,Sell
547,547,SAMMAANCAP.NS,2019-07-26,212.0,550.8764038085938,0.0,Buy
548,548,MINDACORP.NS,2019-07-29,2121.0,96.5999984741211,0.0,Sell
549,549,FACT.NS,2019-07-29,5113.0,40.099998474121094,0.0,Buy
550,550,APLLTD.NS,2019-08-01,432.0,527.9500122070312,0.0,Sell
551,551,ECLERX.NS,2019-08-01,524.0,388.0,0.0,Sell
552,552,FACT.NS,2019-08-01,5113.0,37.75,0.0,Sell
553,553,WELCORP.NS,2019-08-01,1266.0,112.0,0.0,Sell
554,554,OFSS.NS,2019-08-01,56.0,3389.949951171875,0.0,Buy
555,555,INDUSINDBK.NS,2019-08-01,137.0,1390.0999755859375,0.0,Buy
556,556,ESCORTS.NS,2019-08-01,413.0,463.0,0.0,Buy
557,557,EICHERMOT.NS,2019-08-01,120.0,1595.0,0.0,Buy
558,558,SAMMAANCAP.NS,2019-08-06,212.0,424.2996215820313,0.0,Sell
559,559,IIFL.NS,2019-08-06,896.0,104.0,0.0,Buy
560,560,OFSS.NS,2019-08-08,56.0,3270.0,0.0,Sell
561,561,COFORGE.NS,2019-08-08,148.0,1234.0,0.0,Buy
562,562,EICHERMOT.NS,2019-08-09,120.0,1673.0150146484375,0.0,Sell
563,563,WELCORP.NS,2019-08-09,1706.0,117.9499969482422,0.0,Buy
564,564,INDUSINDBK.NS,2019-08-13,137.0,1415.0,0.0,Sell
565,565,ICICIGI.NS,2019-08-13,93.0,1154.0,0.0,Sell
566,566,SUNPHARMA.NS,2019-08-13,357.0,421.5,0.0,Buy
567,567,ACE.NS,2019-08-13,2093.0,71.94999694824219,0.0,Buy
568,568,COFORGE.NS,2019-08-28,148.0,1440.0,0.0,Sell
569,569,ESCORTS.NS,2019-08-28,413.0,495.5499877929687,0.0,Sell
570,570,WELCORP.NS,2019-08-28,1706.0,115.6999969482422,0.0,Sell
571,571,SUNPHARMA.NS,2019-08-28,357.0,416.8999938964844,0.0,Sell
572,572,INFY.NS,2019-08-28,242.0,787.4000244140625,0.0,Buy
573,573,PIIND.NS,2019-08-28,169.0,1127.75,0.0,Buy
574,574,NESTLEIND.NS,2019-08-28,152.0,1254.5,0.0,Buy
575,575,SONATSOFTW.NS,2019-08-28,1612.0,118.5,0.0,Buy
576,576,VBL.NS,2019-08-29,3296.0,57.06222152709961,0.0,Sell
577,577,BIOCON.NS,2019-08-29,719.0,218.8999938964844,0.0,Sell
578,578,ENDURANCE.NS,2019-08-29,194.0,892.4000244140625,0.0,Buy
579,579,TCS.NS,2019-08-29,78.0,2222.199951171875,0.0,Buy
580,580,PIIND.NS,2019-09-04,169.0,1161.949951171875,0.0,Sell
581,581,BIOCON.NS,2019-09-04,867.0,226.8999938964844,0.0,Buy
582,582,TIMKEN.NS,2019-09-11,591.0,696.0,0.0,Sell
583,583,INFY.NS,2019-09-11,242.0,822.2999877929688,0.0,Sell
584,584,IIFL.NS,2019-09-11,896.0,115.0999984741211,0.0,Sell
585,585,ABBOTINDIA.NS,2019-09-11,23.0,9950.0,0.0,Buy
586,586,IGL.NS,2019-09-11,1426.0,166.6999969482422,0.0,Buy
587,587,ASTRAL.NS,2019-09-11,406.0,585.6751708984375,0.0,Buy
588,588,ENDURANCE.NS,2019-09-23,194.0,1005.0,0.0,Sell
589,589,GPIL.NS,2019-09-23,2830.0,39.150001525878906,0.0,Sell
590,590,GLENMARK.NS,2019-09-23,443.0,354.95001220703125,0.0,Buy
591,591,IIFL.NS,2019-09-23,1324.0,118.9000015258789,0.0,Buy
592,592,BIOCON.NS,2019-09-24,867.0,226.0,0.0,Sell
593,593,BAYERCROP.NS,2019-09-24,58.0,3363.800048828125,0.0,Buy
594,594,IGL.NS,2019-09-25,1426.0,180.0,0.0,Sell
595,595,GLENMARK.NS,2019-09-25,443.0,350.8999938964844,0.0,Sell
596,596,SUNDARMFIN.NS,2019-09-25,129.0,1598.800048828125,0.0,Buy
597,597,PHOENIXLTD.NS,2019-09-25,572.0,360.9750061035156,0.0,Buy
598,598,NESTLEIND.NS,2019-09-30,152.0,1374.010009765625,0.0,Sell
599,599,NTPC.NS,2019-09-30,1787.0,117.0999984741211,0.0,Buy
600,600,TCS.NS,2019-10-01,78.0,2095.949951171875,0.0,Sell
601,601,AMBER.NS,2019-10-01,180.0,908.1500244140624,0.0,Buy
602,602,NTPC.NS,2019-10-07,1787.0,117.4499969482422,0.0,Sell
603,603,SUNDARMFIN.NS,2019-10-07,129.0,1598.0,0.0,Sell
604,604,PHOENIXLTD.NS,2019-10-07,572.0,354.0,0.0,Sell
605,605,MCX.NS,2019-10-07,218.0,941.9000244140624,0.0,Buy
606,606,COFORGE.NS,2019-10-07,149.0,1383.449951171875,0.0,Buy
607,607,CENTRALBK.NS,2019-10-07,11551.0,17.850000381469727,0.0,Buy
608,608,ABBOTINDIA.NS,2019-10-11,23.0,11000.0498046875,0.0,Sell
609,609,AMBER.NS,2019-10-11,180.0,910.0,0.0,Sell
610,610,IIFL.NS,2019-10-11,1324.0,113.0999984741211,0.0,Sell
611,611,CYIENT.NS,2019-10-11,413.0,457.3500061035156,0.0,Buy
612,612,IDBI.NS,2019-10-11,6423.0,29.450000762939453,0.0,Buy
613,613,RTNINDIA.NS,2019-10-11,126107.0,1.5,0.0,Buy
614,614,MCX.NS,2019-10-14,218.0,1003.9000244140624,0.0,Sell
615,615,SONATSOFTW.NS,2019-10-14,1612.0,112.5749969482422,0.0,Sell
616,616,SOLARINDS.NS,2019-10-14,185.0,1080.050048828125,0.0,Buy
617,617,MMTC.NS,2019-10-14,13353.0,15.0,0.0,Buy
618,618,SOLARINDS.NS,2019-10-17,185.0,1096.550048828125,0.0,Sell
619,619,RTNINDIA.NS,2019-10-17,126107.0,1.5499999523162842,0.0,Sell
620,620,IDBI.NS,2019-10-17,6423.0,29.0,0.0,Sell
621,621,TITAN.NS,2019-10-17,151.0,1285.0,0.0,Buy
622,622,JUBLFOOD.NS,2019-10-17,745.0,261.6000061035156,0.0,Buy
623,623,OIL.NS,2019-10-17,1813.0,107.53333282470705,0.0,Buy
624,624,OIL.NS,2019-10-24,1813.0,110.13333129882812,0.0,Sell
625,625,RBLBANK.NS,2019-10-24,765.0,262.29998779296875,0.0,Buy
626,626,COFORGE.NS,2019-10-25,149.0,1485.0,0.0,Sell
627,627,GICRE.NS,2019-10-25,896.0,247.0,0.0,Buy
628,628,CYIENT.NS,2019-11-13,413.0,402.3999938964844,0.0,Sell
629,629,INDUSINDBK.NS,2019-11-13,115.0,1445.0,0.0,Buy
630,630,GICRE.NS,2019-11-18,896.0,258.1000061035156,0.0,Sell
631,631,BAYERCROP.NS,2019-11-18,58.0,3330.949951171875,0.0,Sell
632,632,ABBOTINDIA.NS,2019-11-18,17.0,12450.099609375,0.0,Buy
633,633,KEI.NS,2019-11-18,397.0,534.0,0.0,Buy
634,634,INDUSINDBK.NS,2019-12-24,115.0,1495.0,0.0,Sell
635,635,ECLERX.NS,2019-12-24,465.0,371.3333435058594,0.0,Buy
636,636,TITAN.NS,2020-01-02,151.0,1157.0,0.0,Sell
637,637,BRIGADE.NS,2020-01-02,810.0,215.8999938964844,0.0,Buy
638,638,MMTC.NS,2020-01-03,13353.0,20.100000381469727,0.0,Sell
639,639,CENTRALBK.NS,2020-01-03,11551.0,18.25,0.0,Sell
640,640,TCS.NS,2020-01-03,110.0,2164.0,0.0,Buy
641,641,SAREGAMA.NS,2020-01-03,5765.0,41.56306457519531,0.0,Buy
642,642,BRIGADE.NS,2020-01-07,810.0,216.0,0.0,Sell
643,643,ESCORTS.NS,2020-01-07,288.0,612.2999877929688,0.0,Buy
644,644,RBLBANK.NS,2020-01-08,765.0,335.0,0.0,Sell
645,645,ESCORTS.NS,2020-01-08,288.0,607.75,0.0,Sell
646,646,ACE.NS,2020-01-08,2093.0,79.5999984741211,0.0,Sell
647,647,INDUSINDBK.NS,2020-01-08,138.0,1441.0,0.0,Buy
648,648,VBL.NS,2020-01-08,3250.0,61.33333206176758,0.0,Buy
649,649,BSOFT.NS,2020-01-08,2812.0,70.9000015258789,0.0,Buy
650,650,ASTRAL.NS,2020-01-13,406.0,638.3251342773438,0.0,Sell
651,651,VBL.NS,2020-01-13,3250.0,65.9022216796875,0.0,Sell
652,652,DABUR.NS,2020-01-13,504.0,469.75,0.0,Buy
653,653,JYOTHYLAB.NS,2020-01-13,1520.0,155.85000610351562,0.0,Buy
654,654,BSOFT.NS,2020-01-14,2812.0,73.0,0.0,Sell
655,655,BAJFINANCE.NS,2020-01-14,492.0,417.0,0.0,Buy
656,656,INDUSINDBK.NS,2020-01-15,138.0,1463.4000244140625,0.0,Sell
657,657,GRAPHITE.NS,2020-01-15,670.0,301.6000061035156,0.0,Buy
658,658,ECLERX.NS,2020-01-16,465.0,449.3333435058594,0.0,Sell
659,659,ASTRAL.NS,2020-01-16,327.0,638.6063842773438,0.0,Buy
660,660,SAREGAMA.NS,2020-01-31,5765.0,41.04790115356445,0.0,Sell
661,661,SCHAEFFLER.NS,2020-01-31,254.0,932.2000122070312,0.0,Buy
662,662,KEI.NS,2020-02-03,397.0,546.0,0.0,Sell
663,663,GRAPHITE.NS,2020-02-03,670.0,288.0,0.0,Sell
664,664,GLAXO.NS,2020-02-03,124.0,1645.0,0.0,Buy
665,665,NESTLEIND.NS,2020-02-03,131.0,1558.9000244140625,0.0,Buy
666,666,NESTLEIND.NS,2020-02-20,131.0,1674.0,0.0,Sell
667,667,INDUSINDBK.NS,2020-02-20,193.0,1145.050048828125,0.0,Buy
668,668,DABUR.NS,2020-03-18,504.0,435.0,0.0,Sell
669,669,APLLTD.NS,2020-03-18,408.0,537.0999755859375,0.0,Buy
670,670,JUBLFOOD.NS,2020-03-19,745.0,229.6000061035156,0.0,Sell
671,671,AMBER.NS,2020-03-19,167.0,1025.0,0.0,Buy
672,672,JYOTHYLAB.NS,2020-03-25,1520.0,93.0,0.0,Sell
673,673,GRAPHITE.NS,2020-03-25,1329.0,106.4000015258789,0.0,Buy
674,674,INDUSINDBK.NS,2020-03-26,193.0,316.3500061035156,0.0,Sell
675,675,JSWHL.NS,2020-03-26,43.0,1405.0,0.0,Buy
676,676,AMBER.NS,2020-04-03,167.0,1268.050048828125,0.0,Sell
677,677,SCHAEFFLER.NS,2020-04-03,254.0,713.8400268554688,0.0,Sell
678,678,SONATSOFTW.NS,2020-04-03,2999.0,65.625,0.0,Buy
679,679,GMRAIRPORT.NS,2020-04-03,13614.0,14.459901809692385,0.0,Buy
680,680,JSWHL.NS,2020-04-07,43.0,1514.0,0.0,Sell
681,681,TIMKEN.NS,2020-04-07,78.0,829.9000244140625,0.0,Buy
682,682,SONATSOFTW.NS,2020-05-11,2999.0,79.76249694824219,0.0,Sell
683,683,SAMMAANCAP.NS,2020-05-11,2133.0,112.31460571289062,0.0,Buy
684,684,GRAPHITE.NS,2020-05-12,1329.0,182.25,0.0,Sell
685,685,TVSMOTOR.NS,2020-05-12,736.0,329.0,0.0,Buy
686,686,TVSMOTOR.NS,2020-05-19,736.0,311.0,0.0,Sell
687,687,WELCORP.NS,2020-05-19,3979.0,57.54999923706055,0.0,Buy
688,688,SAMMAANCAP.NS,2020-05-20,2133.0,106.43145751953124,0.0,Sell
689,689,BRIGADE.NS,2020-05-20,2355.0,96.4000015258789,0.0,Buy
690,690,TIMKEN.NS,2020-06-12,78.0,875.0,0.0,Sell
691,691,GPIL.NS,2020-06-12,2151.0,31.75,0.0,Buy
692,692,BAJFINANCE.NS,2020-06-29,492.0,283.3999938964844,0.0,Sell
693,693,NTPC.NS,2020-06-29,1427.0,97.6500015258789,0.0,Buy
694,694,BRIGADE.NS,2020-06-30,2355.0,137.3000030517578,0.0,Sell
695,695,GMRAIRPORT.NS,2020-06-30,13614.0,18.24380111694336,0.0,Sell
696,696,JSWHL.NS,2020-06-30,145.0,1971.449951171875,0.0,Buy
697,697,CGCL.NS,2020-06-30,1889.0,151.34716796875,0.0,Buy
698,698,TCS.NS,2020-07-03,110.0,2163.64990234375,0.0,Sell
699,699,ECLERX.NS,2020-07-03,756.0,314.4666748046875,0.0,Buy
700,700,ABBOTINDIA.NS,2020-07-14,17.0,15452.0,0.0,Sell
701,701,ASTRAL.NS,2020-07-14,327.0,518.6251220703125,0.0,Sell
702,702,GPIL.NS,2020-07-14,2151.0,40.525001525878906,0.0,Sell
703,703,AMBER.NS,2020-07-14,112.0,1538.25,0.0,Buy
704,704,TCS.NS,2020-07-14,78.0,2210.0,0.0,Buy
705,705,HCLTECH.NS,2020-07-14,286.0,604.5999755859375,0.0,Buy
706,706,ECLERX.NS,2020-07-22,756.0,348.6666564941406,0.0,Sell
707,707,BIOCON.NS,2020-07-22,620.0,428.0,0.0,Buy
708,708,CGCL.NS,2020-07-23,1889.0,155.3200225830078,0.0,Sell
709,709,CIPLA.NS,2020-07-23,442.0,663.9500122070312,0.0,Buy
710,710,APLLTD.NS,2020-07-28,408.0,970.0,0.0,Sell
711,711,WIPRO.NS,2020-07-28,2941.0,134.64999389648438,0.0,Buy
712,712,CIPLA.NS,2020-07-31,442.0,687.0,0.0,Sell
713,713,BIOCON.NS,2020-07-31,620.0,408.0,0.0,Sell
714,714,PRAJIND.NS,2020-07-31,4471.0,62.25,0.0,Buy
715,715,NLCINDIA.NS,2020-07-31,5793.0,48.04999923706055,0.0,Buy
716,716,TCS.NS,2020-08-03,78.0,2290.449951171875,0.0,Sell
717,717,NTPC.NS,2020-08-03,1427.0,87.19999694824219,0.0,Sell
718,718,TRIVENI.NS,2020-08-03,5327.0,56.900001525878906,0.0,Buy
719,719,HCLTECH.NS,2020-08-06,286.0,692.0,0.0,Sell
720,720,JSWHL.NS,2020-08-10,145.0,1982.0,0.0,Sell
721,721,JBCHEPHARM.NS,2020-08-10,440.0,366.875,0.0,Buy
722,722,ADANIPOWER.NS,2020-08-10,4413.0,36.650001525878906,0.0,Buy
723,723,IEX.NS,2020-08-10,2613.0,61.900001525878906,0.0,Buy
724,724,IEX.NS,2020-08-11,2613.0,65.38333129882812,0.0,Sell
725,725,HEG.NS,2020-08-11,1085.0,157.6999969482422,0.0,Buy
726,726,WIPRO.NS,2020-08-12,2941.0,140.1999969482422,0.0,Sell
727,727,CGCL.NS,2020-08-12,2161.0,190.79202270507812,0.0,Buy
728,728,JBCHEPHARM.NS,2020-08-17,440.0,389.0,0.0,Sell
729,729,BRIGADE.NS,2020-08-17,1120.0,152.89999389648438,0.0,Buy
730,730,WELCORP.NS,2020-08-19,3979.0,115.8000030517578,0.0,Sell
731,731,ECLERX.NS,2020-08-19,981.0,469.3333435058594,0.0,Buy
732,732,ECLERX.NS,2020-08-26,981.0,513.8666381835938,0.0,Sell
733,733,SKFINDIA.NS,2020-08-26,307.0,1640.0,0.0,Buy
734,734,SKFINDIA.NS,2020-08-27,307.0,1676.800048828125,0.0,Sell
735,735,AMBER.NS,2020-08-27,112.0,1820.0,0.0,Sell
736,736,ADANIENT.NS,2020-08-27,1263.0,284.8999938964844,0.0,Buy
737,737,J&KBANK.NS,2020-08-27,19663.0,18.299999237060547,0.0,Buy
738,738,BRIGADE.NS,2020-08-28,1120.0,181.6999969482422,0.0,Sell
739,739,BHARTIARTL.NS,2020-08-28,404.0,502.6625061035156,0.0,Buy
740,740,J&KBANK.NS,2020-08-31,19663.0,20.350000381469727,0.0,Sell
741,741,SKFINDIA.NS,2020-08-31,242.0,1654.050048828125,0.0,Buy
742,742,BHARTIARTL.NS,2020-09-07,404.0,515.3247680664062,0.0,Sell
743,743,J&KBANK.NS,2020-09-07,11846.0,17.600000381469727,0.0,Buy
744,744,ADANIENT.NS,2020-09-15,1263.0,294.8999938964844,0.0,Sell
745,745,GLAXO.NS,2020-09-15,124.0,1726.0,0.0,Sell
746,746,ABBOTINDIA.NS,2020-09-15,17.0,16620.0,0.0,Buy
747,747,ICICIGI.NS,2020-09-15,221.0,1325.0,0.0,Buy
748,748,ICICIGI.NS,2020-09-21,221.0,1304.449951171875,0.0,Sell
749,749,TRITURBINE.NS,2020-09-21,4076.0,73.44999694824219,0.0,Buy
750,750,J&KBANK.NS,2020-09-29,11846.0,15.050000190734863,0.0,Sell
751,751,CEATLTD.NS,2020-09-29,186.0,955.0,0.0,Buy
752,752,CGCL.NS,2020-09-30,2161.0,212.8319549560547,0.0,Sell
753,753,SCHAEFFLER.NS,2020-09-30,637.0,722.1099853515625,0.0,Buy
754,754,PRAJIND.NS,2020-10-07,4471.0,77.25,0.0,Sell
755,755,INDUSINDBK.NS,2020-10-07,557.0,620.9500122070312,0.0,Buy
756,756,NLCINDIA.NS,2020-10-09,5793.0,51.25,0.0,Sell
757,757,ABBOTINDIA.NS,2020-10-09,17.0,16138.0,0.0,Sell
758,758,JKCEMENT.NS,2020-10-09,177.0,1605.1500244140625,0.0,Buy
759,759,LEMONTREE.NS,2020-10-09,10258.0,27.850000381469727,0.0,Buy
760,760,HEG.NS,2020-10-20,1085.0,143.67999267578125,0.0,Sell
761,761,KEI.NS,2020-10-20,481.0,326.75,0.0,Buy
762,762,LEMONTREE.NS,2020-10-28,10258.0,28.5,0.0,Sell
763,763,BRIGADE.NS,2020-10-28,1674.0,174.8000030517578,0.0,Buy
764,764,INDUSINDBK.NS,2020-10-29,557.0,585.0,0.0,Sell
765,765,ASTRAL.NS,2020-10-29,530.0,613.884521484375,0.0,Buy
766,766,SCHAEFFLER.NS,2020-11-04,637.0,739.5999755859375,0.0,Sell
767,767,LINDEINDIA.NS,2020-11-04,575.0,820.0,0.0,Buy
768,768,TRIVENI.NS,2020-11-05,5327.0,70.6500015258789,0.0,Sell
769,769,TITAN.NS,2020-11-05,307.0,1224.1500244140625,0.0,Buy
770,770,SKFINDIA.NS,2020-11-18,242.0,1576.0,0.0,Sell
771,771,GRSE.NS,2020-11-18,1990.0,192.0,0.0,Buy
772,772,TITAN.NS,2020-11-19,307.0,1278.550048828125,0.0,Sell
773,773,NTPC.NS,2020-11-19,4440.0,88.4000015258789,0.0,Buy
774,774,CEATLTD.NS,2020-11-24,186.0,1135.75,0.0,Sell
775,775,ADANIPOWER.NS,2020-11-24,4413.0,39.0,0.0,Sell
776,776,BPCL.NS,2020-11-24,963.0,199.0,0.0,Buy
777,777,ABFRL.NS,2020-11-24,1213.0,158.0,0.0,Buy
778,778,NTPC.NS,2020-11-26,4440.0,93.9499969482422,0.0,Sell
779,779,KEI.NS,2020-11-26,481.0,411.0,0.0,Sell
780,780,SIEMENS.NS,2020-11-26,218.0,1405.0,0.0,Buy
781,781,IPCALAB.NS,2020-11-26,289.0,1063.0,0.0,Buy
782,782,GRSE.NS,2020-11-27,1990.0,196.8000030517578,0.0,Sell
783,783,SUPREMEIND.NS,2020-11-27,251.0,1563.0999755859375,0.0,Buy
784,784,SUPREMEIND.NS,2020-12-15,251.0,1750.0,0.0,Sell
785,785,JSWHL.NS,2020-12-15,109.0,4000.0,0.0,Buy
786,786,JKCEMENT.NS,2020-12-16,177.0,1937.3499755859375,0.0,Sell
787,787,FACT.NS,2020-12-16,6091.0,56.95000076293945,0.0,Buy
788,788,BPCL.NS,2020-12-17,963.0,201.25,0.0,Sell
789,789,VBL.NS,2020-12-17,2224.0,87.12000274658203,0.0,Buy
790,790,ASTRAL.NS,2021-01-05,530.0,1003.500244140625,0.0,Sell
791,791,IGL.NS,2021-01-05,2078.0,255.875,0.0,Buy
792,792,VBL.NS,2021-01-07,2224.0,86.44444274902344,0.0,Sell
793,793,ABBOTINDIA.NS,2021-01-07,12.0,15664.2998046875,0.0,Buy
794,794,SIEMENS.NS,2021-01-08,218.0,1639.4000244140625,0.0,Sell
795,795,TRITURBINE.NS,2021-01-08,4076.0,84.0999984741211,0.0,Sell
796,796,TITAN.NS,2021-01-08,227.0,1547.9000244140625,0.0,Buy
797,797,TORNTPHARM.NS,2021-01-08,252.0,1394.5,0.0,Buy
798,798,TORNTPHARM.NS,2021-01-14,252.0,1390.0,0.0,Sell
799,799,ABFRL.NS,2021-01-14,1213.0,181.5,0.0,Sell
800,800,NESTLEIND.NS,2021-01-14,158.0,1804.9000244140625,0.0,Buy
801,801,GODREJPROP.NS,2021-01-14,200.0,1430.0,0.0,Buy
802,802,FACT.NS,2021-01-15,6091.0,85.0,0.0,Sell
803,803,MGL.NS,2021-01-15,464.0,1118.0,0.0,Buy
804,804,IPCALAB.NS,2021-01-19,289.0,1062.5,0.0,Sell
805,805,ASTRAL.NS,2021-01-19,338.0,908.4658813476562,0.0,Buy
806,806,JSWHL.NS,2021-01-28,109.0,3666.10009765625,0.0,Sell
807,807,EICHERMOT.NS,2021-01-28,143.0,2780.0,0.0,Buy
808,808,NESTLEIND.NS,2021-02-01,158.0,1720.0,0.0,Sell
809,809,HCLTECH.NS,2021-02-01,298.0,919.0,0.0,Buy
810,810,IGL.NS,2021-02-04,2078.0,272.3999938964844,0.0,Sell
811,811,BRIGADE.NS,2021-02-04,1674.0,258.1000061035156,0.0,Sell
812,812,ABBOTINDIA.NS,2021-02-04,12.0,14575.0,0.0,Sell
813,813,BAJAJ-AUTO.NS,2021-02-04,92.0,4236.35009765625,0.0,Buy
814,814,SUNTV.NS,2021-02-04,757.0,515.9000244140625,0.0,Buy
815,815,COFORGE.NS,2021-02-04,154.0,2539.0,0.0,Buy
816,816,MGL.NS,2021-02-05,464.0,1108.0,0.0,Sell
817,817,EICHERMOT.NS,2021-02-05,143.0,2973.199951171875,0.0,Sell
818,818,NLCINDIA.NS,2021-02-05,8276.0,56.849998474121094,0.0,Buy
819,819,SARDAEN.NS,2021-02-05,12481.0,37.70000076293945,0.0,Buy
820,820,NLCINDIA.NS,2021-02-10,8276.0,58.400001525878906,0.0,Sell
821,821,COFORGE.NS,2021-02-10,154.0,2555.0,0.0,Sell
822,822,PIIND.NS,2021-02-10,196.0,2230.0,0.0,Buy
823,823,WIPRO.NS,2021-02-10,1983.0,221.0,0.0,Buy
824,824,SUNTV.NS,2021-02-15,757.0,518.0,0.0,Sell
825,825,ASTRAL.NS,2021-02-15,338.0,1139.062744140625,0.0,Sell
826,826,GODREJPROP.NS,2021-02-15,200.0,1500.5,0.0,Sell
827,827,BALRAMCHIN.NS,2021-02-15,2249.0,159.85000610351562,0.0,Buy
828,828,JSL.NS,2021-02-15,4839.0,74.30000305175781,0.0,Buy
829,829,LEMONTREE.NS,2021-02-15,8470.0,42.45000076293945,0.0,Buy
830,830,WIPRO.NS,2021-03-01,1983.0,205.5,0.0,Sell
831,831,ECLERX.NS,2021-03-01,654.0,622.5333251953125,0.0,Buy
832,832,HCLTECH.NS,2021-03-12,298.0,988.5,0.0,Sell
833,833,JUSTDIAL.NS,2021-03-12,295.0,998.7999877929688,0.0,Buy
834,834,LINDEINDIA.NS,2021-03-31,575.0,1750.0,0.0,Sell
835,835,BRIGADE.NS,2021-03-31,3608.0,278.95001220703125,0.0,Buy
836,836,JSL.NS,2021-04-12,4839.0,77.8499984741211,0.0,Sell
837,837,INDUSINDBK.NS,2021-04-12,426.0,884.0,0.0,Buy
838,838,BAJAJ-AUTO.NS,2021-04-22,92.0,3594.800048828125,0.0,Sell
839,839,SAMMAANCAP.NS,2021-04-22,2185.0,151.53558349609375,0.0,Buy
840,840,SARDAEN.NS,2021-05-21,12481.0,51.599998474121094,0.0,Sell
841,841,SAMMAANCAP.NS,2021-05-21,2185.0,190.75656127929688,0.0,Sell
842,842,JUSTDIAL.NS,2021-05-21,295.0,800.0,0.0,Sell
843,843,APLLTD.NS,2021-05-21,447.0,965.9500122070312,0.0,Buy
844,844,HCLTECH.NS,2021-05-21,467.0,925.5,0.0,Buy
845,845,GRSE.NS,2021-05-21,2299.0,188.0,0.0,Buy
846,846,LEMONTREE.NS,2021-05-24,8470.0,40.75,0.0,Sell
847,847,SCHAEFFLER.NS,2021-05-24,336.0,1027.800048828125,0.0,Buy
848,848,APLLTD.NS,2021-05-25,447.0,960.0,0.0,Sell
849,849,BLS.NS,2021-05-25,15253.0,28.162500381469727,0.0,Buy
850,850,GRSE.NS,2021-05-26,2299.0,185.6000061035156,0.0,Sell
851,851,JUSTDIAL.NS,2021-05-26,538.0,791.9500122070312,0.0,Buy
852,852,INDUSINDBK.NS,2021-06-02,426.0,1008.9000244140624,0.0,Sell
853,853,SCHAEFFLER.NS,2021-06-02,336.0,1035.0,0.0,Sell
854,854,APLLTD.NS,2021-06-02,412.0,943.9500122070312,0.0,Buy
855,855,GRSE.NS,2021-06-02,2133.0,182.3999938964844,0.0,Buy
856,856,BRIGADE.NS,2021-06-07,3608.0,273.79998779296875,0.0,Sell
857,857,JSWHL.NS,2021-06-07,173.0,5707.0,0.0,Buy
858,858,JUSTDIAL.NS,2021-06-11,538.0,973.5,0.0,Sell
859,859,CGCL.NS,2021-06-11,1036.0,505.9724731445313,0.0,Buy
860,860,CGCL.NS,2021-06-14,1036.0,505.12115478515625,0.0,Sell
861,861,BRIGADE.NS,2021-06-14,1863.0,280.95001220703125,0.0,Buy
862,862,TITAN.NS,2021-06-15,227.0,1748.0,0.0,Sell
863,863,ATGL.NS,2021-06-15,270.0,1467.699951171875,0.0,Buy
864,864,HCLTECH.NS,2021-06-16,467.0,984.0499877929688,0.0,Sell
865,865,RBLBANK.NS,2021-06-16,2094.0,219.8000030517578,0.0,Buy
866,866,BALRAMCHIN.NS,2021-06-21,2249.0,315.29998779296875,0.0,Sell
867,867,ATGL.NS,2021-06-21,270.0,1195.550048828125,0.0,Sell
868,868,PNBHOUSING.NS,2021-06-21,888.0,580.5550537109375,0.0,Buy
869,869,NLCINDIA.NS,2021-06-21,8599.0,60.0,0.0,Buy
870,870,BLS.NS,2021-06-22,15253.0,34.25,0.0,Sell
871,871,RBLBANK.NS,2021-06-22,2094.0,214.0,0.0,Sell
872,872,ALKEM.NS,2021-06-22,154.0,3140.0,0.0,Buy
873,873,TITAN.NS,2021-06-22,277.0,1750.0999755859375,0.0,Buy
874,874,JSWHL.NS,2021-06-24,173.0,4892.89990234375,0.0,Sell
875,875,NLCINDIA.NS,2021-06-24,8599.0,62.25,0.0,Sell
876,876,SHREECEM.NS,2021-06-24,23.0,28870.0,0.0,Buy
877,877,MCX.NS,2021-06-24,463.0,1491.9000244140625,0.0,Buy
878,878,PNBHOUSING.NS,2021-06-25,888.0,554.96240234375,0.0,Sell
879,879,ICICIGI.NS,2021-06-25,341.0,1529.0,0.0,Buy
880,880,MCX.NS,2021-07-13,463.0,1490.0,0.0,Sell
881,881,PIIND.NS,2021-07-13,196.0,2974.89990234375,0.0,Sell
882,882,GPIL.NS,2021-07-13,1784.0,357.0,0.0,Buy
883,883,VBL.NS,2021-07-13,6109.0,104.26666259765624,0.0,Buy
884,884,APLLTD.NS,2021-07-26,412.0,950.0,0.0,Sell
885,885,NTPC.NS,2021-07-26,3312.0,118.1999969482422,0.0,Buy
886,886,GPIL.NS,2021-08-04,1784.0,401.25,0.0,Sell
887,887,JUSTDIAL.NS,2021-08-04,739.0,967.9000244140624,0.0,Buy
888,888,SHREECEM.NS,2021-08-10,23.0,28195.0,0.0,Sell
889,889,VBL.NS,2021-08-10,6109.0,102.36000061035156,0.0,Sell
890,890,ATGL.NS,2021-08-10,688.0,926.0,0.0,Buy
891,891,TRITURBINE.NS,2021-08-10,5165.0,123.3499984741211,0.0,Buy
892,892,TRITURBINE.NS,2021-08-23,5165.0,128.4499969482422,0.0,Sell
893,893,ICICIGI.NS,2021-08-23,341.0,1473.0,0.0,Sell
894,894,ABBOTINDIA.NS,2021-08-23,30.0,19050.0,0.0,Buy
895,895,SKFINDIA.NS,2021-08-23,209.0,2788.0,0.0,Buy
896,896,ALKEM.NS,2021-08-26,154.0,3816.0,0.0,Sell
897,897,GICRE.NS,2021-08-26,3722.0,161.0500030517578,0.0,Buy
898,898,ATGL.NS,2021-09-13,688.0,1348.0,0.0,Sell
899,899,SKFINDIA.NS,2021-09-13,209.0,3205.5,0.0,Sell
900,900,JBCHEPHARM.NS,2021-09-13,906.0,880.9749755859375,0.0,Buy
901,901,SJVN.NS,2021-09-13,29636.0,26.950000762939453,0.0,Buy
902,902,ABBOTINDIA.NS,2021-09-24,30.0,21699.0,0.0,Sell
903,903,EMAMILTD.NS,2021-09-24,1105.0,589.5499877929688,0.0,Buy
904,904,JUSTDIAL.NS,2021-10-04,739.0,991.9000244140624,0.0,Sell
905,905,ADANIPOWER.NS,2021-10-04,7491.0,97.8499984741211,0.0,Buy
906,906,SJVN.NS,2021-10-05,29636.0,28.5,0.0,Sell
907,907,ALKEM.NS,2021-10-05,213.0,3962.0,0.0,Buy
908,908,GICRE.NS,2021-10-06,3722.0,145.0,0.0,Sell
909,909,NTPC.NS,2021-10-06,3312.0,146.4499969482422,0.0,Sell
910,910,PCBL.NS,2021-10-06,3785.0,135.47500610351562,0.0,Buy
911,911,TARIL.NS,2021-10-06,30705.0,16.700000762939453,0.0,Buy
912,912,BRIGADE.NS,2021-10-12,1863.0,468.0,0.0,Sell
913,913,TCS.NS,2021-10-12,235.0,3706.0,0.0,Buy
914,914,TARIL.NS,2021-10-13,30705.0,15.100000381469728,0.0,Sell
915,915,HDFCAMC.NS,2021-10-13,159.0,2910.0,0.0,Buy
916,916,ALKEM.NS,2021-10-14,213.0,3945.0,0.0,Sell
917,917,ADANIPOWER.NS,2021-10-14,7491.0,108.4499969482422,0.0,Sell
918,918,EMAMILTD.NS,2021-10-14,1105.0,544.0,0.0,Sell
919,919,MGL.NS,2021-10-14,689.0,1090.0999755859375,0.0,Buy
920,920,METROPOLIS.NS,2021-10-14,276.0,2723.60009765625,0.0,Buy
921,921,HCLTECH.NS,2021-10-14,583.0,1289.4000244140625,0.0,Buy
922,922,HCLTECH.NS,2021-10-21,583.0,1238.9000244140625,0.0,Sell
923,923,PCBL.NS,2021-10-21,3785.0,118.0,0.0,Sell
924,924,SCHAEFFLER.NS,2021-10-21,380.0,1537.0,0.0,Buy
925,925,CGCL.NS,2021-10-21,1208.0,483.9798583984375,0.0,Buy
926,926,MGL.NS,2021-10-27,689.0,988.0,0.0,Sell
927,927,EICHERMOT.NS,2021-10-27,263.0,2592.0,0.0,Buy
928,928,SCHAEFFLER.NS,2021-11-02,380.0,1505.0400390625,0.0,Sell
929,929,SAMMAANCAP.NS,2021-11-02,2918.0,196.14944458007812,0.0,Buy
930,930,TCS.NS,2021-11-08,235.0,3548.0,0.0,Sell
931,931,EICHERMOT.NS,2021-11-08,263.0,2724.75,0.0,Sell
932,932,ABBOTINDIA.NS,2021-11-08,38.0,20210.099609375,0.0,Buy
933,933,JMFINANCIL.NS,2021-11-08,9119.0,85.0,0.0,Buy
934,934,SAMMAANCAP.NS,2021-11-12,2918.0,209.4756622314453,0.0,Sell
935,935,COFORGE.NS,2021-11-12,113.0,5431.0,0.0,Buy
936,936,JMFINANCIL.NS,2021-11-15,9119.0,82.19999694824219,0.0,Sell
937,937,KPITTECH.NS,2021-11-15,1740.0,433.5,0.0,Buy
938,938,CGCL.NS,2021-11-16,1208.0,494.6214599609375,0.0,Sell
939,939,NESTLEIND.NS,2021-11-16,307.0,1945.0150146484375,0.0,Buy
940,940,TITAN.NS,2021-11-17,277.0,2522.89990234375,0.0,Sell
941,941,GRSE.NS,2021-11-17,2133.0,260.70001220703125,0.0,Sell
942,942,HDFCAMC.NS,2021-11-17,159.0,2652.050048828125,0.0,Sell
943,943,MRF.NS,2021-11-17,7.0,78694.453125,0.0,Buy
944,944,PIIND.NS,2021-11-17,191.0,2920.0,0.0,Buy
945,945,PERSISTENT.NS,2021-11-17,260.0,2150.0,0.0,Buy
946,946,PIIND.NS,2021-11-25,191.0,2890.949951171875,0.0,Sell
947,947,GRSE.NS,2021-11-25,2351.0,238.8500061035156,0.0,Buy
948,948,COFORGE.NS,2021-12-24,113.0,5468.0,0.0,Sell
949,949,CGCL.NS,2021-12-24,1246.0,495.6619567871094,0.0,Buy
950,950,KPITTECH.NS,2021-12-28,1740.0,562.0,0.0,Sell
951,951,RBLBANK.NS,2021-12-28,6758.0,144.75,0.0,Buy
952,952,ECLERX.NS,2022-01-04,654.0,1870.0,0.0,Sell
953,953,JBCHEPHARM.NS,2022-01-04,906.0,879.125,0.0,Sell
954,954,FACT.NS,2022-01-04,7687.0,131.35000610351562,0.0,Buy
955,955,GICRE.NS,2022-01-04,7207.0,140.10000610351562,0.0,Buy
956,956,RBLBANK.NS,2022-01-06,6758.0,131.1999969482422,0.0,Sell
957,957,ANANTRAJ.NS,2022-01-06,12057.0,73.55000305175781,0.0,Buy
958,958,ANANTRAJ.NS,2022-01-17,12057.0,83.19999694824219,0.0,Sell
959,959,ESCORTS.NS,2022-01-17,536.0,1869.300048828125,0.0,Buy
960,960,CGCL.NS,2022-02-03,1246.0,566.9843139648438,0.0,Sell
961,961,EICHERMOT.NS,2022-02-03,264.0,2675.10009765625,0.0,Buy
962,962,ABBOTINDIA.NS,2022-02-11,38.0,16600.0,0.0,Sell
963,963,APLLTD.NS,2022-02-11,843.0,750.0,0.0,Buy
964,964,PERSISTENT.NS,2022-03-07,260.0,1975.0250244140625,0.0,Sell
965,965,SARDAEN.NS,2022-03-07,5706.0,90.0,0.0,Buy
966,966,NESTLEIND.NS,2022-03-14,307.0,1747.7449951171875,0.0,Sell
967,967,BRIGADE.NS,2022-03-14,1229.0,436.3500061035156,0.0,Buy
968,968,BRIGADE.NS,2022-03-30,1229.0,524.9000244140625,0.0,Sell
969,969,MFSL.NS,2022-03-30,866.0,745.0,0.0,Buy
970,970,METROPOLIS.NS,2022-04-05,276.0,2236.0,0.0,Sell
971,971,ECLERX.NS,2022-04-05,391.0,1578.6666259765625,0.0,Buy
972,972,ESCORTS.NS,2022-04-19,536.0,1564.449951171875,0.0,Sell
973,973,GRSE.NS,2022-04-19,2351.0,306.79998779296875,0.0,Sell
974,974,SCHAEFFLER.NS,2022-04-19,379.0,2056.0,0.0,Buy
975,975,ANANTRAJ.NS,2022-04-19,12244.0,63.70000076293945,0.0,Buy
976,976,FACT.NS,2022-04-21,7687.0,133.8000030517578,0.0,Sell
977,977,EICHERMOT.NS,2022-04-21,264.0,2550.0,0.0,Sell
978,978,MRF.NS,2022-04-21,7.0,68005.0,0.0,Sell
979,979,AMBER.NS,2022-04-21,200.0,3629.39990234375,0.0,Buy
980,980,GRAPHITE.NS,2022-04-21,1308.0,555.0,0.0,Buy
981,981,GRSE.NS,2022-04-21,2473.0,293.6000061035156,0.0,Buy
982,982,GICRE.NS,2022-04-26,7207.0,120.0,0.0,Sell
983,983,SARDAEN.NS,2022-04-26,5706.0,127.0,0.0,Sell
984,984,ABBOTINDIA.NS,2022-04-26,44.0,17727.55078125,0.0,Buy
985,985,LEMONTREE.NS,2022-04-26,12064.0,65.9000015258789,0.0,Buy
986,986,LEMONTREE.NS,2022-04-27,12064.0,65.19999694824219,0.0,Sell
987,987,ABFRL.NS,2022-04-27,2842.0,282.0,0.0,Buy
988,988,ABBOTINDIA.NS,2022-04-28,44.0,17518.30078125,0.0,Sell
989,989,IGL.NS,2022-04-28,4074.0,189.2250061035156,0.0,Buy
990,990,APLLTD.NS,2022-05-17,843.0,739.1500244140625,0.0,Sell
991,991,GPIL.NS,2022-05-17,1765.0,352.95001220703125,0.0,Buy
992,992,IGL.NS,2022-06-01,4074.0,188.75,0.0,Sell
993,993,SAMMAANCAP.NS,2022-06-01,7338.0,104.82696533203124,0.0,Buy
994,994,GRSE.NS,2022-06-08,2473.0,248.5,0.0,Sell
995,995,GRAPHITE.NS,2022-06-08,1308.0,437.0,0.0,Sell
996,996,HCLTECH.NS,2022-06-08,579.0,1023.0999755859376,0.0,Buy
997,997,FACT.NS,2022-06-08,4699.0,126.1999969482422,0.0,Buy
998,998,SCHAEFFLER.NS,2022-06-17,379.0,2231.39990234375,0.0,Sell
999,999,BRIGADE.NS,2022-06-17,1876.0,451.0,0.0,Buy
1000,1000,SAMMAANCAP.NS,2022-06-24,7338.0,89.4505615234375,0.0,Sell
1001,1001,VBL.NS,2022-06-24,4326.0,151.8000030517578,0.0,Buy
1002,1002,MFSL.NS,2022-06-28,866.0,814.0,0.0,Sell
1003,1003,360ONE.NS,2022-06-28,1966.0,358.51251220703125,0.0,Buy
1004,1004,GPIL.NS,2022-07-05,1765.0,260.20001220703125,0.0,Sell
1005,1005,MINDACORP.NS,2022-07-05,2168.0,211.8999938964844,0.0,Buy
1006,1006,MINDACORP.NS,2022-07-11,2168.0,210.9499969482422,0.0,Sell
1007,1007,APLLTD.NS,2022-07-11,623.0,733.0,0.0,Buy
1008,1008,ANANTRAJ.NS,2022-07-14,12244.0,60.70000076293945,0.0,Sell
1009,1009,TRITURBINE.NS,2022-07-14,4723.0,157.5,0.0,Buy
1010,1010,FACT.NS,2022-07-20,4699.0,102.5500030517578,0.0,Sell
1011,1011,MINDACORP.NS,2022-07-20,2087.0,230.8500061035156,0.0,Buy
1012,1012,TRITURBINE.NS,2022-08-04,4723.0,192.4499969482422,0.0,Sell
1013,1013,ECLERX.NS,2022-08-04,391.0,1536.6666259765625,0.0,Sell
1014,1014,ABBOTINDIA.NS,2022-08-04,36.0,20690.0,0.0,Buy
1015,1015,CEATLTD.NS,2022-08-04,562.0,1343.0,0.0,Buy
1016,1016,HCLTECH.NS,2022-08-17,579.0,963.0,0.0,Sell
1017,1017,MFSL.NS,2022-08-17,692.0,819.9500122070312,0.0,Buy
1018,1018,360ONE.NS,2022-08-22,1966.0,425.25,0.0,Sell
1019,1019,MINDACORP.NS,2022-08-22,2087.0,223.1999969482422,0.0,Sell
1020,1020,APLLTD.NS,2022-08-22,623.0,653.6500244140625,0.0,Sell
1021,1021,JBCHEPHARM.NS,2022-08-22,641.0,888.0999755859375,0.0,Buy
1022,1022,METROPOLIS.NS,2022-08-22,404.0,1410.0,0.0,Buy
1023,1023,J&KBANK.NS,2022-08-22,18869.0,30.200000762939453,0.0,Buy
1024,1024,ABFRL.NS,2022-08-25,2842.0,295.0,0.0,Sell
1025,1025,J&KBANK.NS,2022-08-25,18869.0,30.600000381469727,0.0,Sell
1026,1026,AMBER.NS,2022-08-25,200.0,2304.0,0.0,Sell
1027,1027,ESCORTS.NS,2022-08-25,351.0,1778.5999755859375,0.0,Buy
1028,1028,APLLTD.NS,2022-08-25,942.0,663.75,0.0,Buy
1029,1029,ATUL.NS,2022-08-25,68.0,9199.0,0.0,Buy
1030,1030,VBL.NS,2022-08-29,4326.0,194.8000030517578,0.0,Sell
1031,1031,CEATLTD.NS,2022-08-29,562.0,1345.5,0.0,Sell
1032,1032,TRITURBINE.NS,2022-08-29,4126.0,194.0,0.0,Buy
1033,1033,NLCINDIA.NS,2022-08-29,10797.0,74.1500015258789,0.0,Buy
1034,1034,BRIGADE.NS,2022-08-30,1876.0,497.0,0.0,Sell
1035,1035,NLCINDIA.NS,2022-08-30,10797.0,76.19999694824219,0.0,Sell
1036,1036,ABBOTINDIA.NS,2022-08-30,36.0,18775.0,0.0,Sell
1037,1037,TORNTPHARM.NS,2022-08-30,521.0,1552.949951171875,0.0,Buy
1038,1038,IPCALAB.NS,2022-08-30,891.0,909.0,0.0,Buy
1039,1039,IEX.NS,2022-08-30,5085.0,159.35000610351562,0.0,Buy
1040,1040,TRITURBINE.NS,2022-09-01,4126.0,204.9499969482422,0.0,Sell
1041,1041,APLLTD.NS,2022-09-01,942.0,651.5999755859375,0.0,Sell
1042,1042,MFSL.NS,2022-09-01,692.0,820.0,0.0,Sell
1043,1043,ABBOTINDIA.NS,2022-09-01,36.0,18749.5,0.0,Buy
1044,1044,DIVISLAB.NS,2022-09-01,189.0,3577.300048828125,0.0,Buy
1045,1045,BSOFT.NS,2022-09-01,2133.0,317.0,0.0,Buy
1046,1046,IEX.NS,2022-09-06,5085.0,160.85000610351562,0.0,Sell
1047,1047,TORNTPHARM.NS,2022-09-06,521.0,1528.4000244140625,0.0,Sell
1048,1048,METROPOLIS.NS,2022-09-06,404.0,1387.0,0.0,Sell
1049,1049,3MINDIA.NS,2022-09-06,31.0,23250.099609375,0.0,Buy
1050,1050,CIPLA.NS,2022-09-06,707.0,1025.0,0.0,Buy
1051,1051,BASF.NS,2022-09-06,227.0,3193.25,0.0,Buy
1052,1052,CIPLA.NS,2022-09-08,707.0,1058.5,0.0,Sell
1053,1053,BSOFT.NS,2022-09-08,2133.0,323.3999938964844,0.0,Sell
1054,1054,PATANJALI.NS,2022-09-08,544.0,1325.0,0.0,Buy
1055,1055,IDEA.NS,2022-09-08,72925.0,9.899999618530272,0.0,Buy
1056,1056,IPCALAB.NS,2022-09-09,891.0,876.5,0.0,Sell
1057,1057,3MINDIA.NS,2022-09-09,31.0,22999.94921875,0.0,Sell
1058,1058,ABBOTINDIA.NS,2022-09-09,36.0,18200.0,0.0,Sell
1059,1059,JBCHEPHARM.NS,2022-09-09,641.0,950.0,0.0,Sell
1060,1060,INDIACEM.NS,2022-09-15,10495.0,262.8999938964844,0.0,Buy
1061,1061,YESBANK.NS,2022-09-16,8.0,17.149999618530273,0.0,Buy
1062,1062,INDIACEM.NS,2022-09-26,10495.0,249.0,0.0,Sell
1063,1063,IDEA.NS,2022-09-26,72925.0,8.899999618530273,0.0,Sell
1064,1064,ZYDUSLIFE.NS,2022-09-26,9163.0,356.0,0.0,Buy
1065,1065,ZYDUSLIFE.NS,2022-09-29,9163.0,370.75,0.0,Sell
1066,1066,CENTURYPLY.NS,2022-09-30,1748.0,647.7000122070312,0.0,Buy
1067,1067,BEL.NS,2022-09-30,11398.0,99.3499984741211,0.0,Buy
1068,1068,IRCON.NS,2022-09-30,28816.0,39.29999923706055,0.0,Buy
1069,1069,ESCORTS.NS,2022-10-07,351.0,2134.0,0.0,Sell
1070,1070,MCX.NS,2022-10-07,569.0,1314.9000244140625,0.0,Buy
1071,1071,BASF.NS,2022-10-10,227.0,2911.0,0.0,Sell
1072,1072,HINDZINC.NS,2022-10-10,2323.0,285.0,0.0,Buy
1073,1073,BEL.NS,2022-10-12,11398.0,102.6500015258789,0.0,Sell
1074,1074,CENTURYPLY.NS,2022-10-12,1748.0,622.0499877929688,0.0,Sell
1075,1075,MCX.NS,2022-10-12,569.0,1296.300048828125,0.0,Sell
1076,1076,TORNTPHARM.NS,2022-10-12,625.0,1596.050048828125,0.0,Buy
1077,1077,GRSE.NS,2022-10-12,2323.0,429.75,0.0,Buy
1078,1078,SJVN.NS,2022-10-12,30390.0,32.849998474121094,0.0,Buy
1079,1079,VBL.NS,2022-11-09,3.0,233.8000030517578,0.0,Buy
1080,1080,GRSE.NS,2022-11-18,2323.0,496.2000122070313,0.0,Sell
1081,1081,APLLTD.NS,2022-11-18,1816.0,634.5499877929688,0.0,Buy
1082,1082,VBL.NS,2022-11-28,3.0,230.38999938964844,0.0,Sell
1083,1083,360ONE.NS,2022-11-28,2.0,439.0,0.0,Buy
1084,1084,DIVISLAB.NS,2022-11-30,189.0,3377.699951171875,0.0,Sell
1085,1085,360ONE.NS,2022-11-30,2.0,468.6000061035156,0.0,Sell
1086,1086,HCLTECH.NS,2022-11-30,283.0,1127.0,0.0,Buy
1087,1087,FACT.NS,2022-11-30,2160.0,148.0,0.0,Buy
1088,1088,SJVN.NS,2022-12-07,30390.0,41.150001525878906,0.0,Sell
1089,1089,CGCL.NS,2022-12-07,1713.0,730.2500610351562,0.0,Buy
1090,1090,ATUL.NS,2022-12-13,68.0,8290.7998046875,0.0,Sell
1091,1091,TVSMOTOR.NS,2022-12-13,540.0,1043.199951171875,0.0,Buy
1092,1092,TVSMOTOR.NS,2022-12-16,540.0,1032.0,0.0,Sell
1093,1093,OFSS.NS,2022-12-16,184.0,3030.0,0.0,Buy
1094,1094,OFSS.NS,2022-12-20,184.0,2999.0,0.0,Sell
1095,1095,ESCORTS.NS,2022-12-20,252.0,2190.10009765625,0.0,Buy
1096,1096,TORNTPHARM.NS,2022-12-29,625.0,1577.75,0.0,Sell
1097,1097,BLS.NS,2022-12-29,5804.0,170.0,0.0,Buy
1098,1098,CGCL.NS,2023-01-10,1713.0,718.7098388671875,0.0,Sell
1099,1099,BRIGADE.NS,2023-01-10,2699.0,456.0499877929687,0.0,Buy
1100,1100,BRIGADE.NS,2023-01-20,2699.0,459.2999877929687,0.0,Sell
1101,1101,ANANTRAJ.NS,2023-01-20,9984.0,124.1999969482422,0.0,Buy
1102,1102,IRCON.NS,2023-01-27,28816.0,58.099998474121094,0.0,Sell
1103,1103,GPIL.NS,2023-01-27,4270.0,392.0,0.0,Buy
1104,1104,YESBANK.NS,2023-02-15,8.0,16.299999237060547,0.0,Sell
1105,1105,360ONE.NS,2023-02-15,1.0,462.5,0.0,Buy
1106,1106,GPIL.NS,2023-02-27,4270.0,356.54998779296875,0.0,Sell
1107,1107,SAMMAANCAP.NS,2023-02-27,16786.0,90.69850158691406,0.0,Buy
1108,1108,HINDZINC.NS,2023-03-20,2323.0,316.79998779296875,0.0,Sell
1109,1109,ECLERX.NS,2023-03-20,533.0,1380.0,0.0,Buy
1110,1110,ANANTRAJ.NS,2023-03-23,9984.0,121.0,0.0,Sell
1111,1111,EICHERMOT.NS,2023-03-23,410.0,2942.199951171875,0.0,Buy
1112,1112,SAMMAANCAP.NS,2023-04-03,16786.0,87.71235656738281,0.0,Sell
1113,1113,MFSL.NS,2023-04-03,2322.0,634.9500122070312,0.0,Buy
1114,1114,MFSL.NS,2023-04-12,2322.0,623.4500122070312,0.0,Sell
1115,1115,CGCL.NS,2023-04-12,2474.0,585.0,0.0,Buy
1116,1116,ECLERX.NS,2023-04-13,533.0,1342.5,0.0,Sell
1117,1117,GPIL.NS,2023-04-13,1898.0,377.2000122070313,0.0,Buy
1118,1118,PATANJALI.NS,2023-04-26,544.0,931.0,0.0,Sell
1119,1119,ECLERX.NS,2023-04-26,384.0,1317.5,0.0,Buy
1120,1120,ESCORTS.NS,2023-04-27,252.0,1969.949951171875,0.0,Sell
1121,1121,NLCINDIA.NS,2023-04-27,6214.0,80.0,0.0,Buy
1122,1122,APLLTD.NS,2023-05-23,1816.0,547.5499877929688,0.0,Sell
1123,1123,FACT.NS,2023-05-23,2160.0,303.70001220703125,0.0,Sell
1124,1124,SCHAEFFLER.NS,2023-05-23,290.0,2844.0,0.0,Buy
1125,1125,BRIGADE.NS,2023-05-23,1555.0,530.4000244140625,0.0,Buy
1126,1126,NLCINDIA.NS,2023-05-29,6214.0,95.6500015258789,0.0,Sell
1127,1127,ANANTRAJ.NS,2023-05-29,4024.0,147.89999389648438,0.0,Buy
1128,1128,BLS.NS,2023-06-13,5804.0,181.5,0.0,Sell
1129,1129,INDUSINDBK.NS,2023-06-13,788.0,1336.0,0.0,Buy
1130,1130,INDUSINDBK.NS,2023-06-21,788.0,1297.75,0.0,Sell
1131,1131,SCHAEFFLER.NS,2023-06-21,290.0,3244.5,0.0,Sell
1132,1132,360ONE.NS,2023-06-21,1.0,441.7000122070313,0.0,Sell
1133,1133,SONATSOFTW.NS,2023-06-21,1266.0,516.9000244140625,0.0,Buy
1134,1134,JBCHEPHARM.NS,2023-06-21,546.0,1198.75,0.0,Buy
1135,1135,PGEL.NS,2023-06-21,4039.0,162.125,0.0,Buy
1136,1136,EICHERMOT.NS,2023-06-22,410.0,3587.85009765625,0.0,Sell
1137,1137,ECLERX.NS,2023-06-22,384.0,1749.949951171875,0.0,Sell
1138,1138,KPITTECH.NS,2023-06-22,1004.0,1067.5,0.0,Buy
1139,1139,JWL.NS,2023-06-22,6915.0,155.0,0.0,Buy
1140,1140,SONATSOFTW.NS,2023-06-26,1266.0,490.5249938964844,0.0,Sell
1141,1141,ELGIEQUIP.NS,2023-06-26,1147.0,541.5499877929688,0.0,Buy
1142,1142,BRIGADE.NS,2023-06-27,1555.0,580.0,0.0,Sell
1143,1143,SAREGAMA.NS,2023-06-27,2163.0,416.9914855957031,0.0,Buy
1144,1144,ELGIEQUIP.NS,2023-07-18,1147.0,579.0499877929688,0.0,Sell
1145,1145,HAVELLS.NS,2023-07-18,500.0,1327.0,0.0,Buy
1146,1146,KPITTECH.NS,2023-08-04,1004.0,1090.0999755859375,0.0,Sell
1147,1147,JUSTDIAL.NS,2023-08-04,1431.0,765.0,0.0,Buy
1148,1148,JBCHEPHARM.NS,2023-08-22,546.0,1338.324951171875,0.0,Sell
1149,1149,BRIGADE.NS,2023-08-22,1200.0,608.9500122070312,0.0,Buy
1150,1150,ANANTRAJ.NS,2023-08-31,4024.0,217.5,0.0,Sell
1151,1151,SAMMAANCAP.NS,2023-08-31,5061.0,173.01797485351562,0.0,Buy
1152,1152,HCLTECH.NS,2023-09-04,283.0,1186.0,0.0,Sell
1153,1153,INDUSINDBK.NS,2023-09-04,235.0,1423.8499755859375,0.0,Buy
1154,1154,CGCL.NS,2023-09-05,2474.0,816.0,0.0,Sell
1155,1155,SCHAEFFLER.NS,2023-09-05,619.0,3260.0,0.0,Buy
1156,1156,SAREGAMA.NS,2023-11-02,2163.0,323.29998779296875,0.0,Sell
1157,1157,MFSL.NS,2023-11-02,789.0,888.0,0.0,Buy
1158,1158,PGEL.NS,2023-11-06,4039.0,202.0,0.0,Sell
1159,1159,ECLERX.NS,2023-11-06,414.0,1968.0,0.0,Buy
1160,1160,JUSTDIAL.NS,2023-11-07,1431.0,722.8499755859375,0.0,Sell
1161,1161,FACT.NS,2023-11-07,1445.0,716.7999877929688,0.0,Buy
1162,1162,GPIL.NS,2023-12-19,1898.0,711.2000122070312,0.0,Sell
1163,1163,SAMMAANCAP.NS,2023-12-19,5061.0,207.4254608154297,0.0,Sell
1164,1164,VBL.NS,2023-12-19,2624.0,457.2799987792969,0.0,Buy
1165,1165,ANANTRAJ.NS,2023-12-19,4024.0,298.20001220703125,0.0,Buy
1166,1166,INDUSINDBK.NS,2023-12-26,235.0,1562.949951171875,0.0,Sell
1167,1167,BAJAJ-AUTO.NS,2023-12-26,57.0,6379.85009765625,0.0,Buy
1168,1168,SCHAEFFLER.NS,2023-12-28,619.0,3228.0,0.0,Sell
1169,1169,CGCL.NS,2023-12-28,2589.0,773.0999755859375,0.0,Buy
1170,1170,VBL.NS,2023-12-29,2624.0,497.5199890136719,0.0,Sell
1171,1171,CEATLTD.NS,2023-12-29,543.0,2401.0,0.0,Buy
1172,1172,JWL.NS,2024-01-19,6915.0,391.8999938964844,0.0,Sell
1173,1173,360ONE.NS,2024-01-19,4172.0,650.0,0.0,Buy
1174,1174,ECLERX.NS,2024-01-29,414.0,2610.300048828125,0.0,Sell
1175,1175,INDUSINDBK.NS,2024-01-29,709.0,1523.0,0.0,Buy
1176,1176,BAJAJ-AUTO.NS,2024-02-08,57.0,7729.0,0.0,Sell
1177,1177,MINDACORP.NS,2024-02-08,1078.0,409.75,0.0,Buy
1178,1178,BRIGADE.NS,2024-02-20,1200.0,999.9500122070312,0.0,Sell
1179,1179,JUSTDIAL.NS,2024-02-20,1349.0,889.0,0.0,Buy
1180,1180,MINDACORP.NS,2024-02-21,1078.0,430.8999938964844,0.0,Sell
1181,1181,GRSE.NS,2024-02-21,561.0,829.2999877929688,0.0,Buy
1182,1182,CEATLTD.NS,2024-02-27,543.0,2880.0,0.0,Sell
1183,1183,AMBER.NS,2024-02-27,411.0,3799.0,0.0,Buy
1184,1184,INDUSINDBK.NS,2024-03-11,709.0,1566.0999755859375,0.0,Sell
1185,1185,MFSL.NS,2024-03-11,789.0,995.0,0.0,Sell
1186,1186,HAVELLS.NS,2024-03-11,500.0,1543.1500244140625,0.0,Sell
1187,1187,ECLERX.NS,2024-03-11,359.0,2472.60009765625,0.0,Buy
1188,1188,GICRE.NS,2024-03-11,2405.0,369.8999938964844,0.0,Buy
1189,1189,VBL.NS,2024-03-11,1552.0,573.2999877929688,0.0,Buy
1190,1190,GRSE.NS,2024-03-12,561.0,796.9500122070312,0.0,Sell
1191,1191,GPIL.NS,2024-03-12,3075.0,146.16000366210938,0.0,Buy
1192,1192,AMBER.NS,2024-03-20,411.0,3178.0,0.0,Sell
1193,1193,SCHAEFFLER.NS,2024-03-20,444.0,2941.14990234375,0.0,Buy
1194,1194,VBL.NS,2024-04-09,1552.0,580.0,0.0,Sell
1195,1195,GRAPHITE.NS,2024-04-09,1358.0,663.0,0.0,Buy
1196,1196,ANANTRAJ.NS,2024-04-10,4024.0,346.20001220703125,0.0,Sell
1197,1197,ATGL.NS,2024-04-10,1443.0,965.0,0.0,Buy
1198,1198,360ONE.NS,2024-04-22,4172.0,800.0,0.0,Sell
1199,1199,SCHAEFFLER.NS,2024-04-22,444.0,3294.0,0.0,Sell
1200,1200,OFSS.NS,2024-04-22,313.0,7660.0,0.0,Buy
1201,1201,WELCORP.NS,2024-04-22,4449.0,539.5,0.0,Buy
1202,1202,WELCORP.NS,2024-05-02,4449.0,565.0,0.0,Sell
1203,1203,JUSTDIAL.NS,2024-05-02,1349.0,1154.0,0.0,Sell
1204,1204,KPITTECH.NS,2024-05-02,1357.0,1499.949951171875,0.0,Buy
1205,1205,SAREGAMA.NS,2024-05-02,4725.0,431.0,0.0,Buy
1206,1206,GICRE.NS,2024-06-07,2405.0,360.6000061035156,0.0,Sell
1207,1207,APLLTD.NS,2024-06-07,960.0,905.0,0.0,Buy
1208,1208,ECLERX.NS,2024-06-12,359.0,2408.0,0.0,Sell
1209,1209,NLCINDIA.NS,2024-06-12,3694.0,233.9900054931641,0.0,Buy
1210,1210,OFSS.NS,2024-07-03,313.0,10250.099609375,0.0,Sell
1211,1211,EICHERMOT.NS,2024-07-03,690.0,4643.64990234375,0.0,Buy
1212,1212,APLLTD.NS,2024-07-04,960.0,960.5,0.0,Sell
1213,1213,GPIL.NS,2024-07-04,3075.0,222.6000061035156,0.0,Sell
1214,1214,INDUSINDBK.NS,2024-07-04,553.0,1455.449951171875,0.0,Buy
1215,1215,MINDACORP.NS,2024-07-04,1633.0,493.0,0.0,Buy
1216,1216,GRAPHITE.NS,2024-07-24,1358.0,514.5,0.0,Sell
1217,1217,BRIGADE.NS,2024-07-24,580.0,1205.0,0.0,Buy
1218,1218,ATGL.NS,2024-07-26,1443.0,888.7000122070312,0.0,Sell
1219,1219,JUSTDIAL.NS,2024-07-26,993.0,1292.0,0.0,Buy
1220,1220,INDUSINDBK.NS,2024-07-29,553.0,1415.0,0.0,Sell
1221,1221,GPIL.NS,2024-07-29,3575.0,218.8800048828125,0.0,Buy
1222,1222,BRIGADE.NS,2024-07-30,580.0,1285.949951171875,0.0,Sell
1223,1223,BLS.NS,2024-07-30,2075.0,359.45001220703125,0.0,Buy
1224,1224,FACT.NS,2024-08-13,1445.0,985.0,0.0,Sell
1225,1225,ECLERX.NS,2024-08-13,553.0,2570.0,0.0,Buy
1226,1226,EICHERMOT.NS,2024-08-16,690.0,4735.10009765625,0.0,Sell
1227,1227,VBL.NS,2024-08-16,5723.0,571.219970703125,0.0,Buy
1228,1228,VBL.NS,2024-09-18,5723.0,647.9000244140625,0.0,Sell
1229,1229,SAMMAANCAP.NS,2024-09-18,22474.0,165.0,0.0,Buy
1230,1230,JUSTDIAL.NS,2024-09-23,993.0,1199.949951171875,0.0,Sell
1231,1231,NLCINDIA.NS,2024-09-23,3694.0,271.20001220703125,0.0,Sell
1232,1232,MFSL.NS,2024-09-23,938.0,1168.949951171875,0.0,Buy
1233,1233,GRSE.NS,2024-09-23,591.0,1855.6500244140625,0.0,Buy
1234,1234,MINDACORP.NS,2024-09-26,1633.0,605.7000122070312,0.0,Sell
1235,1235,BRIGADE.NS,2024-09-26,735.0,1345.300048828125,0.0,Buy
1236,1236,MFSL.NS,2024-10-14,938.0,1185.550048828125,0.0,Sell
1237,1237,GPIL.NS,2024-10-14,3575.0,192.8000030517578,0.0,Sell
1238,1238,360ONE.NS,2024-10-14,846.0,1063.949951171875,0.0,Buy
1239,1239,SONACOMS.NS,2024-10-14,1351.0,666.6500244140625,0.0,Buy
1240,1240,SAMMAANCAP.NS,2024-10-15,22474.0,151.39999389648438,0.0,Sell
1241,1241,GRSE.NS,2024-10-15,591.0,1698.949951171875,0.0,Sell
1242,1242,SKFINDIA.NS,2024-10-15,405.0,5439.2001953125,0.0,Buy
1243,1243,HCLTECH.NS,2024-10-15,1204.0,1830.0,0.0,Buy
1244,1244,SAREGAMA.NS,2024-10-23,4725.0,499.8999938964844,0.0,Sell
1245,1245,BRIGADE.NS,2024-10-23,735.0,1208.25,0.0,Sell
1246,1246,ABBOTINDIA.NS,2024-10-23,56.0,29000.0,0.0,Buy
1247,1247,SCHAEFFLER.NS,2024-10-23,425.0,3825.10009765625,0.0,Buy
1248,1248,BLS.NS,2024-10-29,2075.0,378.0,0.0,Sell
1249,1249,ATGL.NS,2024-10-29,1112.0,707.1500244140625,0.0,Buy
1250,1250,ECLERX.NS,2024-11-04,553.0,2947.050048828125,0.0,Sell
1251,1251,BLS.NS,2024-11-04,4015.0,405.8999938964844,0.0,Buy
1252,1252,KPITTECH.NS,2024-12-16,1357.0,1535.0,0.0,Sell
1253,1253,INDUSINDBK.NS,2024-12-16,2108.0,987.9000244140624,0.0,Buy
1254,1254,ATGL.NS,2025-01-09,1112.0,702.5,0.0,Sell
1255,1255,JUSTDIAL.NS,2025-01-09,721.0,1083.3499755859375,0.0,Buy
1256,1256,JUSTDIAL.NS,2025-01-16,721.0,903.9000244140624,0.0,Sell
1257,1257,NLCINDIA.NS,2025-01-16,2830.0,230.5,0.0,Buy
1258,1258,BLS.NS,2025-01-17,4015.0,448.9500122070313,0.0,Sell
1259,1259,GRSE.NS,2025-01-17,1244.0,1448.0,0.0,Buy
1260,1260,ABBOTINDIA.NS,2025-01-24,56.0,27911.0,0.0,Sell
1261,1261,CGCL.NS,2025-01-24,2589.0,187.8999938964844,0.0,Sell
1262,1262,SUNTV.NS,2025-01-24,1565.0,654.9500122070312,0.0,Buy
1263,1263,NTPC.NS,2025-01-24,3157.0,324.79998779296875,0.0,Buy
1264,1264,HCLTECH.NS,2025-01-28,1204.0,1711.949951171875,0.0,Sell
1265,1265,TRITURBINE.NS,2025-01-28,3276.0,629.2999877929688,0.0,Buy
1266,1266,SKFINDIA.NS,2025-02-01,405.0,4067.89990234375,0.0,Sell
1267,1267,BRIGADE.NS,2025-02-01,1427.0,1154.1500244140625,0.0,Buy
1268,1268,INDUSINDBK.NS,2025-02-04,2108.0,1022.4500122070312,0.0,Sell
1269,1269,TRITURBINE.NS,2025-02-04,3276.0,640.3499755859375,0.0,Sell
1270,1270,TVSMOTOR.NS,2025-02-04,799.0,2659.89990234375,0.0,Buy
1271,1271,GMRAIRPORT.NS,2025-02-04,28779.0,73.9000015258789,0.0,Buy
1272,1272,NTPC.NS,2025-02-12,3157.0,306.20001220703125,0.0,Sell
1273,1273,INDUSINDBK.NS,2025-02-12,913.0,1060.449951171875,0.0,Buy
1274,1274,INDUSINDBK.NS,2025-02-20,913.0,1029.949951171875,0.0,Sell
1275,1275,VBL.NS,2025-02-20,1990.0,472.3999938964844,0.0,Buy
1276,1276,SUNTV.NS,2025-03-05,1565.0,562.0999755859375,0.0,Sell
1277,1277,MINDACORP.NS,2025-03-05,1760.0,500.0,0.0,Buy
1278,1278,GMRAIRPORT.NS,2025-03-06,28779.0,74.30999755859375,0.0,Sell
1279,1279,CGCL.NS,2025-03-06,12981.0,164.75,0.0,Buy
1280,1280,NLCINDIA.NS,2025-03-07,2830.0,227.8999938964844,0.0,Sell
1281,1281,SARDAEN.NS,2025-03-07,1352.0,477.0,0.0,Buy
1282,1282,BRIGADE.NS,2025-03-13,1427.0,972.0,0.0,Sell
1283,1283,MINDACORP.NS,2025-03-13,1760.0,514.0499877929688,0.0,Sell
1284,1284,BSE.NS,2025-03-13,856.0,1338.13330078125,0.0,Buy
1285,1285,JBMA.NS,2025-03-13,2260.0,507.0,0.0,Buy
1286,1286,GRSE.NS,2025-03-17,1244.0,1310.5999755859375,0.0,Sell
1287,1287,KEI.NS,2025-03-17,537.0,3036.0,0.0,Buy
1288,1288,SARDAEN.NS,2025-03-18,1352.0,537.8499755859375,0.0,Sell
1289,1289,KPITTECH.NS,2025-03-18,582.0,1250.25,0.0,Buy
1290,1290,CGCL.NS,2025-03-25,12981.0,168.60000610351562,0.0,Sell
1291,1291,BSE.NS,2025-03-25,856.0,1561.3333740234375,0.0,Sell
1292,1292,VBL.NS,2025-03-25,1990.0,534.5,0.0,Sell
1293,1293,GLAXO.NS,2025-03-25,531.0,2877.0,0.0,Buy
1294,1294,WELCORP.NS,2025-03-25,1752.0,872.8499755859375,0.0,Buy
1295,1295,ELECON.NS,2025-03-25,3325.0,459.9500122070313,0.0,Buy
1296,1296,TVSMOTOR.NS,2025-04-04,799.0,2473.050048828125,0.0,Sell
1297,1297,SKFINDIA.NS,2025-04-04,513.0,3850.0,0.0,Buy
1298,1298,SCHAEFFLER.NS,2025-04-09,425.0,3068.0,0.0,Sell
1299,1299,JUSTDIAL.NS,2025-04-09,1638.0,798.0,0.0,Buy
1300,1300,ELECON.NS,2025-04-24,3325.0,527.75,0.0,Sell
1301,1301,360ONE.NS,2025-04-24,846.0,1058.0,0.0,Sell
1302,1302,LTTS.NS,2025-04-24,297.0,4451.39990234375,0.0,Buy
1303,1303,METROPOLIS.NS,2025-04-24,748.0,1771.5,0.0,Buy
1304,1304,SKFINDIA.NS,2025-04-29,513.0,3883.5,0.0,Sell
1305,1305,WELCORP.NS,2025-04-29,1752.0,778.0,0.0,Sell
1306,1306,LTTS.NS,2025-04-29,297.0,4195.0,0.0,Sell
1307,1307,SONACOMS.NS,2025-04-29,1351.0,475.0,0.0,Sell
1308,1308,SWANENERGY.NS,2025-04-29,6245.0,420.0,0.0,Buy
1309,1309,TTML.NS,2025-04-29,45224.0,58.0,0.0,Buy
1310,1310,GLAXO.NS,2025-05-22,531.0,2972.10009765625,0.0,Sell
1311,1311,FACT.NS,2025-05-22,1773.0,890.0,0.0,Buy
1312,1312,METROPOLIS.NS,2025-06-02,748.0,1683.0,0.0,Sell
1313,1313,INDUSINDBK.NS,2025-06-02,1545.0,815.0,0.0,Buy
1314,1314,INDUSINDBK.NS,2025-06-04,1545.0,807.7999877929688,0.0,Sell
1315,1315,ECLERX.NS,2025-06-04,353.0,3535.0,0.0,Buy
1316,1316,KEI.NS,2025-06-18,537.0,3600.5,0.0,Sell
1317,1317,POWERINDIA.NS,2025-06-18,51.0,18700.0,0.0,Buy
1318,1318,LINDEINDIA.NS,2025-06-18,135.0,7116.0,0.0,Buy
1319,1319,FACT.NS,2025-07-01,1773.0,976.0499877929688,0.0,Sell
1320,1320,KPITTECH.NS,2025-07-01,582.0,1265.0,0.0,Sell
1321,1321,NTPC.NS,2025-07-01,3707.0,335.25,0.0,Buy
1322,1322,NLCINDIA.NS,2025-07-01,5357.0,232.0,0.0,Buy
