,Order Id,Column,Timestamp,Size,Price,Fees,Side
0,0,HONAUT.NS,2017-08-28,1.0,13099.9501953125,0.0,Buy
1,1,BAJAJHLDNG.NS,2017-08-28,8.0,2784.0,0.0,Buy
2,2,GRASIM.NS,2017-08-28,21.0,1138.47314453125,0.0,Buy
3,3,BEML.NS,2017-08-28,16.0,1509.293212890625,0.0,Buy
4,4,BAJAJFINSV.NS,2017-08-28,44.0,555.7000122070312,0.0,Buy
5,5,BHARTIARTL.NS,2017-08-28,63.0,391.1456604003906,0.0,Buy
6,6,GVT&D.NS,2017-08-28,64.0,386.5,0.0,Buy
7,7,JUBLPHARMA.NS,2017-08-28,45.0,549.9214477539062,0.0,Buy
8,8,HCLTECH.NS,2017-08-28,57.0,434.1499938964844,0.0,Buy
9,9,HINDZINC.NS,2017-08-28,87.0,284.5,0.0,Buy
10,10,PHOENIXLTD.NS,2017-08-28,96.0,257.875,0.0,Buy
11,11,NAVINFLUOR.NS,2017-08-28,37.0,669.9500122070312,0.0,Buy
12,12,EICHERMOT.NS,2017-08-28,8.0,3100.0,0.0,Buy
13,13,YESBANK.NS,2017-08-28,72.0,344.6000061035156,0.0,Buy
14,14,HINDALCO.NS,2017-08-28,106.0,234.1999969482422,0.0,Buy
15,15,BAJFINANCE.NS,2017-08-28,140.0,177.35000610351562,0.0,Buy
16,16,JSWSTEEL.NS,2017-08-28,101.0,246.0,0.0,Buy
17,17,BATAINDIA.NS,2017-08-28,37.0,672.0,0.0,Buy
18,18,NTPC.NS,2017-08-28,176.0,141.4166717529297,0.0,Buy
19,19,IGL.NS,2017-08-28,199.0,125.1500015258789,0.0,Buy
20,20,RKFORGE.NS,2017-08-28,220.0,113.22000122070312,0.0,Buy
21,21,IOC.NS,2017-08-28,174.0,143.1666717529297,0.0,Buy
22,22,FINCABLES.NS,2017-08-28,47.0,530.0999755859375,0.0,Buy
23,23,JUBLFOOD.NS,2017-08-28,179.0,139.1999969482422,0.0,Buy
24,24,UNOMINDA.NS,2017-08-28,191.0,130.51007080078125,0.0,Buy
25,25,JSL.NS,2017-08-28,262.0,95.1999969482422,0.0,Buy
26,26,TATASTEEL.NS,2017-08-28,409.0,60.98943710327149,0.0,Buy
27,27,TORNTPOWER.NS,2017-08-28,118.0,211.3999938964844,0.0,Buy
28,28,SAIL.NS,2017-08-28,410.0,60.84999847412109,0.0,Buy
29,29,WELCORP.NS,2017-08-28,186.0,134.14999389648438,0.0,Buy
30,30,SCI.NS,2017-08-28,263.0,94.9000015258789,0.0,Buy
31,31,TATACONSUM.NS,2017-08-28,128.0,195.0,0.0,Buy
32,32,BEL.NS,2017-08-28,433.0,57.65151596069336,0.0,Buy
33,33,SAREGAMA.NS,2017-08-28,647.0,38.58872222900391,0.0,Buy
34,34,ASHOKLEY.NS,2017-08-28,241.0,103.5999984741211,0.0,Buy
35,35,CHOLAFIN.NS,2017-08-28,108.0,231.27999877929688,0.0,Buy
36,36,DABUR.NS,2017-08-28,83.0,300.95001220703125,0.0,Buy
37,37,GRAPHITE.NS,2017-08-28,98.0,255.0,0.0,Buy
38,38,RCF.NS,2017-08-28,255.0,98.0,0.0,Buy
39,39,JPPOWER.NS,2017-08-28,4201.0,5.949999809265137,0.0,Buy
40,40,JUBLPHARMA.NS,2017-09-25,45.0,499.0416870117188,0.0,Sell
41,41,GNFC.NS,2017-09-25,136.0,320.0,0.0,Buy
42,42,CHOLAFIN.NS,2017-10-02,108.0,218.4499969482422,0.0,Sell
43,43,IOC.NS,2017-10-02,174.0,133.5,0.0,Sell
44,44,SAIL.NS,2017-10-02,410.0,53.650001525878906,0.0,Sell
45,45,POLYMED.NS,2017-10-02,99.0,230.6000061035156,0.0,Buy
46,46,CERA.NS,2017-10-02,7.0,3269.14990234375,0.0,Buy
47,47,GUJGASLTD.NS,2017-10-02,137.0,167.50999450683594,0.0,Buy
48,48,BHARTIARTL.NS,2017-10-09,63.0,342.8382568359375,0.0,Sell
49,49,IPCALAB.NS,2017-10-09,83.0,261.2749938964844,0.0,Buy
50,50,YESBANK.NS,2017-10-30,72.0,311.5,0.0,Sell
51,51,FINPIPE.NS,2017-10-30,157.0,143.5800018310547,0.0,Buy
52,52,HCLTECH.NS,2017-11-06,57.0,426.0,0.0,Sell
53,53,TTML.NS,2017-11-06,2552.0,9.52068328857422,0.0,Buy
54,54,FINPIPE.NS,2017-11-20,157.0,123.0199966430664,0.0,Sell
55,55,ICICIBANK.NS,2017-11-20,59.0,323.3500061035156,0.0,Buy
56,56,HINDALCO.NS,2017-12-04,106.0,236.5,0.0,Sell
57,57,EICHERMOT.NS,2017-12-04,8.0,2955.35009765625,0.0,Sell
58,58,BHARTIARTL.NS,2017-12-04,55.0,437.1097717285156,0.0,Buy
59,59,APOLLOHOSP.NS,2017-12-04,21.0,1147.0,0.0,Buy
60,60,HINDZINC.NS,2017-12-11,87.0,295.0,0.0,Sell
61,61,BEML.NS,2017-12-11,16.0,1351.718994140625,0.0,Sell
62,62,FACT.NS,2017-12-11,453.0,53.0,0.0,Buy
63,63,CGPOWER.NS,2017-12-11,275.0,87.3499984741211,0.0,Buy
64,64,GUJGASLTD.NS,2017-12-25,137.0,164.16000366210938,0.0,Sell
65,65,BLUEDART.NS,2017-12-25,4.0,4620.0498046875,0.0,Buy
66,66,NTPC.NS,2018-01-15,176.0,144.1666717529297,0.0,Sell
67,67,AIAENG.NS,2018-01-15,18.0,1631.0,0.0,Buy
68,68,BEL.NS,2018-01-22,433.0,57.79999923706055,0.0,Sell
69,69,BAJFINANCE.NS,2018-01-22,140.0,171.39999389648438,0.0,Sell
70,70,SCI.NS,2018-01-22,263.0,89.05000305175781,0.0,Sell
71,71,BAJAJFINSV.NS,2018-01-22,44.0,500.0,0.0,Sell
72,72,PIIND.NS,2018-01-22,23.0,997.1500244140624,0.0,Buy
73,73,APARINDS.NS,2018-01-22,28.0,830.0,0.0,Buy
74,74,INDIACEM.NS,2018-01-22,127.0,185.3999938964844,0.0,Buy
75,75,KNRCON.NS,2018-01-22,153.0,153.9499969482422,0.0,Buy
76,76,BATAINDIA.NS,2018-01-29,37.0,713.0,0.0,Sell
77,77,POLYMED.NS,2018-01-29,99.0,261.70001220703125,0.0,Sell
78,78,BHARTIARTL.NS,2018-01-29,55.0,400.1582336425781,0.0,Sell
79,79,TORNTPHARM.NS,2018-01-29,35.0,710.0250244140625,0.0,Buy
80,80,ZENSARTECH.NS,2018-01-29,137.0,183.3999938964844,0.0,Buy
81,81,BIOCON.NS,2018-01-29,82.0,306.5,0.0,Buy
82,82,IGL.NS,2018-02-05,199.0,140.22500610351562,0.0,Sell
83,83,JPPOWER.NS,2018-02-05,4201.0,6.25,0.0,Sell
84,84,JSL.NS,2018-02-05,262.0,99.6999969482422,0.0,Sell
85,85,GVT&D.NS,2018-02-05,64.0,401.7999877929688,0.0,Sell
86,86,GRASIM.NS,2018-02-05,21.0,1105.6038818359375,0.0,Sell
87,87,CERA.NS,2018-02-05,7.0,3211.75,0.0,Sell
88,88,RCF.NS,2018-02-05,255.0,85.8499984741211,0.0,Sell
89,89,APARINDS.NS,2018-02-05,28.0,710.0,0.0,Sell
90,90,INDIACEM.NS,2018-02-05,127.0,149.0,0.0,Sell
91,91,TTML.NS,2018-02-05,2552.0,6.267384052276611,0.0,Sell
92,92,SUPREMEIND.NS,2018-02-05,18.0,1221.0,0.0,Buy
93,93,LT.NS,2018-02-05,16.0,1380.0,0.0,Buy
94,94,M&M.NS,2018-02-05,29.0,762.9000244140625,0.0,Buy
95,95,JUBLPHARMA.NS,2018-02-05,34.0,654.45751953125,0.0,Buy
96,96,ECLERX.NS,2018-02-05,24.0,943.3333129882812,0.0,Buy
97,97,JINDALSTEL.NS,2018-02-05,95.0,239.0,0.0,Buy
98,98,SWANENERGY.NS,2018-02-05,112.0,202.8999938964844,0.0,Buy
99,99,SAIL.NS,2018-02-05,282.0,81.0,0.0,Buy
100,100,DBREALTY.NS,2018-02-05,408.0,56.0,0.0,Buy
101,101,JWL.NS,2018-02-05,1386.0,16.5,0.0,Buy
102,102,AIAENG.NS,2018-02-12,18.0,1447.699951171875,0.0,Sell
103,103,BAJAJHLDNG.NS,2018-02-12,8.0,2682.050048828125,0.0,Sell
104,104,PIIND.NS,2018-02-12,23.0,819.0499877929688,0.0,Sell
105,105,NH.NS,2018-02-12,76.0,304.0,0.0,Buy
106,106,APOLLOTYRE.NS,2018-02-12,85.0,272.04998779296875,0.0,Buy
107,107,RPOWER.NS,2018-02-12,519.0,45.0,0.0,Buy
108,108,CGPOWER.NS,2018-02-19,275.0,84.3499984741211,0.0,Sell
109,109,ECLERX.NS,2018-02-19,24.0,880.6666870117188,0.0,Sell
110,110,FACT.NS,2018-02-19,453.0,46.5,0.0,Sell
111,111,MPHASIS.NS,2018-02-19,25.0,860.0999755859375,0.0,Buy
112,112,SIEMENS.NS,2018-02-19,17.0,1265.0999755859375,0.0,Buy
113,113,HCLTECH.NS,2018-02-19,46.0,468.9249877929688,0.0,Buy
114,114,DABUR.NS,2018-02-26,83.0,335.0,0.0,Sell
115,115,SUPREMEIND.NS,2018-02-26,18.0,1227.9000244140625,0.0,Sell
116,116,M&M.NS,2018-02-26,29.0,722.0,0.0,Sell
117,117,SIEMENS.NS,2018-02-26,17.0,1175.0,0.0,Sell
118,118,BLUEDART.NS,2018-02-26,4.0,4248.0,0.0,Sell
119,119,LTTS.NS,2018-02-26,15.0,1401.0,0.0,Buy
120,120,ICICIPRULI.NS,2018-02-26,53.0,410.0,0.0,Buy
121,121,GODREJCP.NS,2018-02-26,31.0,701.3333129882812,0.0,Buy
122,122,BSOFT.NS,2018-02-26,168.0,129.548095703125,0.0,Buy
123,123,CHOLAFIN.NS,2018-02-26,77.0,283.5,0.0,Buy
124,124,TORNTPHARM.NS,2018-03-05,35.0,669.0,0.0,Sell
125,125,RPOWER.NS,2018-03-05,519.0,43.400001525878906,0.0,Sell
126,126,ICICIBANK.NS,2018-03-05,59.0,304.45001220703125,0.0,Sell
127,127,LALPATHLAB.NS,2018-03-05,23.0,909.0,0.0,Buy
128,128,JBCHEPHARM.NS,2018-03-05,137.0,157.52499389648438,0.0,Buy
129,129,SYNGENE.NS,2018-03-05,72.0,300.0,0.0,Buy
130,130,GNFC.NS,2018-03-12,136.0,410.0,0.0,Sell
131,131,SAREGAMA.NS,2018-03-12,647.0,64.7357406616211,0.0,Sell
132,132,TORNTPOWER.NS,2018-03-12,118.0,254.8999938964844,0.0,Sell
133,133,TATASTEEL.NS,2018-03-12,409.0,61.44499969482422,0.0,Sell
134,134,JWL.NS,2018-03-12,1386.0,15.5,0.0,Sell
135,135,JBCHEPHARM.NS,2018-03-12,137.0,150.52499389648438,0.0,Sell
136,136,SAIL.NS,2018-03-12,282.0,70.75,0.0,Sell
137,137,HONAUT.NS,2018-03-12,1.0,16100.0,0.0,Sell
138,138,3MINDIA.NS,2018-03-12,1.0,20590.0,0.0,Buy
139,139,PFIZER.NS,2018-03-12,13.0,2199.0,0.0,Buy
140,140,CYIENT.NS,2018-03-12,46.0,625.3499755859375,0.0,Buy
141,141,HINDZINC.NS,2018-03-12,91.0,317.25,0.0,Buy
142,142,COFORGE.NS,2018-03-12,163.0,177.39999389648438,0.0,Buy
143,143,GPPL.NS,2018-03-12,203.0,142.5,0.0,Buy
144,144,GPIL.NS,2018-03-12,257.0,112.75,0.0,Buy
145,145,ACE.NS,2018-03-12,168.0,172.5,0.0,Buy
146,146,UNOMINDA.NS,2018-03-19,191.0,174.10740661621094,0.0,Sell
147,147,GPPL.NS,2018-03-19,203.0,133.0,0.0,Sell
148,148,APOLLOHOSP.NS,2018-03-19,21.0,1073.0,0.0,Sell
149,149,ICICIPRULI.NS,2018-03-19,53.0,377.7999877929688,0.0,Sell
150,150,SYNGENE.NS,2018-03-19,72.0,276.70001220703125,0.0,Sell
151,151,LTIM.NS,2018-03-19,19.0,1338.0,0.0,Buy
152,152,IIFL.NS,2018-03-19,61.0,431.1015625,0.0,Buy
153,153,FACT.NS,2018-03-19,432.0,61.0,0.0,Buy
154,154,FORTIS.NS,2018-03-19,169.0,156.0,0.0,Buy
155,155,CENTRALBK.NS,2018-03-19,316.0,83.44999694824219,0.0,Buy
156,156,TATACONSUM.NS,2018-03-26,128.0,258.04998779296875,0.0,Sell
157,157,RKFORGE.NS,2018-03-26,220.0,144.0,0.0,Sell
158,158,FINCABLES.NS,2018-03-26,47.0,625.0,0.0,Sell
159,159,NAVINFLUOR.NS,2018-03-26,37.0,747.0,0.0,Sell
160,160,HINDZINC.NS,2018-03-26,91.0,298.8999938964844,0.0,Sell
161,161,WELCORP.NS,2018-03-26,186.0,131.0,0.0,Sell
162,162,NH.NS,2018-03-26,76.0,289.8999938964844,0.0,Sell
163,163,APOLLOTYRE.NS,2018-03-26,85.0,257.0,0.0,Sell
164,164,SWANENERGY.NS,2018-03-26,112.0,178.0500030517578,0.0,Sell
165,165,LALPATHLAB.NS,2018-03-26,23.0,851.0,0.0,Sell
166,166,DBREALTY.NS,2018-03-26,408.0,45.0,0.0,Sell
167,167,HEG.NS,2018-03-26,38.0,649.5900268554688,0.0,Buy
168,168,CANFINHOME.NS,2018-03-26,49.0,505.0,0.0,Buy
169,169,MASTEK.NS,2018-03-26,46.0,539.7999877929688,0.0,Buy
170,170,INDIGO.NS,2018-03-26,20.0,1242.25,0.0,Buy
171,171,MARICO.NS,2018-03-26,76.0,327.0,0.0,Buy
172,172,PERSISTENT.NS,2018-03-26,63.0,396.0249938964844,0.0,Buy
173,173,CASTROLIND.NS,2018-03-26,126.0,198.1000061035156,0.0,Buy
174,174,IDBI.NS,2018-03-26,362.0,69.25,0.0,Buy
175,175,CRISIL.NS,2018-03-26,13.0,1929.0,0.0,Buy
176,176,INFY.NS,2018-03-26,43.0,583.4500122070312,0.0,Buy
177,177,FSL.NS,2018-03-26,522.0,48.09999847412109,0.0,Buy
178,178,CRISIL.NS,2018-04-02,13.0,1899.949951171875,0.0,Sell
179,179,PERSISTENT.NS,2018-04-02,63.0,352.5,0.0,Sell
180,180,FORTIS.NS,2018-04-02,169.0,125.9499969482422,0.0,Sell
181,181,EXIDEIND.NS,2018-04-02,104.0,223.1000061035156,0.0,Buy
182,182,JYOTHYLAB.NS,2018-04-02,118.0,197.5,0.0,Buy
183,183,INDUSINDBK.NS,2018-04-02,13.0,1801.5999755859373,0.0,Buy
184,184,CANFINHOME.NS,2018-04-16,49.0,439.0,0.0,Sell
185,185,NTPC.NS,2018-04-16,154.0,141.3333282470703,0.0,Buy
186,186,JUBLPHARMA.NS,2018-04-23,34.0,573.3351440429688,0.0,Sell
187,187,M&M.NS,2018-04-23,24.0,803.9000244140625,0.0,Buy
188,188,IDBI.NS,2018-05-07,362.0,65.25,0.0,Sell
189,189,CASTROLIND.NS,2018-05-07,126.0,185.5,0.0,Sell
190,190,FACT.NS,2018-05-07,432.0,51.400001525878906,0.0,Sell
191,191,HONAUT.NS,2018-05-07,1.0,18883.349609375,0.0,Buy
192,192,APARINDS.NS,2018-05-07,29.0,792.25,0.0,Buy
193,193,TORNTPHARM.NS,2018-05-07,33.0,697.2750244140625,0.0,Buy
194,194,INDIGO.NS,2018-05-14,20.0,1174.699951171875,0.0,Sell
195,195,HCLTECH.NS,2018-05-14,46.0,468.7000122070313,0.0,Sell
196,196,BALKRISIND.NS,2018-05-14,20.0,1199.449951171875,0.0,Buy
197,197,GNFC.NS,2018-05-14,51.0,485.8999938964844,0.0,Buy
198,198,IIFL.NS,2018-05-21,61.0,386.8646545410156,0.0,Sell
199,199,AIAENG.NS,2018-05-21,15.0,1585.0,0.0,Buy
200,200,BALKRISIND.NS,2018-05-28,20.0,1102.75,0.0,Sell
201,201,TORNTPHARM.NS,2018-05-28,33.0,662.4500122070312,0.0,Sell
202,202,NTPC.NS,2018-05-28,154.0,138.375,0.0,Sell
203,203,APARINDS.NS,2018-05-28,29.0,732.2000122070312,0.0,Sell
204,204,BAYERCROP.NS,2018-05-28,4.0,4552.0498046875,0.0,Buy
205,205,BAJAJHLDNG.NS,2018-05-28,7.0,2791.050048828125,0.0,Buy
206,206,BAJFINANCE.NS,2018-05-28,102.0,212.5,0.0,Buy
207,207,KNRCON.NS,2018-06-04,153.0,141.9499969482422,0.0,Sell
208,208,TORNTPHARM.NS,2018-06-04,68.0,727.4749755859375,0.0,Buy
209,209,GPIL.NS,2018-06-11,257.0,106.25,0.0,Sell
210,210,ACE.NS,2018-06-11,168.0,144.0,0.0,Sell
211,211,3MINDIA.NS,2018-06-11,1.0,18821.0,0.0,Sell
212,212,HINDUNILVR.NS,2018-06-11,14.0,1596.0,0.0,Buy
213,213,HINDALCO.NS,2018-06-11,96.0,242.0500030517578,0.0,Buy
214,214,MCX.NS,2018-06-11,28.0,831.0,0.0,Buy
215,215,ASHOKLEY.NS,2018-06-25,241.0,136.14999389648438,0.0,Sell
216,216,HINDALCO.NS,2018-06-25,96.0,221.0500030517578,0.0,Sell
217,217,LT.NS,2018-06-25,16.0,1301.0,0.0,Sell
218,218,PEL.NS,2018-06-25,17.0,1482.364501953125,0.0,Buy
219,219,BERGEPAINT.NS,2018-06-25,106.0,239.1666717529297,0.0,Buy
220,220,SAIL.NS,2018-06-25,304.0,83.55000305175781,0.0,Buy
221,221,JINDALSTEL.NS,2018-07-02,95.0,223.0,0.0,Sell
222,222,GNFC.NS,2018-07-02,51.0,403.0,0.0,Sell
223,223,LTTS.NS,2018-07-02,15.0,1224.9000244140625,0.0,Sell
224,224,SOLARINDS.NS,2018-07-02,17.0,1126.8499755859375,0.0,Buy
225,225,GLAXO.NS,2018-07-02,14.0,1410.0,0.0,Buy
226,226,YESBANK.NS,2018-07-02,59.0,338.04998779296875,0.0,Buy
227,227,MASTEK.NS,2018-07-09,46.0,497.6000061035156,0.0,Sell
228,228,SCHAEFFLER.NS,2018-07-09,22.0,1094.3599853515625,0.0,Buy
229,229,JSWSTEEL.NS,2018-07-23,101.0,306.0,0.0,Sell
230,230,BIOCON.NS,2018-07-23,82.0,289.07501220703125,0.0,Sell
231,231,SCHAEFFLER.NS,2018-07-23,22.0,1043.4000244140625,0.0,Sell
232,232,SAIL.NS,2018-07-23,304.0,71.30000305175781,0.0,Sell
233,233,SOLARINDS.NS,2018-07-23,17.0,1086.0,0.0,Sell
234,234,BAYERCROP.NS,2018-07-23,4.0,4321.0498046875,0.0,Sell
235,235,BATAINDIA.NS,2018-07-23,25.0,875.0,0.0,Buy
236,236,EMAMILTD.NS,2018-07-23,40.0,562.0,0.0,Buy
237,237,SUNPHARMA.NS,2018-07-23,40.0,562.7000122070312,0.0,Buy
238,238,BAJAJFINSV.NS,2018-07-23,34.0,663.0999755859375,0.0,Buy
239,239,TANLA.NS,2018-07-23,604.0,37.34999847412109,0.0,Buy
240,240,HCLTECH.NS,2018-07-23,45.0,501.5,0.0,Buy
241,241,CHOLAFIN.NS,2018-07-30,77.0,293.6000061035156,0.0,Sell
242,242,IGL.NS,2018-07-30,158.0,148.0,0.0,Buy
243,243,CYIENT.NS,2018-08-06,46.0,689.0,0.0,Sell
244,244,ICICIBANK.NS,2018-08-06,103.0,306.95001220703125,0.0,Buy
245,245,FSL.NS,2018-08-13,522.0,60.400001525878906,0.0,Sell
246,246,BALKRISIND.NS,2018-08-13,25.0,1258.0,0.0,Buy
247,247,PHOENIXLTD.NS,2018-08-20,96.0,311.75,0.0,Sell
248,248,FINPIPE.NS,2018-08-20,243.0,124.1999969482422,0.0,Buy
249,249,JYOTHYLAB.NS,2018-08-27,118.0,200.0500030517578,0.0,Sell
250,250,NTPC.NS,2018-08-27,172.0,137.4166717529297,0.0,Buy
251,251,INDUSINDBK.NS,2018-09-10,13.0,1872.0,0.0,Sell
252,252,YESBANK.NS,2018-09-10,59.0,323.6499938964844,0.0,Sell
253,253,CAPLIPOINT.NS,2018-09-10,41.0,517.9500122070312,0.0,Buy
254,254,BHARTIARTL.NS,2018-09-10,61.0,350.8594665527344,0.0,Buy
255,255,BALKRISIND.NS,2018-09-17,25.0,1156.4000244140625,0.0,Sell
256,256,CENTRALBK.NS,2018-09-17,316.0,67.0,0.0,Sell
257,257,NEULANDLAB.NS,2018-09-17,33.0,766.7999877929688,0.0,Buy
258,258,FACT.NS,2018-09-17,536.0,47.400001525878906,0.0,Buy
259,259,JUBLFOOD.NS,2018-09-24,179.0,260.3999938964844,0.0,Sell
260,260,FINPIPE.NS,2018-09-24,243.0,107.1999969482422,0.0,Sell
261,261,MARICO.NS,2018-09-24,76.0,341.8999938964844,0.0,Sell
262,262,BAJFINANCE.NS,2018-09-24,102.0,242.21499633789065,0.0,Sell
263,263,MCX.NS,2018-09-24,28.0,758.0,0.0,Sell
264,264,EMAMILTD.NS,2018-09-24,40.0,514.75,0.0,Sell
265,265,IGL.NS,2018-09-24,158.0,127.0,0.0,Sell
266,266,ENDURANCE.NS,2018-09-24,18.0,1400.0,0.0,Buy
267,267,LT.NS,2018-09-24,19.0,1333.300048828125,0.0,Buy
268,268,JSWSTEEL.NS,2018-09-24,63.0,414.0,0.0,Buy
269,269,GRASIM.NS,2018-09-24,25.0,1046.9869384765625,0.0,Buy
270,270,OIL.NS,2018-09-24,179.0,147.36666870117188,0.0,Buy
271,271,TATASTEEL.NS,2018-09-24,427.0,61.88999938964844,0.0,Buy
272,272,BIOCON.NS,2018-09-24,77.0,343.5,0.0,Buy
273,273,GRAPHITE.NS,2018-10-01,98.0,848.0,0.0,Sell
274,274,COFORGE.NS,2018-10-01,163.0,215.4199981689453,0.0,Sell
275,275,IPCALAB.NS,2018-10-01,83.0,339.25,0.0,Sell
276,276,BERGEPAINT.NS,2018-10-01,106.0,241.6666717529297,0.0,Sell
277,277,HEG.NS,2018-10-01,38.0,658.0,0.0,Sell
278,278,LT.NS,2018-10-01,19.0,1274.0,0.0,Sell
279,279,GODREJCP.NS,2018-10-01,31.0,774.0,0.0,Sell
280,280,ENDURANCE.NS,2018-10-01,18.0,1272.0,0.0,Sell
281,281,PEL.NS,2018-10-01,17.0,1321.438232421875,0.0,Sell
282,282,BSOFT.NS,2018-10-01,168.0,130.54270935058594,0.0,Sell
283,283,M&M.NS,2018-10-01,24.0,860.5,0.0,Sell
284,284,GLAXO.NS,2018-10-01,14.0,1460.9000244140625,0.0,Sell
285,285,BAJAJFINSV.NS,2018-10-01,34.0,600.0,0.0,Sell
286,286,FACT.NS,2018-10-01,536.0,37.25,0.0,Sell
287,287,TANLA.NS,2018-10-01,604.0,32.25,0.0,Sell
288,288,BOSCHLTD.NS,2018-10-01,1.0,19800.0,0.0,Buy
289,289,ATUL.NS,2018-10-01,8.0,3131.0,0.0,Buy
290,290,LTTS.NS,2018-10-01,16.0,1690.0,0.0,Buy
291,291,LUPIN.NS,2018-10-01,30.0,905.5499877929688,0.0,Buy
292,292,UBL.NS,2018-10-01,20.0,1360.0,0.0,Buy
293,293,SYNGENE.NS,2018-10-01,91.0,302.45001220703125,0.0,Buy
294,294,CARBORUNIV.NS,2018-10-01,71.0,388.0,0.0,Buy
295,295,SCHAEFFLER.NS,2018-10-01,26.0,1060.25,0.0,Buy
296,296,DIVISLAB.NS,2018-10-01,21.0,1314.0999755859375,0.0,Buy
297,297,ONGC.NS,2018-10-01,154.0,179.3000030517578,0.0,Buy
298,298,DABUR.NS,2018-10-01,65.0,425.0,0.0,Buy
299,299,LALPATHLAB.NS,2018-10-01,29.0,952.7000122070312,0.0,Buy
300,300,ADANIENT.NS,2018-10-01,218.0,127.0,0.0,Buy
301,301,ABFRL.NS,2018-10-01,156.0,177.52587890625,0.0,Buy
302,302,RHIM.NS,2018-10-01,118.0,234.8000030517578,0.0,Buy
303,303,PFIZER.NS,2018-10-08,13.0,2749.699951171875,0.0,Sell
304,304,SCHAEFFLER.NS,2018-10-08,26.0,1025.3399658203125,0.0,Sell
305,305,SYNGENE.NS,2018-10-08,91.0,286.5249938964844,0.0,Sell
306,306,LALPATHLAB.NS,2018-10-08,29.0,884.7999877929688,0.0,Sell
307,307,EXIDEIND.NS,2018-10-08,104.0,245.0,0.0,Sell
308,308,GRASIM.NS,2018-10-08,25.0,912.3721923828124,0.0,Sell
309,309,UBL.NS,2018-10-08,20.0,1125.0,0.0,Sell
310,310,OIL.NS,2018-10-08,179.0,124.4000015258789,0.0,Sell
311,311,HINDUNILVR.NS,2018-10-08,14.0,1551.0,0.0,Sell
312,312,BATAINDIA.NS,2018-10-08,25.0,862.0,0.0,Sell
313,313,BAJAJHLDNG.NS,2018-10-08,7.0,2738.0,0.0,Sell
314,314,HONAUT.NS,2018-10-08,1.0,18899.0,0.0,Sell
315,315,BHARTIARTL.NS,2018-10-08,61.0,269.2956848144531,0.0,Sell
316,316,TCS.NS,2018-10-08,11.0,2102.64990234375,0.0,Buy
317,317,JSWHL.NS,2018-10-08,11.0,2115.050048828125,0.0,Buy
318,318,ABB.NS,2018-10-08,19.0,1249.213623046875,0.0,Buy
319,319,CIPLA.NS,2018-10-08,38.0,636.5999755859375,0.0,Buy
320,320,APLLTD.NS,2018-10-08,41.0,594.0,0.0,Buy
321,321,AUROPHARMA.NS,2018-10-08,33.0,739.75,0.0,Buy
322,322,DRREDDY.NS,2018-10-08,51.0,479.0,0.0,Buy
323,323,HINDALCO.NS,2018-10-08,104.0,235.0,0.0,Buy
324,324,NAUKRI.NS,2018-10-08,85.0,287.6000061035156,0.0,Buy
325,325,WIPRO.NS,2018-10-08,203.0,120.52503204345705,0.0,Buy
326,326,PRAJIND.NS,2018-10-08,250.0,98.0,0.0,Buy
327,327,OLECTRA.NS,2018-10-08,119.0,205.8999938964844,0.0,Buy
328,328,USHAMART.NS,2018-10-08,855.0,28.700000762939453,0.0,Buy
329,329,DABUR.NS,2018-10-15,65.0,411.0,0.0,Sell
330,330,LUPIN.NS,2018-10-15,30.0,849.0,0.0,Sell
331,331,MPHASIS.NS,2018-10-15,25.0,1015.3499755859376,0.0,Sell
332,332,ONGC.NS,2018-10-15,154.0,158.9499969482422,0.0,Sell
333,333,BIOCON.NS,2018-10-15,77.0,305.0,0.0,Sell
334,334,AIAENG.NS,2018-10-15,15.0,1545.0,0.0,Sell
335,335,NEULANDLAB.NS,2018-10-15,33.0,597.75,0.0,Sell
336,336,APOLLOHOSP.NS,2018-10-15,21.0,1131.9000244140625,0.0,Buy
337,337,NLCINDIA.NS,2018-10-15,292.0,84.55000305175781,0.0,Buy
338,338,CGCL.NS,2018-10-15,248.0,99.60535430908205,0.0,Buy
339,339,BALRAMCHIN.NS,2018-10-15,251.0,98.5,0.0,Buy
340,340,WELSPUNLIV.NS,2018-10-15,392.0,63.09999847412109,0.0,Buy
341,341,WELCORP.NS,2018-10-15,166.0,149.0500030517578,0.0,Buy
342,342,JWL.NS,2018-10-15,1768.0,14.0,0.0,Buy
343,343,TORNTPHARM.NS,2018-10-22,68.0,780.0,0.0,Sell
344,344,USHAMART.NS,2018-10-22,855.0,27.149999618530277,0.0,Sell
345,345,JSWHL.NS,2018-10-22,11.0,2010.050048828125,0.0,Sell
346,346,WELCORP.NS,2018-10-22,166.0,131.9499969482422,0.0,Sell
347,347,HCLTECH.NS,2018-10-22,45.0,482.0,0.0,Sell
348,348,BOSCHLTD.NS,2018-10-22,1.0,19150.0,0.0,Sell
349,349,JBCHEPHARM.NS,2018-10-22,155.0,149.02499389648438,0.0,Buy
350,350,DCMSHRIRAM.NS,2018-10-22,57.0,406.5,0.0,Buy
351,351,SCHNEIDER.NS,2018-10-22,213.0,108.8000030517578,0.0,Buy
352,352,TRIVENI.NS,2018-10-22,489.0,47.400001525878906,0.0,Buy
353,353,RENUKA.NS,2018-10-22,1692.0,13.699999809265137,0.0,Buy
354,354,ADANIPOWER.NS,2018-10-22,683.0,33.95000076293945,0.0,Buy
355,355,TRIDENT.NS,2018-10-22,3584.0,6.46999979019165,0.0,Buy
356,356,LTIM.NS,2018-10-29,19.0,1642.0,0.0,Sell
357,357,ZENSARTECH.NS,2018-10-29,137.0,225.8999938964844,0.0,Sell
358,358,INFY.NS,2018-10-29,43.0,633.7000122070312,0.0,Sell
359,359,TATASTEEL.NS,2018-10-29,427.0,55.650001525878906,0.0,Sell
360,360,OLECTRA.NS,2018-10-29,119.0,198.8000030517578,0.0,Sell
361,361,APLLTD.NS,2018-10-29,41.0,565.0,0.0,Sell
362,362,WELSPUNLIV.NS,2018-10-29,392.0,59.0,0.0,Sell
363,363,CIPLA.NS,2018-10-29,38.0,602.3499755859375,0.0,Sell
364,364,JBCHEPHARM.NS,2018-10-29,155.0,145.97500610351562,0.0,Sell
365,365,SUNPHARMA.NS,2018-10-29,40.0,554.5,0.0,Sell
366,366,JSWSTEEL.NS,2018-10-29,63.0,338.0,0.0,Sell
367,367,TCS.NS,2018-10-29,11.0,1808.699951171875,0.0,Sell
368,368,COALINDIA.NS,2018-10-29,1037.0,281.5,0.0,Buy
369,369,COALINDIA.NS,2018-11-05,1037.0,261.95001220703125,0.0,Sell
370,370,NTPC.NS,2018-11-05,172.0,131.25,0.0,Sell
371,371,UPL.NS,2018-11-05,47.0,472.2999877929688,0.0,Buy
372,372,LINDEINDIA.NS,2018-11-05,47.0,472.8999938964844,0.0,Buy
373,373,MUTHOOTFIN.NS,2018-11-05,51.0,436.5,0.0,Buy
374,374,PIIND.NS,2018-11-05,28.0,795.2000122070312,0.0,Buy
375,375,COROMANDEL.NS,2018-11-05,53.0,420.8500061035156,0.0,Buy
376,376,HSCL.NS,2018-11-05,173.0,130.1999969482422,0.0,Buy
377,377,JBCHEPHARM.NS,2018-11-05,145.0,155.47500610351562,0.0,Buy
378,378,TORNTPOWER.NS,2018-11-05,89.0,253.8000030517578,0.0,Buy
379,379,NATIONALUM.NS,2018-11-05,326.0,69.30000305175781,0.0,Buy
380,380,PFC.NS,2018-11-05,309.0,73.12000274658203,0.0,Buy
381,381,NMDC.NS,2018-11-05,766.0,29.54149055480957,0.0,Buy
382,382,RECLTD.NS,2018-11-05,256.0,88.4625015258789,0.0,Buy
383,383,USHAMART.NS,2018-11-05,596.0,38.0,0.0,Buy
384,384,CARBORUNIV.NS,2018-11-12,71.0,357.95001220703125,0.0,Sell
385,385,NAUKRI.NS,2018-11-12,85.0,283.0,0.0,Sell
386,386,LT.NS,2018-11-12,18.0,1372.9000244140625,0.0,Buy
387,387,IGL.NS,2018-11-12,187.0,138.60000610351562,0.0,Buy
388,388,NMDC.NS,2018-11-19,766.0,26.19789695739746,0.0,Sell
389,389,JSWENERGY.NS,2018-11-19,299.0,71.25,0.0,Buy
390,390,HINDALCO.NS,2018-11-26,104.0,219.1000061035156,0.0,Sell
391,391,JBCHEPHARM.NS,2018-11-26,145.0,149.0,0.0,Sell
392,392,BAJAJHLDNG.NS,2018-11-26,7.0,3015.14990234375,0.0,Buy
393,393,IPCALAB.NS,2018-11-26,55.0,397.5,0.0,Buy
394,394,DCMSHRIRAM.NS,2018-12-03,57.0,362.0,0.0,Sell
395,395,NATIONALUM.NS,2018-12-10,326.0,62.45000076293945,0.0,Sell
396,396,RENUKA.NS,2018-12-10,1692.0,10.949999809265137,0.0,Sell
397,397,BAYERCROP.NS,2018-12-10,7.0,4241.0,0.0,Buy
398,398,POLYMED.NS,2018-12-10,133.0,228.3999938964844,0.0,Buy
399,399,SCHNEIDER.NS,2018-12-17,213.0,104.0,0.0,Sell
400,400,ULTRACEMCO.NS,2018-12-17,5.0,4015.89990234375,0.0,Buy
401,401,AUROPHARMA.NS,2018-12-24,33.0,720.6500244140625,0.0,Sell
402,402,NLCINDIA.NS,2018-12-24,292.0,67.94999694824219,0.0,Sell
403,403,JUBLFOOD.NS,2018-12-24,88.0,264.3500061035156,0.0,Buy
404,404,FACT.NS,2018-12-24,564.0,41.25,0.0,Buy
405,405,ABB.NS,2019-01-07,19.0,1196.330810546875,0.0,Sell
406,406,JUBLFOOD.NS,2019-01-07,88.0,244.8999938964844,0.0,Sell
407,407,BLUEDART.NS,2019-01-07,6.0,3348.0,0.0,Buy
408,408,PRESTIGE.NS,2019-01-07,94.0,233.9499969482422,0.0,Buy
409,409,USHAMART.NS,2019-01-14,596.0,31.600000381469727,0.0,Sell
410,410,KNRCON.NS,2019-01-14,194.0,108.5,0.0,Buy
411,411,LT.NS,2019-01-21,18.0,1279.0,0.0,Sell
412,412,ULTRACEMCO.NS,2019-01-21,5.0,3810.0,0.0,Sell
413,413,CERA.NS,2019-01-21,7.0,2683.85009765625,0.0,Buy
414,414,TORNTPHARM.NS,2019-01-21,22.0,949.9749755859376,0.0,Buy
415,415,ADANIENT.NS,2019-01-28,218.0,138.0,0.0,Sell
416,416,RHIM.NS,2019-01-28,118.0,207.3500061035156,0.0,Sell
417,417,TRIVENI.NS,2019-01-28,489.0,44.29999923706055,0.0,Sell
418,418,BAJAJHLDNG.NS,2019-01-28,7.0,2860.0,0.0,Sell
419,419,HSCL.NS,2019-01-28,173.0,114.0,0.0,Sell
420,420,SOBHA.NS,2019-01-28,47.0,495.0,0.0,Buy
421,421,BAJFINANCE.NS,2019-01-28,90.0,261.0,0.0,Buy
422,422,BIOCON.NS,2019-01-28,71.0,332.5,0.0,Buy
423,423,IDFCFIRSTB.NS,2019-01-28,507.0,46.70000076293945,0.0,Buy
424,424,ELECON.NS,2019-01-28,740.0,32.0,0.0,Buy
425,425,TORNTPOWER.NS,2019-02-04,89.0,246.6999969482422,0.0,Sell
426,426,LINDEINDIA.NS,2019-02-04,47.0,457.8999938964844,0.0,Sell
427,427,CAPLIPOINT.NS,2019-02-04,41.0,351.0,0.0,Sell
428,428,MARICO.NS,2019-02-04,51.0,377.0,0.0,Buy
429,429,HCLTECH.NS,2019-02-04,37.0,522.5,0.0,Buy
430,430,JUBLFOOD.NS,2019-02-04,72.0,268.79998779296875,0.0,Buy
431,431,LTTS.NS,2019-02-11,16.0,1564.0,0.0,Sell
432,432,ADANIPOWER.NS,2019-02-11,683.0,35.75,0.0,Sell
433,433,TRIDENT.NS,2019-02-11,3584.0,6.21999979019165,0.0,Sell
434,434,IPCALAB.NS,2019-02-11,55.0,363.6000061035156,0.0,Sell
435,435,BAJAJHLDNG.NS,2019-02-11,7.0,3158.449951171875,0.0,Buy
436,436,ENDURANCE.NS,2019-02-11,18.0,1253.050048828125,0.0,Buy
437,437,SIEMENS.NS,2019-02-11,22.0,1025.5,0.0,Buy
438,438,JUBLPHARMA.NS,2019-02-11,40.0,568.08203125,0.0,Buy
439,439,ICICIBANK.NS,2019-02-18,103.0,342.20001220703125,0.0,Sell
440,440,APOLLOHOSP.NS,2019-02-18,21.0,1143.0,0.0,Sell
441,441,BIOCON.NS,2019-02-18,71.0,310.95001220703125,0.0,Sell
442,442,ELECON.NS,2019-02-18,740.0,27.5,0.0,Sell
443,443,JSWENERGY.NS,2019-02-18,299.0,65.1500015258789,0.0,Sell
444,444,FACT.NS,2019-02-18,564.0,32.400001525878906,0.0,Sell
445,445,MARICO.NS,2019-02-18,51.0,339.29998779296875,0.0,Sell
446,446,MPHASIS.NS,2019-02-18,21.0,1044.0,0.0,Buy
447,447,NEULANDLAB.NS,2019-02-18,38.0,584.0,0.0,Buy
448,448,OBEROIRLTY.NS,2019-02-18,48.0,469.9500122070313,0.0,Buy
449,449,JBCHEPHARM.NS,2019-02-18,146.0,155.02499389648438,0.0,Buy
450,450,CUB.NS,2019-02-18,125.0,181.5,0.0,Buy
451,451,TANLA.NS,2019-02-18,670.0,33.900001525878906,0.0,Buy
452,452,GVT&D.NS,2019-02-18,80.0,284.0,0.0,Buy
453,453,POLYMED.NS,2019-02-25,133.0,210.1000061035156,0.0,Sell
454,454,CUB.NS,2019-02-25,125.0,179.3000030517578,0.0,Sell
455,455,CERA.NS,2019-02-25,7.0,2237.949951171875,0.0,Sell
456,456,APARINDS.NS,2019-02-25,35.0,628.0999755859375,0.0,Buy
457,457,LICHSGFIN.NS,2019-02-25,47.0,476.8999938964844,0.0,Buy
458,458,EIHOTEL.NS,2019-02-25,124.0,181.9423065185547,0.0,Buy
459,459,SOBHA.NS,2019-03-04,47.0,435.3999938964844,0.0,Sell
460,460,IPCALAB.NS,2019-03-04,49.0,425.7749938964844,0.0,Buy
461,461,ATUL.NS,2019-03-18,8.0,3339.0,0.0,Sell
462,462,ICICIBANK.NS,2019-03-18,68.0,396.25,0.0,Buy
463,463,ENDURANCE.NS,2019-04-01,18.0,1166.0,0.0,Sell
464,464,CGPOWER.NS,2019-04-01,492.0,42.95000076293945,0.0,Buy
465,465,JWL.NS,2019-04-08,1768.0,19.399999618530277,0.0,Sell
466,466,GVT&D.NS,2019-04-08,80.0,278.70001220703125,0.0,Sell
467,467,JUBLPHARMA.NS,2019-04-08,40.0,533.5618896484375,0.0,Sell
468,468,GNFC.NS,2019-04-08,78.0,331.0,0.0,Buy
469,469,BHARTIARTL.NS,2019-04-08,80.0,323.0105895996094,0.0,Buy
470,470,NTPC.NS,2019-04-08,192.0,134.89999389648438,0.0,Buy
471,471,COROMANDEL.NS,2019-04-15,53.0,436.2000122070313,0.0,Sell
472,472,GUJGASLTD.NS,2019-04-15,146.0,161.0,0.0,Buy
473,473,BAYERCROP.NS,2019-04-22,7.0,4211.10009765625,0.0,Sell
474,474,AIAENG.NS,2019-04-22,16.0,1805.949951171875,0.0,Buy
475,475,TORNTPHARM.NS,2019-04-29,22.0,876.875,0.0,Sell
476,476,INDIACEM.NS,2019-04-29,179.0,110.6500015258789,0.0,Buy
477,477,ABFRL.NS,2019-05-06,156.0,202.56283569335935,0.0,Sell
478,478,IOC.NS,2019-05-06,301.0,105.0,0.0,Buy
479,479,PRAJIND.NS,2019-05-13,250.0,121.1500015258789,0.0,Sell
480,480,JBCHEPHARM.NS,2019-05-13,146.0,161.5500030517578,0.0,Sell
481,481,LICHSGFIN.NS,2019-05-13,47.0,475.7000122070313,0.0,Sell
482,482,BAJAJHLDNG.NS,2019-05-13,7.0,3060.89990234375,0.0,Sell
483,483,EIHOTEL.NS,2019-05-13,124.0,169.19161987304688,0.0,Sell
484,484,MPHASIS.NS,2019-05-13,21.0,950.5,0.0,Sell
485,485,JUBLFOOD.NS,2019-05-13,72.0,253.9900054931641,0.0,Sell
486,486,BLUEDART.NS,2019-05-13,6.0,3027.10009765625,0.0,Sell
487,487,ULTRACEMCO.NS,2019-05-13,4.0,4425.0,0.0,Buy
488,488,GRASIM.NS,2019-05-13,25.0,850.9165649414062,0.0,Buy
489,489,MCX.NS,2019-05-13,26.0,818.5,0.0,Buy
490,490,AJANTPHARM.NS,2019-05-13,30.0,710.6666870117188,0.0,Buy
491,491,LT.NS,2019-05-13,16.0,1345.0,0.0,Buy
492,492,CERA.NS,2019-05-13,8.0,2703.0,0.0,Buy
493,493,RAYMOND.NS,2019-05-13,27.0,803.0,0.0,Buy
494,494,ZENSARTECH.NS,2019-05-13,90.0,241.8000030517578,0.0,Buy
495,495,AIAENG.NS,2019-05-20,16.0,1650.0,0.0,Sell
496,496,IDFCFIRSTB.NS,2019-05-20,507.0,43.45000076293945,0.0,Sell
497,497,MARICO.NS,2019-05-20,75.0,365.0,0.0,Buy
498,498,BEL.NS,2019-05-20,873.0,31.700000762939453,0.0,Buy
499,499,DRREDDY.NS,2019-05-27,51.0,532.7999877929688,0.0,Sell
500,500,CAPLIPOINT.NS,2019-05-27,68.0,400.0,0.0,Buy
501,501,DIVISLAB.NS,2019-06-03,21.0,1597.25,0.0,Sell
502,502,NEULANDLAB.NS,2019-06-03,38.0,590.9000244140625,0.0,Sell
503,503,FACT.NS,2019-06-03,642.0,43.79999923706055,0.0,Buy
504,504,TTML.NS,2019-06-03,6538.0,4.305836200714111,0.0,Buy
505,505,APARINDS.NS,2019-06-10,35.0,654.4000244140625,0.0,Sell
506,506,APOLLOHOSP.NS,2019-06-10,16.0,1400.0,0.0,Buy
507,507,GNFC.NS,2019-06-17,78.0,262.20001220703125,0.0,Sell
508,508,AJANTPHARM.NS,2019-06-17,30.0,640.2000122070312,0.0,Sell
509,509,CGPOWER.NS,2019-06-17,492.0,30.100000381469727,0.0,Sell
510,510,BAJAJHLDNG.NS,2019-06-17,5.0,3619.949951171875,0.0,Buy
511,511,FINPIPE.NS,2019-06-17,182.0,100.4000015258789,0.0,Buy
512,512,NH.NS,2019-06-17,81.0,225.8000030517578,0.0,Buy
513,513,UPL.NS,2019-06-24,47.0,602.2666625976562,0.0,Sell
514,514,RAYMOND.NS,2019-06-24,27.0,749.0,0.0,Sell
515,515,INDIACEM.NS,2019-06-24,179.0,95.3000030517578,0.0,Sell
516,516,HINDUNILVR.NS,2019-06-24,12.0,1769.0,0.0,Buy
517,517,SOBHA.NS,2019-06-24,42.0,519.7000122070312,0.0,Buy
518,518,BERGEPAINT.NS,2019-06-24,83.0,264.5833435058594,0.0,Buy
519,519,IOC.NS,2019-07-08,301.0,100.5999984741211,0.0,Sell
520,520,IGL.NS,2019-07-08,187.0,148.5,0.0,Sell
521,521,WIPRO.NS,2019-07-08,203.0,133.875,0.0,Sell
522,522,BERGEPAINT.NS,2019-07-08,83.0,261.1666564941406,0.0,Sell
523,523,HCLTECH.NS,2019-07-08,37.0,505.5,0.0,Sell
524,524,ATUL.NS,2019-07-08,6.0,3960.0,0.0,Buy
525,525,MPHASIS.NS,2019-07-08,25.0,979.4000244140624,0.0,Buy
526,526,SUPREMEIND.NS,2019-07-08,22.0,1113.0,0.0,Buy
527,527,ICICIPRULI.NS,2019-07-08,63.0,396.0,0.0,Buy
528,528,AIAENG.NS,2019-07-08,14.0,1804.0,0.0,Buy
529,529,CGCL.NS,2019-07-15,248.0,146.61756896972656,0.0,Sell
530,530,HINDUNILVR.NS,2019-07-15,12.0,1715.0,0.0,Sell
531,531,TORNTPOWER.NS,2019-07-15,65.0,307.3500061035156,0.0,Buy
532,532,JBCHEPHARM.NS,2019-07-15,108.0,186.5249938964844,0.0,Buy
533,533,NMDC.NS,2019-07-15,702.0,28.72160530090332,0.0,Buy
534,534,NTPC.NS,2019-07-22,192.0,130.5,0.0,Sell
535,535,MPHASIS.NS,2019-07-22,25.0,916.5,0.0,Sell
536,536,LT.NS,2019-07-22,16.0,1409.5999755859375,0.0,Sell
537,537,CERA.NS,2019-07-22,8.0,2688.5,0.0,Sell
538,538,SBIN.NS,2019-07-22,64.0,356.0,0.0,Buy
539,539,PNCINFRA.NS,2019-07-22,123.0,186.5,0.0,Buy
540,540,SOLARINDS.NS,2019-07-22,20.0,1150.0,0.0,Buy
541,541,JSWENERGY.NS,2019-07-22,318.0,72.5,0.0,Buy
542,542,BEL.NS,2019-07-29,873.0,32.68333435058594,0.0,Sell
543,543,PFC.NS,2019-07-29,309.0,89.63999938964844,0.0,Sell
544,544,RECLTD.NS,2019-07-29,256.0,106.5,0.0,Sell
545,545,MARICO.NS,2019-07-29,75.0,360.8999938964844,0.0,Sell
546,546,AIAENG.NS,2019-07-29,14.0,1741.0999755859375,0.0,Sell
547,547,JSWENERGY.NS,2019-07-29,318.0,67.30000305175781,0.0,Sell
548,548,ZENSARTECH.NS,2019-07-29,90.0,215.0,0.0,Sell
549,549,DABUR.NS,2019-07-29,58.0,429.0,0.0,Buy
550,550,LALPATHLAB.NS,2019-07-29,22.0,1131.0999755859375,0.0,Buy
551,551,TECHNOE.NS,2019-07-29,97.0,257.25,0.0,Buy
552,552,PHOENIXLTD.NS,2019-07-29,74.0,338.32501220703125,0.0,Buy
553,553,TATACONSUM.NS,2019-07-29,97.0,258.5,0.0,Buy
554,554,SUNPHARMA.NS,2019-07-29,57.0,440.0,0.0,Buy
555,555,CESC.NS,2019-07-29,335.0,75.0199966430664,0.0,Buy
556,556,BALRAMCHIN.NS,2019-08-05,251.0,132.0500030517578,0.0,Sell
557,557,SIEMENS.NS,2019-08-05,22.0,1103.199951171875,0.0,Sell
558,558,SUPREMEIND.NS,2019-08-05,22.0,1046.0,0.0,Sell
559,559,ATUL.NS,2019-08-05,6.0,3579.0,0.0,Sell
560,560,SOLARINDS.NS,2019-08-05,20.0,1043.5999755859375,0.0,Sell
561,561,GRASIM.NS,2019-08-05,25.0,769.8389282226562,0.0,Sell
562,562,SBIN.NS,2019-08-05,64.0,298.45001220703125,0.0,Sell
563,563,ULTRACEMCO.NS,2019-08-05,4.0,4281.2998046875,0.0,Sell
564,564,UBL.NS,2019-08-05,15.0,1401.800048828125,0.0,Buy
565,565,WHIRLPOOL.NS,2019-08-05,14.0,1515.0,0.0,Buy
566,566,THERMAX.NS,2019-08-05,20.0,1084.5,0.0,Buy
567,567,GSPL.NS,2019-08-05,105.0,212.0,0.0,Buy
568,568,BERGEPAINT.NS,2019-08-05,80.0,278.2916564941406,0.0,Buy
569,569,POWERGRID.NS,2019-08-05,189.0,118.12503051757812,0.0,Buy
570,570,BRIGADE.NS,2019-08-05,128.0,174.46665954589844,0.0,Buy
571,571,TORNTPHARM.NS,2019-08-05,27.0,830.0,0.0,Buy
572,572,FACT.NS,2019-08-12,642.0,36.09999847412109,0.0,Sell
573,573,TTML.NS,2019-08-12,6538.0,2.8499999046325684,0.0,Sell
574,574,HINDUNILVR.NS,2019-08-12,12.0,1841.3499755859373,0.0,Buy
575,575,MARICO.NS,2019-08-12,58.0,392.0499877929688,0.0,Buy
576,576,TANLA.NS,2019-08-19,670.0,46.59999847412109,0.0,Sell
577,577,KNRCON.NS,2019-08-19,194.0,117.4749984741211,0.0,Sell
578,578,UBL.NS,2019-08-19,15.0,1341.0,0.0,Sell
579,579,SOBHA.NS,2019-08-19,42.0,478.0,0.0,Sell
580,580,NMDC.NS,2019-08-19,702.0,26.415679931640625,0.0,Sell
581,581,HEROMOTOCO.NS,2019-08-19,8.0,2672.0,0.0,Buy
582,582,SUPREMEIND.NS,2019-08-19,20.0,1114.050048828125,0.0,Buy
583,583,KANSAINER.NS,2019-08-19,70.0,320.0,0.0,Buy
584,584,MPHASIS.NS,2019-08-19,23.0,977.0,0.0,Buy
585,585,AJANTPHARM.NS,2019-08-19,34.0,667.5999755859375,0.0,Buy
586,586,BAJFINANCE.NS,2019-08-26,90.0,327.3999938964844,0.0,Sell
587,587,ICICIBANK.NS,2019-08-26,68.0,407.0,0.0,Sell
588,588,PHOENIXLTD.NS,2019-08-26,74.0,324.5,0.0,Sell
589,589,OBEROIRLTY.NS,2019-08-26,48.0,469.0499877929688,0.0,Sell
590,590,BAJAJHLDNG.NS,2019-08-26,5.0,3348.0,0.0,Sell
591,591,PIDILITIND.NS,2019-08-26,17.0,1370.0,0.0,Buy
592,592,INFY.NS,2019-08-26,30.0,795.9000244140625,0.0,Buy
593,593,TIMKEN.NS,2019-08-26,35.0,700.1500244140625,0.0,Buy
594,594,GODFRYPHLP.NS,2019-08-26,25.0,982.0,0.0,Buy
595,595,THERMAX.NS,2019-09-02,20.0,994.4000244140624,0.0,Sell
596,596,SWANENERGY.NS,2019-09-02,408.0,113.6999969482422,0.0,Buy
597,597,MUTHOOTFIN.NS,2019-09-09,51.0,576.1500244140625,0.0,Sell
598,598,IGL.NS,2019-09-09,179.0,164.3000030517578,0.0,Buy
599,599,POWERGRID.NS,2019-09-23,189.0,110.81253051757812,0.0,Sell
600,600,FACT.NS,2019-09-23,470.0,44.54999923706055,0.0,Buy
601,601,IPCALAB.NS,2019-09-30,49.0,458.0,0.0,Sell
602,602,JBCHEPHARM.NS,2019-09-30,108.0,179.97500610351562,0.0,Sell
603,603,JUBLFOOD.NS,2019-09-30,76.0,273.8999938964844,0.0,Buy
604,604,CAPLIPOINT.NS,2019-10-07,68.0,408.2999877929688,0.0,Sell
605,605,BHARTIARTL.NS,2019-10-07,80.0,331.77099609375,0.0,Sell
606,606,PRESTIGE.NS,2019-10-07,94.0,268.45001220703125,0.0,Sell
607,607,CESC.NS,2019-10-07,335.0,73.2249984741211,0.0,Sell
608,608,PNCINFRA.NS,2019-10-07,123.0,176.25,0.0,Sell
609,609,PAGEIND.NS,2019-10-07,1.0,21078.0,0.0,Buy
610,610,IOC.NS,2019-10-07,293.0,99.93333435058594,0.0,Buy
611,611,POLYMED.NS,2019-10-07,143.0,205.0500030517578,0.0,Buy
612,612,SCI.NS,2019-10-07,692.0,42.400001525878906,0.0,Buy
613,613,BEL.NS,2019-10-07,838.0,35.03333282470703,0.0,Buy
614,614,SUNPHARMA.NS,2019-10-14,57.0,387.0,0.0,Sell
615,615,MPHASIS.NS,2019-10-14,23.0,889.1500244140625,0.0,Sell
616,616,LT.NS,2019-10-14,17.0,1435.0,0.0,Buy
617,617,BAJFINANCE.NS,2019-10-14,63.0,398.7999877929688,0.0,Buy
618,618,INFY.NS,2019-10-21,30.0,767.8499755859375,0.0,Sell
619,619,ICICIBANK.NS,2019-10-21,55.0,437.7999877929688,0.0,Buy
620,620,MARICO.NS,2019-11-04,58.0,371.0,0.0,Sell
621,621,IPCALAB.NS,2019-11-04,42.0,512.5,0.0,Buy
622,622,SWANENERGY.NS,2019-11-11,408.0,101.25,0.0,Sell
623,623,BHARTIARTL.NS,2019-11-11,114.0,364.4082336425781,0.0,Buy
624,624,LT.NS,2019-11-18,17.0,1388.0,0.0,Sell
625,625,MOTHERSON.NS,2019-11-18,428.0,55.42885208129883,0.0,Buy
626,626,IOC.NS,2019-11-25,293.0,86.53333282470703,0.0,Sell
627,627,PIDILITIND.NS,2019-11-25,17.0,1305.9000244140625,0.0,Sell
628,628,HEROMOTOCO.NS,2019-11-25,8.0,2458.0,0.0,Sell
629,629,BIOCON.NS,2019-11-25,87.0,256.29998779296875,0.0,Buy
630,630,KNRCON.NS,2019-11-25,184.0,121.2750015258789,0.0,Buy
631,631,ASHOKLEY.NS,2019-11-25,274.0,81.80000305175781,0.0,Buy
632,632,BEL.NS,2019-12-02,838.0,34.43333435058594,0.0,Sell
633,633,RKFORGE.NS,2019-12-02,409.0,71.05999755859375,0.0,Buy
634,634,SUPREMEIND.NS,2019-12-09,20.0,1121.949951171875,0.0,Sell
635,635,AJANTPHARM.NS,2019-12-09,34.0,651.0,0.0,Sell
636,636,KNRCON.NS,2019-12-09,184.0,115.375,0.0,Sell
637,637,TORNTPOWER.NS,2019-12-09,65.0,271.8999938964844,0.0,Sell
638,638,FACT.NS,2019-12-09,470.0,37.5,0.0,Sell
639,639,BALKRISIND.NS,2019-12-09,21.0,922.0,0.0,Buy
640,640,ENDURANCE.NS,2019-12-09,19.0,1036.0,0.0,Buy
641,641,JSWSTEEL.NS,2019-12-09,79.0,253.0,0.0,Buy
642,642,PRESTIGE.NS,2019-12-09,61.0,328.8999938964844,0.0,Buy
643,643,JSWENERGY.NS,2019-12-09,275.0,73.5,0.0,Buy
644,644,APOLLOHOSP.NS,2019-12-16,16.0,1370.0,0.0,Sell
645,645,FINPIPE.NS,2019-12-16,182.0,110.1999969482422,0.0,Sell
646,646,KNRCON.NS,2019-12-16,177.0,123.3000030517578,0.0,Buy
647,647,SAIL.NS,2019-12-16,534.0,41.0,0.0,Buy
648,648,HINDUNILVR.NS,2019-12-23,12.0,1949.25,0.0,Sell
649,649,BAYERCROP.NS,2019-12-23,6.0,3528.199951171875,0.0,Buy
650,650,JSWENERGY.NS,2020-01-20,275.0,67.5,0.0,Sell
651,651,FACT.NS,2020-01-20,438.0,47.59999847412109,0.0,Buy
652,652,ICICIPRULI.NS,2020-02-03,63.0,451.0,0.0,Sell
653,653,GODFRYPHLP.NS,2020-02-03,25.0,1126.8499755859375,0.0,Sell
654,654,KANSAINER.NS,2020-02-03,70.0,336.3333435058594,0.0,Sell
655,655,AIAENG.NS,2020-02-03,14.0,1785.0,0.0,Buy
656,656,APOLLOHOSP.NS,2020-02-03,16.0,1616.0,0.0,Buy
657,657,BLUEDART.NS,2020-02-03,10.0,2650.050048828125,0.0,Buy
658,658,MOTHERSON.NS,2020-02-17,428.0,50.838809967041016,0.0,Sell
659,659,FACT.NS,2020-02-17,438.0,36.75,0.0,Sell
660,660,SWANENERGY.NS,2020-02-17,155.0,130.64999389648438,0.0,Buy
661,661,TTML.NS,2020-02-17,5891.0,3.450000047683716,0.0,Buy
662,662,SCI.NS,2020-03-02,692.0,45.29999923706055,0.0,Sell
663,663,PAGEIND.NS,2020-03-02,1.0,22419.900390625,0.0,Sell
664,664,ASHOKLEY.NS,2020-03-02,274.0,71.5,0.0,Sell
665,665,SAIL.NS,2020-03-02,534.0,36.650001525878906,0.0,Sell
666,666,ENDURANCE.NS,2020-03-02,19.0,999.7000122070312,0.0,Sell
667,667,PRESTIGE.NS,2020-03-02,61.0,296.54998779296875,0.0,Sell
668,668,SUPREMEIND.NS,2020-03-02,16.0,1311.300048828125,0.0,Buy
669,669,AJANTPHARM.NS,2020-03-02,23.0,928.6666870117188,0.0,Buy
670,670,BASF.NS,2020-03-02,20.0,1070.0,0.0,Buy
671,671,SHRIRAMFIN.NS,2020-03-02,90.0,238.7165069580078,0.0,Buy
672,672,INDIACEM.NS,2020-03-02,217.0,99.8000030517578,0.0,Buy
673,673,JSL.NS,2020-03-02,535.0,40.5,0.0,Buy
674,674,WHIRLPOOL.NS,2020-03-09,14.0,2060.0,0.0,Sell
675,675,ICICIBANK.NS,2020-03-09,55.0,475.0,0.0,Sell
676,676,GSPL.NS,2020-03-09,105.0,217.6000061035156,0.0,Sell
677,677,RKFORGE.NS,2020-03-09,409.0,54.0,0.0,Sell
678,678,JSWSTEEL.NS,2020-03-09,79.0,229.0500030517578,0.0,Sell
679,679,ZFCVINDIA.NS,2020-03-09,3.0,6610.0,0.0,Buy
680,680,ATUL.NS,2020-03-09,4.0,5066.0,0.0,Buy
681,681,MUTHOOTFIN.NS,2020-03-09,27.0,862.0,0.0,Buy
682,682,HINDUNILVR.NS,2020-03-09,11.0,2140.0,0.0,Buy
683,683,TORNTPOWER.NS,2020-03-09,76.0,313.8999938964844,0.0,Buy
684,684,IGL.NS,2020-03-16,179.0,204.4499969482422,0.0,Sell
685,685,PIIND.NS,2020-03-16,28.0,1300.0,0.0,Sell
686,686,BERGEPAINT.NS,2020-03-16,80.0,381.8333435058594,0.0,Sell
687,687,TATACONSUM.NS,2020-03-16,97.0,305.29998779296875,0.0,Sell
688,688,MCX.NS,2020-03-16,26.0,1080.0,0.0,Sell
689,689,DABUR.NS,2020-03-16,58.0,439.3999938964844,0.0,Sell
690,690,TECHNOE.NS,2020-03-16,97.0,250.0,0.0,Sell
691,691,BAJFINANCE.NS,2020-03-16,63.0,383.3450012207031,0.0,Sell
692,692,NH.NS,2020-03-16,81.0,293.6499938964844,0.0,Sell
693,693,BRIGADE.NS,2020-03-16,128.0,182.0,0.0,Sell
694,694,HINDUNILVR.NS,2020-03-16,11.0,2000.0,0.0,Sell
695,695,JUBLFOOD.NS,2020-03-16,76.0,279.0,0.0,Sell
696,696,TORNTPOWER.NS,2020-03-16,76.0,276.5,0.0,Sell
697,697,KNRCON.NS,2020-03-16,177.0,110.5,0.0,Sell
698,698,SUPREMEIND.NS,2020-03-16,16.0,1051.0,0.0,Sell
699,699,JSL.NS,2020-03-16,535.0,31.25,0.0,Sell
700,700,SWANENERGY.NS,2020-03-16,155.0,102.5999984741211,0.0,Sell
701,701,SHRIRAMFIN.NS,2020-03-16,90.0,153.55804443359375,0.0,Sell
702,702,ALKEM.NS,2020-03-16,12.0,2428.89990234375,0.0,Buy
703,703,ABBOTINDIA.NS,2020-03-16,2.0,14900.0,0.0,Buy
704,704,PIDILITIND.NS,2020-03-16,20.0,1502.0,0.0,Buy
705,705,ESCORTS.NS,2020-03-16,47.0,652.0,0.0,Buy
706,706,TRENT.NS,2020-03-16,54.0,570.0,0.0,Buy
707,707,DEEPAKNTR.NS,2020-03-16,70.0,441.0,0.0,Buy
708,708,COROMANDEL.NS,2020-03-16,54.0,573.0,0.0,Buy
709,709,ALKYLAMINE.NS,2020-03-16,62.0,500.0,0.0,Buy
710,710,DIVISLAB.NS,2020-03-16,16.0,1950.0,0.0,Buy
711,711,NAVINFLUOR.NS,2020-03-16,24.0,1301.25,0.0,Buy
712,712,JBCHEPHARM.NS,2020-03-16,110.0,284.0,0.0,Buy
713,713,GRANULES.NS,2020-03-16,203.0,154.0,0.0,Buy
714,714,ALOKINDS.NS,2020-03-16,4740.0,6.599999904632568,0.0,Buy
715,715,RTNINDIA.NS,2020-03-16,11806.0,2.650000095367432,0.0,Buy
716,716,LALPATHLAB.NS,2020-03-23,22.0,1335.800048828125,0.0,Sell
717,717,ESCORTS.NS,2020-03-23,47.0,607.6500244140625,0.0,Sell
718,718,TIMKEN.NS,2020-03-23,35.0,715.0,0.0,Sell
719,719,TRENT.NS,2020-03-23,54.0,442.0,0.0,Sell
720,720,TORNTPHARM.NS,2020-03-23,27.0,853.5,0.0,Sell
721,721,BIOCON.NS,2020-03-23,87.0,254.0,0.0,Sell
722,722,BLUEDART.NS,2020-03-23,10.0,2070.0,0.0,Sell
723,723,BAYERCROP.NS,2020-03-23,6.0,3285.60009765625,0.0,Sell
724,724,APOLLOHOSP.NS,2020-03-23,16.0,1226.699951171875,0.0,Sell
725,725,ZFCVINDIA.NS,2020-03-23,3.0,5558.0,0.0,Sell
726,726,BALKRISIND.NS,2020-03-23,21.0,760.0,0.0,Sell
727,727,AIAENG.NS,2020-03-23,14.0,1102.199951171875,0.0,Sell
728,728,MUTHOOTFIN.NS,2020-03-23,27.0,548.1500244140625,0.0,Sell
729,729,ATUL.NS,2020-03-23,4.0,3450.0,0.0,Sell
730,730,TTML.NS,2020-03-23,5891.0,2.0,0.0,Sell
731,731,ZYDUSLIFE.NS,2020-03-23,1068.0,288.04998779296875,0.0,Buy
732,732,BHARTIARTL.NS,2020-03-30,114.0,435.6702880859375,0.0,Sell
733,733,POLYMED.NS,2020-03-30,143.0,238.3000030517578,0.0,Sell
734,734,GUJGASLTD.NS,2020-03-30,146.0,228.0,0.0,Sell
735,735,DIVISLAB.NS,2020-03-30,16.0,1851.0,0.0,Sell
736,736,ALKYLAMINE.NS,2020-03-30,62.0,450.0,0.0,Sell
737,737,COROMANDEL.NS,2020-03-30,54.0,516.2000122070312,0.0,Sell
738,738,DEEPAKNTR.NS,2020-03-30,70.0,372.9500122070313,0.0,Sell
739,739,PIDILITIND.NS,2020-03-30,20.0,1275.0,0.0,Sell
740,740,JBCHEPHARM.NS,2020-04-06,110.0,223.6499938964844,0.0,Sell
741,741,RTNINDIA.NS,2020-04-06,11806.0,1.899999976158142,0.0,Sell
742,742,ALOKINDS.NS,2020-04-06,4740.0,4.300000190734863,0.0,Sell
743,743,HINDUNILVR.NS,2020-04-13,19.0,2381.0,0.0,Buy
744,744,DIVISLAB.NS,2020-04-13,19.0,2385.0,0.0,Buy
745,745,CIPLA.NS,2020-04-13,75.0,605.0,0.0,Buy
746,746,BIOCON.NS,2020-04-13,136.0,335.95001220703125,0.0,Buy
747,747,DRREDDY.NS,2020-04-13,62.0,738.7999877929688,0.0,Buy
748,748,LUPIN.NS,2020-04-13,57.0,804.0,0.0,Buy
749,749,TORNTPHARM.NS,2020-04-13,36.0,1275.5,0.0,Buy
750,750,PATANJALI.NS,2020-04-20,1.0,280.0,0.0,Buy
751,751,FACT.NS,2020-04-20,7.0,41.0,0.0,Buy
752,752,SUZLON.NS,2020-04-20,112.0,2.6628201007843018,0.0,Buy
753,753,DEEPAKFERT.NS,2020-04-27,1.0,97.1064910888672,0.0,Buy
754,754,LAURUSLABS.NS,2020-04-27,1.0,101.95999908447266,0.0,Buy
755,755,ITI.NS,2020-04-27,2.0,82.9000015258789,0.0,Buy
756,756,TTML.NS,2020-04-27,63.0,3.0,0.0,Buy
757,757,CESC.NS,2020-05-04,1.0,62.0,0.0,Buy
758,758,HINDUNILVR.NS,2020-05-11,19.0,2083.0,0.0,Sell
759,759,PIIND.NS,2020-05-11,26.0,1540.0,0.0,Buy
760,760,ALKEM.NS,2020-06-01,12.0,2290.0,0.0,Sell
761,761,AIAENG.NS,2020-06-01,8.0,1690.0,0.0,Buy
762,762,BHARTIARTL.NS,2020-06-01,25.0,548.6981811523438,0.0,Buy
763,763,ABBOTINDIA.NS,2020-07-20,2.0,15398.7998046875,0.0,Sell
764,764,GNFC.NS,2020-07-20,193.0,162.5,0.0,Buy
765,765,BHARTIARTL.NS,2020-08-17,25.0,520.7725219726562,0.0,Sell
766,766,CGPOWER.NS,2020-08-17,942.0,13.949999809265137,0.0,Buy
767,767,PATANJALI.NS,2020-09-07,1.0,603.2999877929688,0.0,Sell
768,768,SUZLON.NS,2020-09-07,112.0,3.12192702293396,0.0,Sell
769,769,FINPIPE.NS,2020-09-07,3.0,102.04000091552734,0.0,Buy
770,770,GUJGASLTD.NS,2020-09-07,1.0,307.0,0.0,Buy
771,771,TTML.NS,2020-09-21,63.0,3.150000095367432,0.0,Sell
772,772,JUBLFOOD.NS,2020-09-21,1.0,471.5499877929688,0.0,Buy
773,773,FACT.NS,2020-09-28,7.0,48.400001525878906,0.0,Sell
774,774,MOTHERSON.NS,2020-09-28,4.0,45.69550323486328,0.0,Buy
775,775,ASHOKLEY.NS,2020-10-19,2.0,75.75,0.0,Buy
776,776,CESC.NS,2020-10-26,1.0,59.09999847412109,0.0,Sell
777,777,TTML.NS,2020-10-26,10.0,6.199999809265137,0.0,Buy
778,778,LUPIN.NS,2020-11-02,57.0,912.0,0.0,Sell
779,779,TORNTPHARM.NS,2020-11-02,36.0,1283.0,0.0,Sell
780,780,AIAENG.NS,2020-11-02,8.0,1729.0,0.0,Sell
781,781,MOTHERSON.NS,2020-11-02,4.0,43.64637756347656,0.0,Sell
782,782,ZENSARTECH.NS,2020-11-02,158.0,177.0,0.0,Buy
783,783,RKFORGE.NS,2020-11-02,364.0,77.0,0.0,Buy
784,784,KNRCON.NS,2020-11-02,224.0,125.1500015258789,0.0,Buy
785,785,NH.NS,2020-11-02,82.0,341.95001220703125,0.0,Buy
786,786,GRANULES.NS,2021-01-25,203.0,338.1000061035156,0.0,Sell
787,787,BIOCON.NS,2021-01-25,136.0,393.1000061035156,0.0,Sell
788,788,IPCALAB.NS,2021-01-25,42.0,1018.5,0.0,Sell
789,789,AIAENG.NS,2021-01-25,13.0,2085.0,0.0,Buy
790,790,BHARTIARTL.NS,2021-01-25,48.0,568.32958984375,0.0,Buy
791,791,APARINDS.NS,2021-01-25,73.0,374.9500122070313,0.0,Buy
792,792,IOC.NS,2021-01-25,425.0,64.66666412353516,0.0,Buy
793,793,MOTHERSON.NS,2021-01-25,422.0,65.14170837402344,0.0,Buy
794,794,FACT.NS,2021-01-25,318.0,86.5,0.0,Buy
795,795,DRREDDY.NS,2021-02-01,62.0,912.010009765625,0.0,Sell
796,796,PIIND.NS,2021-02-01,26.0,2046.050048828125,0.0,Sell
797,797,ITI.NS,2021-02-01,2.0,121.9499969482422,0.0,Sell
798,798,CERA.NS,2021-02-01,6.0,3428.0,0.0,Buy
799,799,M&M.NS,2021-02-01,29.0,753.0,0.0,Buy
800,800,IGL.NS,2021-02-01,85.0,257.92498779296875,0.0,Buy
801,801,SAIL.NS,2021-02-01,378.0,58.54999923706055,0.0,Buy
802,802,AIAENG.NS,2021-02-22,13.0,1869.75,0.0,Sell
803,803,NTPC.NS,2021-02-22,466.0,104.3000030517578,0.0,Buy
804,804,ZYDUSLIFE.NS,2021-03-01,1068.0,437.0,0.0,Sell
805,805,DIVISLAB.NS,2021-03-01,19.0,3396.699951171875,0.0,Sell
806,806,POLYMED.NS,2021-03-01,251.0,705.2999877929688,0.0,Buy
807,807,OIL.NS,2021-03-01,2086.0,84.86666870117188,0.0,Buy
808,808,SWANENERGY.NS,2021-03-01,1198.0,147.8000030517578,0.0,Buy
809,809,CIPLA.NS,2021-03-22,75.0,762.0,0.0,Sell
810,810,NH.NS,2021-03-22,82.0,386.7999877929688,0.0,Sell
811,811,JSWSTEEL.NS,2021-03-22,100.0,441.0,0.0,Buy
812,812,SCI.NS,2021-03-22,413.0,107.6500015258789,0.0,Buy
813,813,SWANENERGY.NS,2021-03-29,1198.0,133.3000030517578,0.0,Sell
814,814,IOC.NS,2021-03-29,425.0,60.59999847412109,0.0,Sell
815,815,BHARTIARTL.NS,2021-03-29,48.0,512.870849609375,0.0,Sell
816,816,ULTRACEMCO.NS,2021-03-29,10.0,6735.25,0.0,Buy
817,817,GRASIM.NS,2021-03-29,50.0,1400.033203125,0.0,Buy
818,818,JSWENERGY.NS,2021-03-29,802.0,87.5,0.0,Buy
819,819,IPCALAB.NS,2021-04-26,2.0,1062.0,0.0,Buy
820,820,M&M.NS,2021-05-03,29.0,744.9000244140625,0.0,Sell
821,821,CAPLIPOINT.NS,2021-05-03,45.0,492.0,0.0,Buy
822,822,IPCALAB.NS,2021-06-21,2.0,996.0,0.0,Sell
823,823,AIAENG.NS,2021-06-21,1.0,1958.25,0.0,Buy
824,824,AIAENG.NS,2021-08-09,1.0,1954.0,0.0,Sell
825,825,BHARTIARTL.NS,2021-08-09,3.0,598.75830078125,0.0,Buy
826,826,SCI.NS,2021-08-16,413.0,104.9499969482422,0.0,Sell
827,827,INDIACEM.NS,2021-08-16,217.0,177.0,0.0,Sell
828,828,FINCABLES.NS,2021-08-16,83.0,495.0,0.0,Buy
829,829,PRESTIGE.NS,2021-08-16,121.0,339.70001220703125,0.0,Buy
830,830,GNFC.NS,2021-08-23,193.0,335.0,0.0,Sell
831,831,MOTHERSON.NS,2021-08-23,422.0,84.01416015625,0.0,Sell
832,832,IGL.NS,2021-08-23,85.0,263.0,0.0,Sell
833,833,ASHOKLEY.NS,2021-08-23,2.0,120.25,0.0,Sell
834,834,BAJAJHLDNG.NS,2021-08-23,7.0,4144.0,0.0,Buy
835,835,ENDURANCE.NS,2021-08-23,19.0,1592.9000244140625,0.0,Buy
836,836,LT.NS,2021-08-23,19.0,1600.0999755859375,0.0,Buy
837,837,BEL.NS,2021-08-23,534.0,57.46666717529297,0.0,Buy
838,838,SAIL.NS,2021-09-27,378.0,108.4499969482422,0.0,Sell
839,839,IOC.NS,2021-09-27,551.0,78.76666259765625,0.0,Buy
840,840,GUJGASLTD.NS,2021-10-04,1.0,618.0,0.0,Sell
841,841,GNFC.NS,2021-10-04,1.0,428.7000122070313,0.0,Buy
842,842,NAVINFLUOR.NS,2021-10-25,24.0,3396.39990234375,0.0,Sell
843,843,FACT.NS,2021-10-25,318.0,121.5999984741211,0.0,Sell
844,844,FINCABLES.NS,2021-10-25,83.0,460.0,0.0,Sell
845,845,LAURUSLABS.NS,2021-10-25,1.0,536.5,0.0,Sell
846,846,INDIACEM.NS,2021-10-25,200.0,198.0,0.0,Buy
847,847,M&M.NS,2021-10-25,45.0,883.0,0.0,Buy
848,848,ASHOKLEY.NS,2021-10-25,287.0,138.5,0.0,Buy
849,849,MCX.NS,2021-11-01,7.0,1704.949951171875,0.0,Buy
850,850,SHRIRAMFIN.NS,2021-11-01,45.0,291.0,0.0,Buy
851,851,SCI.NS,2021-11-01,103.0,128.89999389648438,0.0,Buy
852,852,POLYMED.NS,2021-11-08,251.0,908.2000122070312,0.0,Sell
853,853,PAGEIND.NS,2021-11-08,2.0,39361.0,0.0,Buy
854,854,DBREALTY.NS,2021-11-08,2598.0,44.20000076293945,0.0,Buy
855,855,BASF.NS,2021-11-15,20.0,2995.0,0.0,Sell
856,856,SOBHA.NS,2021-11-15,106.0,899.9000244140625,0.0,Buy
857,857,JSWSTEEL.NS,2021-11-22,100.0,654.9500122070312,0.0,Sell
858,858,DEEPAKFERT.NS,2021-11-22,1.0,370.0,0.0,Sell
859,859,SIEMENS.NS,2021-11-22,9.0,2310.0,0.0,Buy
860,860,FINCABLES.NS,2021-11-22,37.0,591.4000244140625,0.0,Buy
861,861,RAYMOND.NS,2021-11-22,44.0,501.4500122070313,0.0,Buy
862,862,KNRCON.NS,2021-11-29,224.0,255.3500061035156,0.0,Sell
863,863,INDIACEM.NS,2021-11-29,200.0,187.0,0.0,Sell
864,864,ASHOKLEY.NS,2021-11-29,287.0,124.0999984741211,0.0,Sell
865,865,CAPLIPOINT.NS,2021-11-29,45.0,765.0,0.0,Sell
866,866,AJANTPHARM.NS,2021-11-29,23.0,1407.4666748046875,0.0,Sell
867,867,SIEMENS.NS,2021-11-29,9.0,2099.0,0.0,Sell
868,868,JUBLFOOD.NS,2021-11-29,1.0,723.0,0.0,Sell
869,869,ZFCVINDIA.NS,2021-11-29,3.0,8101.60009765625,0.0,Buy
870,870,LTTS.NS,2021-11-29,5.0,5205.5498046875,0.0,Buy
871,871,SOLARINDS.NS,2021-11-29,11.0,2615.14990234375,0.0,Buy
872,872,GLAXO.NS,2021-11-29,18.0,1700.0,0.0,Buy
873,873,TORNTPOWER.NS,2021-11-29,58.0,533.5,0.0,Buy
874,874,TVSMOTOR.NS,2021-11-29,46.0,674.2999877929688,0.0,Buy
875,875,SBIN.NS,2021-11-29,66.0,470.0,0.0,Buy
876,876,MCX.NS,2021-12-06,7.0,1629.0,0.0,Sell
877,877,NEULANDLAB.NS,2021-12-06,15.0,1804.699951171875,0.0,Buy
878,878,OIL.NS,2021-12-20,2086.0,126.66666412353516,0.0,Sell
879,879,RKFORGE.NS,2021-12-20,364.0,177.39999389648438,0.0,Sell
880,880,IOC.NS,2021-12-20,551.0,74.66666412353516,0.0,Sell
881,881,CERA.NS,2021-12-20,6.0,4588.7001953125,0.0,Sell
882,882,SHRIRAMFIN.NS,2021-12-20,45.0,250.0,0.0,Sell
883,883,TANLA.NS,2021-12-20,46.0,1740.0,0.0,Buy
884,884,SIEMENS.NS,2021-12-20,34.0,2397.0,0.0,Buy
885,885,JWL.NS,2021-12-20,1967.0,41.54999923706055,0.0,Buy
886,886,SWANENERGY.NS,2021-12-20,590.0,138.5500030517578,0.0,Buy
887,887,IFCI.NS,2021-12-20,5274.0,15.5,0.0,Buy
888,888,GRASIM.NS,2021-12-27,50.0,1594.1612548828125,0.0,Sell
889,889,ULTRACEMCO.NS,2021-12-27,10.0,7219.0,0.0,Sell
890,890,NTPC.NS,2021-12-27,466.0,121.25,0.0,Sell
891,891,M&M.NS,2021-12-27,45.0,808.0,0.0,Sell
892,892,ENDURANCE.NS,2021-12-27,19.0,1604.1500244140625,0.0,Sell
893,893,TVSMOTOR.NS,2021-12-27,46.0,607.7999877929688,0.0,Sell
894,894,NEULANDLAB.NS,2021-12-27,15.0,1572.0,0.0,Sell
895,895,SCHAEFFLER.NS,2021-12-27,23.0,1712.719970703125,0.0,Buy
896,896,NAVINFLUOR.NS,2021-12-27,10.0,3999.949951171875,0.0,Buy
897,897,UNOMINDA.NS,2021-12-27,69.0,590.0,0.0,Buy
898,898,BSOFT.NS,2021-12-27,77.0,529.0,0.0,Buy
899,899,SAREGAMA.NS,2021-12-27,83.0,490.8641052246094,0.0,Buy
900,900,ALOKINDS.NS,2021-12-27,1624.0,25.299999237060547,0.0,Buy
901,901,YESBANK.NS,2021-12-27,3125.0,13.149999618530272,0.0,Buy
902,902,SUZLON.NS,2021-12-27,5328.0,7.712996959686279,0.0,Buy
903,903,FINCABLES.NS,2022-01-24,37.0,492.0,0.0,Sell
904,904,SCI.NS,2022-01-24,103.0,125.8000030517578,0.0,Sell
905,905,FINPIPE.NS,2022-01-24,3.0,195.0,0.0,Sell
906,906,GUJGASLTD.NS,2022-01-24,16.0,705.0,0.0,Buy
907,907,MOTHERSON.NS,2022-01-24,97.0,121.66666412353516,0.0,Buy
908,908,FACT.NS,2022-01-24,83.0,142.85000610351562,0.0,Buy
909,909,ZENSARTECH.NS,2022-01-31,158.0,418.3999938964844,0.0,Sell
910,910,BSOFT.NS,2022-01-31,77.0,457.2999877929688,0.0,Sell
911,911,GLAXO.NS,2022-01-31,18.0,1565.050048828125,0.0,Sell
912,912,LTTS.NS,2022-01-31,5.0,4680.0,0.0,Sell
913,913,BAYERCROP.NS,2022-01-31,5.0,5169.0,0.0,Buy
914,914,JSL.NS,2022-01-31,149.0,204.8999938964844,0.0,Buy
915,915,TITAGARH.NS,2022-01-31,267.0,114.6999969482422,0.0,Buy
916,916,INDIACEM.NS,2022-01-31,135.0,227.0,0.0,Buy
917,917,NBCC.NS,2022-01-31,975.0,31.5,0.0,Buy
918,918,APARINDS.NS,2022-02-07,73.0,681.0,0.0,Sell
919,919,BIOCON.NS,2022-02-07,140.0,390.5,0.0,Buy
920,920,SAREGAMA.NS,2022-02-14,83.0,400.8561401367188,0.0,Sell
921,921,NBCC.NS,2022-02-14,975.0,29.466665267944336,0.0,Sell
922,922,TORNTPOWER.NS,2022-02-14,58.0,481.2999877929688,0.0,Sell
923,923,ZFCVINDIA.NS,2022-02-14,3.0,7677.0,0.0,Sell
924,924,GUJGASLTD.NS,2022-02-14,16.0,623.7000122070312,0.0,Sell
925,925,NATCOPHARM.NS,2022-02-14,27.0,904.1500244140624,0.0,Buy
926,926,HINDALCO.NS,2022-02-14,46.0,531.0,0.0,Buy
927,927,JINDALSTEL.NS,2022-02-14,58.0,422.3500061035156,0.0,Buy
928,928,RPOWER.NS,2022-02-14,1622.0,15.199999809265137,0.0,Buy
929,929,SOBHA.NS,2022-02-21,106.0,754.1500244140625,0.0,Sell
930,930,IFCI.NS,2022-02-21,5274.0,13.550000190734863,0.0,Sell
931,931,BAYERCROP.NS,2022-02-21,5.0,4480.0,0.0,Sell
932,932,FACT.NS,2022-02-21,83.0,120.0,0.0,Sell
933,933,EICHERMOT.NS,2022-02-21,19.0,2688.0,0.0,Buy
934,934,NAVA.NS,2022-02-21,832.0,62.775001525878906,0.0,Buy
935,935,TARIL.NS,2022-02-21,2693.0,19.39999961853028,0.0,Buy
936,936,CHOLAFIN.NS,2022-02-21,78.0,670.0,0.0,Buy
937,937,JWL.NS,2022-02-28,1967.0,38.650001525878906,0.0,Sell
938,938,ALOKINDS.NS,2022-02-28,1624.0,23.5,0.0,Sell
939,939,NAVINFLUOR.NS,2022-02-28,10.0,3715.0,0.0,Sell
940,940,LT.NS,2022-02-28,19.0,1764.9000244140625,0.0,Sell
941,941,INDIACEM.NS,2022-02-28,135.0,196.3999938964844,0.0,Sell
942,942,TITAGARH.NS,2022-02-28,267.0,82.05000305175781,0.0,Sell
943,943,RPOWER.NS,2022-02-28,1622.0,12.850000381469728,0.0,Sell
944,944,NATCOPHARM.NS,2022-02-28,27.0,760.2000122070312,0.0,Sell
945,945,TTML.NS,2022-02-28,10.0,106.4000015258789,0.0,Sell
946,946,SUNPHARMA.NS,2022-02-28,30.0,821.0,0.0,Buy
947,947,AXISBANK.NS,2022-02-28,33.0,749.9000244140625,0.0,Buy
948,948,RHIM.NS,2022-02-28,49.0,508.0,0.0,Buy
949,949,ELGIEQUIP.NS,2022-02-28,76.0,327.75,0.0,Buy
950,950,CCL.NS,2022-02-28,57.0,438.0,0.0,Buy
951,951,GPIL.NS,2022-02-28,86.0,291.0,0.0,Buy
952,952,ONGC.NS,2022-02-28,156.0,160.5,0.0,Buy
953,953,BANKBARODA.NS,2022-02-28,240.0,104.5,0.0,Buy
954,954,NATIONALUM.NS,2022-02-28,214.0,117.3000030517578,0.0,Buy
955,955,GRAVITA.NS,2022-02-28,73.0,344.0,0.0,Buy
956,956,JPPOWER.NS,2022-02-28,3649.0,6.900000095367432,0.0,Buy
957,957,PRESTIGE.NS,2022-03-07,121.0,426.0,0.0,Sell
958,958,EICHERMOT.NS,2022-03-07,19.0,2230.0,0.0,Sell
959,959,YESBANK.NS,2022-03-07,3125.0,12.699999809265137,0.0,Sell
960,960,UNOMINDA.NS,2022-03-07,69.0,449.5,0.0,Sell
961,961,SBIN.NS,2022-03-07,66.0,447.5,0.0,Sell
962,962,CCL.NS,2022-03-07,57.0,390.2000122070313,0.0,Sell
963,963,MOTHERSON.NS,2022-03-07,97.0,89.26666259765625,0.0,Sell
964,964,BHARTIARTL.NS,2022-03-07,3.0,640.0,0.0,Sell
965,965,CGCL.NS,2022-03-07,50.0,567.5518798828125,0.0,Buy
966,966,LAURUSLABS.NS,2022-03-07,54.0,527.2999877929688,0.0,Buy
967,967,TATASTEEL.NS,2022-03-07,224.0,127.58999633789062,0.0,Buy
968,968,OIL.NS,2022-03-07,171.0,167.3333282470703,0.0,Buy
969,969,GMDCLTD.NS,2022-03-07,177.0,161.75,0.0,Buy
970,970,NMDC.NS,2022-03-07,762.0,37.57380676269531,0.0,Buy
971,971,HSCL.NS,2022-03-07,517.0,55.400001525878906,0.0,Buy
972,972,RENUKA.NS,2022-03-07,872.0,32.849998474121094,0.0,Buy
973,973,BIOCON.NS,2022-03-14,140.0,331.95001220703125,0.0,Sell
974,974,BAJAJHLDNG.NS,2022-03-14,7.0,4920.0,0.0,Sell
975,975,JSL.NS,2022-03-14,149.0,180.0,0.0,Sell
976,976,AXISBANK.NS,2022-03-14,33.0,694.7000122070312,0.0,Sell
977,977,VEDL.NS,2022-03-14,86.0,378.2000122070313,0.0,Buy
978,978,ITC.NS,2022-03-14,138.0,236.25,0.0,Buy
979,979,CHENNPETRO.NS,2022-03-14,266.0,123.3000030517578,0.0,Buy
980,980,MMTC.NS,2022-03-14,681.0,48.20000076293945,0.0,Buy
981,981,JSWENERGY.NS,2022-03-21,802.0,304.79998779296875,0.0,Sell
982,982,TANLA.NS,2022-03-21,46.0,1496.9000244140625,0.0,Sell
983,983,COROMANDEL.NS,2022-03-21,183.0,853.0,0.0,Buy
984,984,RCF.NS,2022-03-21,1962.0,79.94999694824219,0.0,Buy
985,985,SIEMENS.NS,2022-03-28,34.0,2271.0,0.0,Sell
986,986,MMTC.NS,2022-03-28,681.0,46.20000076293945,0.0,Sell
987,987,ELGIEQUIP.NS,2022-03-28,76.0,277.0,0.0,Sell
988,988,PIIND.NS,2022-03-28,15.0,2814.0,0.0,Buy
989,989,JSWSTEEL.NS,2022-03-28,60.0,722.0,0.0,Buy
990,990,GRAPHITE.NS,2022-03-28,83.0,524.2000122070312,0.0,Buy
991,991,HINDALCO.NS,2022-04-25,46.0,502.6499938964844,0.0,Sell
992,992,FACT.NS,2022-04-25,183.0,134.5,0.0,Buy
993,993,NATIONALUM.NS,2022-05-02,214.0,103.25,0.0,Sell
994,994,BLUEDART.NS,2022-05-02,3.0,6800.0,0.0,Buy
995,995,DBREALTY.NS,2022-05-09,2598.0,71.05000305175781,0.0,Sell
996,996,CGPOWER.NS,2022-05-09,942.0,170.5,0.0,Sell
997,997,CHOLAFIN.NS,2022-05-09,78.0,622.0,0.0,Sell
998,998,TARIL.NS,2022-05-09,2693.0,16.375,0.0,Sell
999,999,VEDL.NS,2022-05-09,86.0,356.3999938964844,0.0,Sell
1000,1000,JPPOWER.NS,2022-05-09,3649.0,6.849999904632568,0.0,Sell
1001,1001,AIAENG.NS,2022-05-09,43.0,1894.800048828125,0.0,Buy
1002,1002,M&M.NS,2022-05-09,93.0,880.0,0.0,Buy
1003,1003,NTPC.NS,2022-05-09,519.0,158.9499969482422,0.0,Buy
1004,1004,IOC.NS,2022-05-09,985.0,83.76666259765625,0.0,Buy
1005,1005,JWL.NS,2022-05-09,1572.0,52.5,0.0,Buy
1006,1006,ELECON.NS,2022-05-09,957.0,86.25,0.0,Buy
1007,1007,SUZLON.NS,2022-05-16,5328.0,8.263924598693848,0.0,Sell
1008,1008,GRAPHITE.NS,2022-05-16,83.0,448.8999938964844,0.0,Sell
1009,1009,JSWSTEEL.NS,2022-05-16,60.0,616.0,0.0,Sell
1010,1010,PIIND.NS,2022-05-16,15.0,2415.0,0.0,Sell
1011,1011,HSCL.NS,2022-05-16,517.0,60.900001525878906,0.0,Sell
1012,1012,GPIL.NS,2022-05-16,86.0,359.70001220703125,0.0,Sell
1013,1013,LAURUSLABS.NS,2022-05-16,54.0,539.0,0.0,Sell
1014,1014,NMDC.NS,2022-05-16,762.0,35.35755157470703,0.0,Sell
1015,1015,OIL.NS,2022-05-16,171.0,147.0,0.0,Sell
1016,1016,TATASTEEL.NS,2022-05-16,224.0,111.9000015258789,0.0,Sell
1017,1017,ONGC.NS,2022-05-16,156.0,154.1999969482422,0.0,Sell
1018,1018,BANKBARODA.NS,2022-05-16,240.0,96.0,0.0,Sell
1019,1019,FACT.NS,2022-05-16,183.0,113.1999969482422,0.0,Sell
1020,1020,GRAVITA.NS,2022-05-16,73.0,263.3999938964844,0.0,Sell
1021,1021,GNFC.NS,2022-05-16,1.0,618.75,0.0,Sell
1022,1022,LINDEINDIA.NS,2022-05-16,8.0,3085.5,0.0,Buy
1023,1023,PATANJALI.NS,2022-05-16,27.0,987.5499877929688,0.0,Buy
1024,1024,GODFRYPHLP.NS,2022-05-16,24.0,1125.0,0.0,Buy
1025,1025,EIDPARRY.NS,2022-05-16,56.0,483.25,0.0,Buy
1026,1026,ADANIENT.NS,2022-05-16,13.0,2082.64990234375,0.0,Buy
1027,1027,AMBUJACEM.NS,2022-05-16,74.0,367.0,0.0,Buy
1028,1028,POWERGRID.NS,2022-05-16,155.0,176.625,0.0,Buy
1029,1029,TECHNOE.NS,2022-05-16,103.0,266.0,0.0,Buy
1030,1030,WELCORP.NS,2022-05-16,149.0,183.8999938964844,0.0,Buy
1031,1031,UPL.NS,2022-05-16,35.0,784.7000122070312,0.0,Buy
1032,1032,TVSMOTOR.NS,2022-05-16,43.0,638.7999877929688,0.0,Buy
1033,1033,USHAMART.NS,2022-05-16,223.0,123.1999969482422,0.0,Buy
1034,1034,BLS.NS,2022-05-16,324.0,84.80000305175781,0.0,Buy
1035,1035,NHPC.NS,2022-05-16,888.0,30.950000762939453,0.0,Buy
1036,1036,IOC.NS,2022-05-23,985.0,78.4000015258789,0.0,Sell
1037,1037,ASHOKLEY.NS,2022-05-23,808.0,137.0,0.0,Buy
1038,1038,UPL.NS,2022-05-30,35.0,760.3499755859375,0.0,Sell
1039,1039,GMDCLTD.NS,2022-05-30,177.0,143.35000610351562,0.0,Sell
1040,1040,LINDEINDIA.NS,2022-05-30,8.0,2994.0,0.0,Sell
1041,1041,JINDALSTEL.NS,2022-05-30,58.0,401.0,0.0,Sell
1042,1042,BAYERCROP.NS,2022-05-30,4.0,5189.9501953125,0.0,Buy
1043,1043,TORNTPHARM.NS,2022-05-30,16.0,1467.5,0.0,Buy
1044,1044,BALKRISIND.NS,2022-05-30,11.0,2250.0,0.0,Buy
1045,1045,APOLLOTYRE.NS,2022-05-30,114.0,217.5,0.0,Buy
1046,1046,SUNPHARMA.NS,2022-06-06,30.0,865.0,0.0,Sell
1047,1047,CAPLIPOINT.NS,2022-06-06,20.0,750.0,0.0,Buy
1048,1048,APARINDS.NS,2022-06-06,21.0,730.0,0.0,Buy
1049,1049,PAGEIND.NS,2022-06-13,2.0,41100.0,0.0,Sell
1050,1050,OIL.NS,2022-06-13,419.0,198.3333282470703,0.0,Buy
1051,1051,RCF.NS,2022-06-20,1962.0,78.19999694824219,0.0,Sell
1052,1052,SWANENERGY.NS,2022-06-20,590.0,214.1999969482422,0.0,Sell
1053,1053,NTPC.NS,2022-06-20,519.0,140.4499969482422,0.0,Sell
1054,1054,NHPC.NS,2022-06-20,888.0,30.200000762939453,0.0,Sell
1055,1055,POWERGRID.NS,2022-06-20,155.0,156.8249969482422,0.0,Sell
1056,1056,RHIM.NS,2022-06-20,49.0,490.1000061035156,0.0,Sell
1057,1057,USHAMART.NS,2022-06-20,223.0,107.0,0.0,Sell
1058,1058,APOLLOTYRE.NS,2022-06-20,114.0,176.5,0.0,Sell
1059,1059,CAPLIPOINT.NS,2022-06-20,20.0,665.2000122070312,0.0,Sell
1060,1060,EICHERMOT.NS,2022-06-20,20.0,2600.0,0.0,Buy
1061,1061,TIMKEN.NS,2022-06-20,22.0,2399.89990234375,0.0,Buy
1062,1062,PHOENIXLTD.NS,2022-06-20,99.0,540.7249755859375,0.0,Buy
1063,1063,ELGIEQUIP.NS,2022-06-20,138.0,389.6000061035156,0.0,Buy
1064,1064,VBL.NS,2022-06-20,358.0,150.2100067138672,0.0,Buy
1065,1065,IIFL.NS,2022-06-20,164.0,328.0,0.0,Buy
1066,1066,GESHIP.NS,2022-06-20,136.0,396.0,0.0,Buy
1067,1067,JYOTHYLAB.NS,2022-06-20,349.0,154.35000610351562,0.0,Buy
1068,1068,MRPL.NS,2022-06-20,589.0,91.5,0.0,Buy
1069,1069,GODFRYPHLP.NS,2022-06-27,24.0,1052.0,0.0,Sell
1070,1070,ENDURANCE.NS,2022-06-27,21.0,1360.050048828125,0.0,Buy
1071,1071,OIL.NS,2022-07-04,419.0,141.43333435058594,0.0,Sell
1072,1072,SHRIRAMFIN.NS,2022-07-04,239.0,250.1999969482422,0.0,Buy
1073,1073,BALKRISIND.NS,2022-08-29,11.0,2000.0,0.0,Sell
1074,1074,ICICIBANK.NS,2022-08-29,26.0,850.0499877929688,0.0,Buy
1075,1075,TECHNOE.NS,2022-09-19,103.0,280.1499938964844,0.0,Sell
1076,1076,BAYERCROP.NS,2022-09-19,4.0,4846.10009765625,0.0,Sell
1077,1077,GNFC.NS,2022-09-19,33.0,720.0999755859375,0.0,Buy
1078,1078,FACT.NS,2022-09-19,195.0,123.3000030517578,0.0,Buy
1079,1079,CHENNPETRO.NS,2022-09-26,266.0,245.6499938964844,0.0,Sell
1080,1080,SHRIRAMFIN.NS,2022-09-26,239.0,238.22999572753903,0.0,Sell
1081,1081,MRPL.NS,2022-09-26,589.0,63.04999923706055,0.0,Sell
1082,1082,GNFC.NS,2022-09-26,33.0,662.0,0.0,Sell
1083,1083,NEULANDLAB.NS,2022-09-26,32.0,1381.25,0.0,Buy
1084,1084,NTPC.NS,2022-09-26,279.0,162.4499969482422,0.0,Buy
1085,1085,CGPOWER.NS,2022-09-26,185.0,245.0,0.0,Buy
1086,1086,BHARTIARTL.NS,2022-09-26,59.0,769.9500122070312,0.0,Buy
1087,1087,NAVA.NS,2022-10-17,832.0,91.9499969482422,0.0,Sell
1088,1088,ENDURANCE.NS,2022-10-17,21.0,1358.0,0.0,Sell
1089,1089,APOLLOHOSP.NS,2022-10-17,12.0,4290.0,0.0,Buy
1090,1090,JUBLFOOD.NS,2022-10-17,89.0,594.0,0.0,Buy
1091,1091,ASHOKLEY.NS,2022-10-24,808.0,145.5,0.0,Sell
1092,1092,GUJGASLTD.NS,2022-10-24,236.0,507.0,0.0,Buy
1093,1093,SCHAEFFLER.NS,2022-10-31,23.0,2750.10009765625,0.0,Sell
1094,1094,WELCORP.NS,2022-10-31,149.0,220.1000061035156,0.0,Sell
1095,1095,BLUEDART.NS,2022-10-31,3.0,7955.0,0.0,Sell
1096,1096,INDIACEM.NS,2022-10-31,168.0,237.0500030517578,0.0,Buy
1097,1097,RKFORGE.NS,2022-10-31,178.0,224.1999969482422,0.0,Buy
1098,1098,NH.NS,2022-10-31,52.0,768.0,0.0,Buy
1099,1099,COROMANDEL.NS,2022-11-07,183.0,954.0,0.0,Sell
1100,1100,IGL.NS,2022-11-07,827.0,211.2250061035156,0.0,Buy
1101,1101,JUBLFOOD.NS,2022-11-14,89.0,565.9000244140625,0.0,Sell
1102,1102,FINPIPE.NS,2022-11-14,332.0,152.3000030517578,0.0,Buy
1103,1103,EICHERMOT.NS,2022-12-19,20.0,3292.0,0.0,Sell
1104,1104,PRESTIGE.NS,2022-12-19,140.0,468.0,0.0,Buy
1105,1105,ELECON.NS,2022-12-26,957.0,167.5,0.0,Sell
1106,1106,PHOENIXLTD.NS,2022-12-26,99.0,655.4749755859375,0.0,Sell
1107,1107,PRESTIGE.NS,2022-12-26,140.0,449.0,0.0,Sell
1108,1108,ELGIEQUIP.NS,2022-12-26,138.0,419.7999877929688,0.0,Sell
1109,1109,BEL.NS,2022-12-26,534.0,96.5999984741211,0.0,Sell
1110,1110,RENUKA.NS,2022-12-26,872.0,50.84999847412109,0.0,Sell
1111,1111,INDIACEM.NS,2022-12-26,168.0,199.1499938964844,0.0,Sell
1112,1112,EIDPARRY.NS,2022-12-26,56.0,541.9500122070312,0.0,Sell
1113,1113,PATANJALI.NS,2022-12-26,27.0,1095.0,0.0,Sell
1114,1114,HONAUT.NS,2022-12-26,1.0,40599.94921875,0.0,Buy
1115,1115,LT.NS,2022-12-26,28.0,2052.75,0.0,Buy
1116,1116,MCX.NS,2022-12-26,38.0,1540.0999755859375,0.0,Buy
1117,1117,JSWSTEEL.NS,2022-12-26,81.0,727.5499877929688,0.0,Buy
1118,1118,FINCABLES.NS,2022-12-26,118.0,501.6000061035156,0.0,Buy
1119,1119,PIIND.NS,2022-12-26,17.0,3483.14990234375,0.0,Buy
1120,1120,SWANENERGY.NS,2022-12-26,216.0,274.75,0.0,Buy
1121,1121,IOC.NS,2022-12-26,815.0,73.0,0.0,Buy
1122,1122,SCI.NS,2022-12-26,463.0,128.5,0.0,Buy
1123,1123,TORNTPHARM.NS,2023-01-02,16.0,1556.6500244140625,0.0,Sell
1124,1124,KNRCON.NS,2023-01-02,185.0,259.79998779296875,0.0,Buy
1125,1125,APOLLOHOSP.NS,2023-01-09,12.0,4424.35009765625,0.0,Sell
1126,1126,HONAUT.NS,2023-01-09,1.0,39983.0,0.0,Sell
1127,1127,NH.NS,2023-01-09,52.0,712.7000122070312,0.0,Sell
1128,1128,BALKRISIND.NS,2023-01-09,19.0,2222.5,0.0,Buy
1129,1129,OIL.NS,2023-01-09,310.0,139.8333282470703,0.0,Buy
1130,1130,SAIL.NS,2023-01-09,499.0,87.0,0.0,Buy
1131,1131,GUJGASLTD.NS,2023-01-16,236.0,451.9500122070313,0.0,Sell
1132,1132,BHARTIARTL.NS,2023-01-16,59.0,766.4000244140625,0.0,Sell
1133,1133,ULTRACEMCO.NS,2023-01-16,10.0,7270.0,0.0,Buy
1134,1134,MOTHERSON.NS,2023-01-16,990.0,77.30000305175781,0.0,Buy
1135,1135,AIAENG.NS,2023-01-23,43.0,2429.39990234375,0.0,Sell
1136,1136,TVSMOTOR.NS,2023-01-23,43.0,968.5499877929688,0.0,Sell
1137,1137,TITAGARH.NS,2023-01-23,337.0,222.3500061035156,0.0,Buy
1138,1138,NBCC.NS,2023-01-23,2938.0,25.53333282470703,0.0,Buy
1139,1139,PIIND.NS,2023-01-30,17.0,2958.0,0.0,Sell
1140,1140,NEULANDLAB.NS,2023-01-30,32.0,1408.0,0.0,Sell
1141,1141,ADANIENT.NS,2023-01-30,13.0,2850.0,0.0,Sell
1142,1142,AMBUJACEM.NS,2023-01-30,74.0,400.0,0.0,Sell
1143,1143,ICICIBANK.NS,2023-01-30,26.0,800.0,0.0,Sell
1144,1144,HINDALCO.NS,2023-01-30,76.0,479.0,0.0,Buy
1145,1145,JINDALSTEL.NS,2023-01-30,62.0,588.0,0.0,Buy
1146,1146,JSL.NS,2023-01-30,143.0,254.9499969482422,0.0,Buy
1147,1147,TATASTEEL.NS,2023-01-30,303.0,120.4499969482422,0.0,Buy
1148,1148,IFCI.NS,2023-01-30,3036.0,12.050000190734863,0.0,Buy
1149,1149,NBCC.NS,2023-02-06,2938.0,23.39999961853028,0.0,Sell
1150,1150,SCI.NS,2023-02-06,463.0,121.0,0.0,Sell
1151,1151,IFCI.NS,2023-02-06,3036.0,12.050000190734863,0.0,Sell
1152,1152,SUPREMEIND.NS,2023-02-06,20.0,2650.050048828125,0.0,Buy
1153,1153,ZENSARTECH.NS,2023-02-06,228.0,235.8000030517578,0.0,Buy
1154,1154,ASHOKLEY.NS,2023-02-06,349.0,154.5,0.0,Buy
1155,1155,TIMKEN.NS,2023-02-13,22.0,3020.0,0.0,Sell
1156,1156,MCX.NS,2023-02-13,38.0,1430.0,0.0,Sell
1157,1157,SOLARINDS.NS,2023-02-13,11.0,3751.10009765625,0.0,Sell
1158,1158,CERA.NS,2023-02-13,8.0,6094.9501953125,0.0,Buy
1159,1159,ECLERX.NS,2023-02-13,36.0,1490.5,0.0,Buy
1160,1160,RECLTD.NS,2023-02-13,465.0,116.8000030517578,0.0,Buy
1161,1161,HINDALCO.NS,2023-02-20,76.0,429.8999938964844,0.0,Sell
1162,1162,HCLTECH.NS,2023-02-20,35.0,1109.550048828125,0.0,Buy
1163,1163,GESHIP.NS,2023-02-27,136.0,573.5,0.0,Sell
1164,1164,JYOTHYLAB.NS,2023-02-27,349.0,189.75,0.0,Sell
1165,1165,JSWSTEEL.NS,2023-02-27,81.0,684.5,0.0,Sell
1166,1166,SWANENERGY.NS,2023-02-27,216.0,251.0,0.0,Sell
1167,1167,ASHOKLEY.NS,2023-02-27,349.0,141.0,0.0,Sell
1168,1168,ZFCVINDIA.NS,2023-02-27,4.0,10401.400390625,0.0,Buy
1169,1169,LTTS.NS,2023-02-27,13.0,3690.0,0.0,Buy
1170,1170,SIEMENS.NS,2023-02-27,15.0,3246.5,0.0,Buy
1171,1171,MPHASIS.NS,2023-02-27,23.0,2150.0,0.0,Buy
1172,1172,GUJGASLTD.NS,2023-02-27,99.0,506.0,0.0,Buy
1173,1173,NAVA.NS,2023-02-27,421.0,120.0999984741211,0.0,Buy
1174,1174,BALKRISIND.NS,2023-03-06,19.0,2059.0,0.0,Sell
1175,1175,CGCL.NS,2023-03-06,50.0,684.9000244140625,0.0,Sell
1176,1176,TATASTEEL.NS,2023-03-06,303.0,107.5,0.0,Sell
1177,1177,SCHAEFFLER.NS,2023-03-06,13.0,3020.449951171875,0.0,Buy
1178,1178,TORNTPOWER.NS,2023-03-06,78.0,515.0,0.0,Buy
1179,1179,POLYMED.NS,2023-03-06,42.0,960.0,0.0,Buy
1180,1180,M&M.NS,2023-03-13,93.0,1222.699951171875,0.0,Sell
1181,1181,RAYMOND.NS,2023-03-13,44.0,1289.6500244140625,0.0,Sell
1182,1182,AJANTPHARM.NS,2023-03-13,70.0,1210.0,0.0,Buy
1183,1183,NH.NS,2023-03-13,108.0,789.5,0.0,Buy
1184,1184,IIFL.NS,2023-03-20,164.0,423.5,0.0,Sell
1185,1185,FINPIPE.NS,2023-03-20,332.0,158.1999969482422,0.0,Sell
1186,1186,BLS.NS,2023-03-20,324.0,157.0,0.0,Sell
1187,1187,FACT.NS,2023-03-20,195.0,214.1499938964844,0.0,Sell
1188,1188,SCHAEFFLER.NS,2023-03-20,13.0,2794.449951171875,0.0,Sell
1189,1189,AIAENG.NS,2023-03-20,18.0,2752.0,0.0,Buy
1190,1190,GODREJCP.NS,2023-03-20,52.0,954.9000244140624,0.0,Buy
1191,1191,CHOLAFIN.NS,2023-03-20,66.0,757.0,0.0,Buy
1192,1192,ZENTEC.NS,2023-03-20,171.0,294.04998779296875,0.0,Buy
1193,1193,BERGEPAINT.NS,2023-03-20,102.0,493.75,0.0,Buy
1194,1194,MOTHERSON.NS,2023-03-27,990.0,64.75,0.0,Sell
1195,1195,CHOLAFIN.NS,2023-03-27,66.0,727.6500244140625,0.0,Sell
1196,1196,ECLERX.NS,2023-03-27,36.0,1329.9000244140625,0.0,Sell
1197,1197,LTTS.NS,2023-03-27,13.0,3400.0,0.0,Sell
1198,1198,MPHASIS.NS,2023-03-27,23.0,1745.0999755859375,0.0,Sell
1199,1199,HCLTECH.NS,2023-03-27,35.0,1053.300048828125,0.0,Sell
1200,1200,JINDALSTEL.NS,2023-03-27,62.0,530.5999755859375,0.0,Sell
1201,1201,NAVINFLUOR.NS,2023-03-27,10.0,4248.7001953125,0.0,Buy
1202,1202,MAHSEAMLES.NS,2023-03-27,126.0,357.54998779296875,0.0,Buy
1203,1203,CCL.NS,2023-03-27,81.0,557.0,0.0,Buy
1204,1204,ONGC.NS,2023-03-27,302.0,149.5500030517578,0.0,Buy
1205,1205,SRF.NS,2023-03-27,19.0,2380.10009765625,0.0,Buy
1206,1206,PETRONET.NS,2023-03-27,202.0,224.0,0.0,Buy
1207,1207,GPPL.NS,2023-03-27,419.0,108.0,0.0,Buy
1208,1208,NAVA.NS,2023-04-03,421.0,109.9250030517578,0.0,Sell
1209,1209,SAIL.NS,2023-04-03,499.0,83.8499984741211,0.0,Sell
1210,1210,CHOLAFIN.NS,2023-04-03,59.0,764.0,0.0,Buy
1211,1211,NEULANDLAB.NS,2023-04-03,25.0,1818.949951171875,0.0,Buy
1212,1212,KNRCON.NS,2023-04-10,185.0,253.0,0.0,Sell
1213,1213,GUJGASLTD.NS,2023-04-10,99.0,469.9500122070313,0.0,Sell
1214,1214,SCHAEFFLER.NS,2023-04-10,15.0,3068.0,0.0,Buy
1215,1215,NATCOPHARM.NS,2023-04-10,81.0,580.0,0.0,Buy
1216,1216,SCHAEFFLER.NS,2023-04-24,15.0,2756.35009765625,0.0,Sell
1217,1217,ICICIBANK.NS,2023-04-24,47.0,905.0,0.0,Buy
1218,1218,GODREJCP.NS,2023-05-01,52.0,907.5,0.0,Sell
1219,1219,GNFC.NS,2023-05-01,80.0,588.5,0.0,Buy
1220,1220,PETRONET.NS,2023-06-05,202.0,223.0,0.0,Sell
1221,1221,FINPIPE.NS,2023-06-05,262.0,172.8000030517578,0.0,Buy
1222,1222,FINPIPE.NS,2023-06-12,262.0,164.89999389648438,0.0,Sell
1223,1223,FACT.NS,2023-06-12,135.0,320.04998779296875,0.0,Buy
1224,1224,OIL.NS,2023-06-26,310.0,162.6666717529297,0.0,Sell
1225,1225,SRF.NS,2023-06-26,19.0,2319.0,0.0,Sell
1226,1226,BLUEDART.NS,2023-06-26,6.0,7287.9501953125,0.0,Buy
1227,1227,CAPLIPOINT.NS,2023-06-26,59.0,793.7999877929688,0.0,Buy
1228,1228,NAVINFLUOR.NS,2023-07-17,10.0,4420.0,0.0,Sell
1229,1229,TTML.NS,2023-07-17,635.0,75.80000305175781,0.0,Buy
1230,1230,IGL.NS,2023-07-31,827.0,231.5,0.0,Sell
1231,1231,FINPIPE.NS,2023-07-31,952.0,201.0,0.0,Buy
1232,1232,GNFC.NS,2023-08-14,80.0,544.8499755859375,0.0,Sell
1233,1233,IPCALAB.NS,2023-08-14,48.0,903.0499877929688,0.0,Buy
1234,1234,BLUEDART.NS,2023-08-28,6.0,6413.60009765625,0.0,Sell
1235,1235,BHARTIARTL.NS,2023-08-28,44.0,874.0499877929688,0.0,Buy
1236,1236,CCL.NS,2023-09-04,81.0,604.25,0.0,Sell
1237,1237,GNFC.NS,2023-09-04,78.0,626.1500244140625,0.0,Buy
1238,1238,SIEMENS.NS,2023-10-09,15.0,3520.0,0.0,Sell
1239,1239,BLUEDART.NS,2023-10-09,7.0,6670.0,0.0,Buy
1240,1240,FINCABLES.NS,2023-10-23,118.0,931.0,0.0,Sell
1241,1241,ICICIBANK.NS,2023-10-23,47.0,942.0,0.0,Sell
1242,1242,PRESTIGE.NS,2023-10-23,107.0,745.4000244140625,0.0,Buy
1243,1243,JUBLFOOD.NS,2023-10-23,152.0,527.2000122070312,0.0,Buy
1244,1244,FINPIPE.NS,2023-10-30,952.0,195.0,0.0,Sell
1245,1245,CGPOWER.NS,2023-10-30,185.0,387.7999877929688,0.0,Sell
1246,1246,IOC.NS,2023-10-30,815.0,87.44999694824219,0.0,Sell
1247,1247,ITC.NS,2023-10-30,138.0,434.5499877929688,0.0,Sell
1248,1248,BERGEPAINT.NS,2023-10-30,102.0,535.0,0.0,Sell
1249,1249,BLUEDART.NS,2023-10-30,7.0,6405.0,0.0,Sell
1250,1250,MCX.NS,2023-10-30,36.0,2243.300048828125,0.0,Buy
1251,1251,BALKRISIND.NS,2023-10-30,31.0,2608.0,0.0,Buy
1252,1252,KNRCON.NS,2023-10-30,308.0,263.70001220703125,0.0,Buy
1253,1253,SWANENERGY.NS,2023-10-30,215.0,378.0,0.0,Buy
1254,1254,OIL.NS,2023-10-30,400.0,203.3333282470703,0.0,Buy
1255,1255,SCI.NS,2023-10-30,574.0,141.89999389648438,0.0,Buy
1256,1256,NATCOPHARM.NS,2023-11-06,81.0,751.75,0.0,Sell
1257,1257,JSWENERGY.NS,2023-11-06,158.0,395.9500122070313,0.0,Buy
1258,1258,CHOLAFIN.NS,2023-11-27,59.0,1094.5,0.0,Sell
1259,1259,BLUEDART.NS,2023-11-27,9.0,6933.60009765625,0.0,Buy
1260,1260,KNRCON.NS,2023-12-25,308.0,260.5,0.0,Sell
1261,1261,CERA.NS,2023-12-25,8.0,8106.7001953125,0.0,Sell
1262,1262,ICICIBANK.NS,2023-12-25,74.0,994.2999877929688,0.0,Buy
1263,1263,CGPOWER.NS,2023-12-25,158.0,466.7000122070313,0.0,Buy
