,portfolio,investment,cash
2018-01-01,100000.0,0.0,100000.0
2018-01-02,100000.0,0.0,100000.0
2018-01-03,100000.0,0.0,100000.0
2018-01-04,100000.0,0.0,100000.0
2018-01-05,100000.0,0.0,100000.0
2018-01-08,100000.0,0.0,100000.0
2018-01-09,100000.0,0.0,100000.0
2018-01-10,100000.0,0.0,100000.0
2018-01-11,100000.0,0.0,100000.0
2018-01-12,100000.0,0.0,100000.0
2018-01-15,100000.0,0.0,100000.0
2018-01-16,100000.0,0.0,100000.0
2018-01-17,100000.0,0.0,100000.0
2018-01-18,100000.0,0.0,100000.0
2018-01-19,100000.0,0.0,100000.0
2018-01-22,100000.0,0.0,100000.0
2018-01-23,100000.0,0.0,100000.0
2018-01-24,100000.0,0.0,100000.0
2018-01-25,100000.0,0.0,100000.0
2018-01-29,100000.0,0.0,100000.0
2018-01-30,100000.0,0.0,100000.0
2018-01-31,100000.0,0.0,100000.0
2018-02-01,100000.0,0.0,100000.0
2018-02-02,98223.44733785,79611.03527451,18612.41206334
2018-02-05,97559.01152300001,78946.59945966,18612.41206334
2018-02-06,95529.92021686,76917.50815352,18612.41206334
2018-02-07,96797.54818519,78185.13612185,18612.41206334
2018-02-08,97985.95151293001,79373.53944959001,18612.41206334
2018-02-09,98033.57154934997,79421.15948600997,18612.41206334
2018-02-12,99317.14344183999,80704.73137849999,18612.41206334
2018-02-14,99632.82152196001,81020.40945862001,18612.41206334
2018-02-15,98949.92640227999,80337.51433893999,18612.41206334
2018-02-16,97746.98434109,79134.57227775,18612.41206334
2018-02-19,96238.17469373,77625.76263039,18612.41206334
2018-02-20,95897.11705894,77284.7049956,18612.41206334
2018-02-21,97155.04765693,78542.63559358999,18612.41206334
2018-02-22,97081.51039604,78469.0983327,18612.41206334
2018-02-23,97900.18897096999,79287.77690762999,18612.41206334
2018-02-26,97876.09292883002,79263.68086549002,18612.41206334
2018-02-27,97562.66999133,78950.25792799,18612.41206334
2018-02-28,97663.46736688001,79051.05530354001,18612.41206334
2018-03-01,98102.26496687,83611.29673344,14490.968233429998
2018-03-05,97375.42429651,82884.45606308,14490.968233429998
2018-03-06,96047.57392391001,81556.60569048,14490.968233429998
2018-03-07,94730.91859632,80239.95036289,14490.968233429998
2018-03-08,94993.06705872,80502.09882529,14490.968233429998
2018-03-09,94460.03592543998,79969.06769200998,14490.968233429998
2018-03-12,95201.06577715001,80710.09754372001,14490.968233429998
2018-03-13,95867.28068925002,81376.31245582002,14490.968233429998
2018-03-14,96223.25856897999,81732.29033554999,14490.968233429998
2018-03-15,96459.56152337001,81968.59328994,14490.968233429998
2018-03-16,95563.14471718,81072.17648375,14490.968233429998
2018-03-19,93791.98387985001,79301.01564642001,14490.968233429998
2018-03-20,94053.98770008999,79563.01946665999,14490.968233429998
2018-03-21,94725.59591214999,80234.62767871999,14490.968233429998
2018-03-22,93717.30392905002,79226.33569562002,14490.968233429998
2018-03-23,92153.0459384,77662.07770497,14490.968233429998
2018-03-26,92765.23923796,78274.27100453,14490.968233429998
2018-03-27,93856.66878507003,79365.70055164002,14490.968233429998
2018-03-28,92586.85318403,78095.8849506,14490.968233429998
2018-04-02,93838.33511891999,79347.36688548999,14490.968233429998
2018-04-03,94317.38934863001,79826.4211152,14490.968233429998
2018-04-04,93660.52697639001,79169.55874296001,14490.968233429998
2018-04-05,94836.4287591,80345.46052567,14490.968233429998
2018-04-06,95475.83420851,77979.52525116,17496.308957350004
2018-04-09,95907.41603878999,78411.10708143999,17496.308957350004
2018-04-10,95698.82508257002,78202.51612522002,17496.308957350004
2018-04-11,95779.85646861,78283.54751126,17496.308957350004
2018-04-12,95836.52341646001,78340.21445911001,17496.308957350004
2018-04-13,95986.92138853003,78490.61243118002,17496.308957350004
2018-04-16,96479.48636033,78983.17740298,17496.308957350004
2018-04-17,96664.24913699,79167.94017963999,17496.308957350004
2018-04-18,96452.35665660999,78956.04769925999,17496.308957350004
2018-04-19,96566.24880557002,79069.93984822002,17496.308957350004
2018-04-20,96876.27565902002,79379.96670167001,17496.308957350004
2018-04-23,98026.50905276,80530.20009541,17496.308957350004
2018-04-24,98113.04405889001,80616.73510154,17496.308957350004
2018-04-25,98668.95510081999,81172.64614346999,17496.308957350004
2018-04-26,99164.81875675001,81668.50979940001,17496.308957350004
2018-04-27,99321.90056832002,81825.59161097002,17496.308957350004
2018-04-30,99632.36316845001,82136.05421110001,17496.308957350004
2018-05-02,98443.33494020998,80947.02598285998,17496.308957350004
2018-05-03,97186.51770410001,79690.20874675001,17496.308957350004
2018-05-04,96809.06224461,59194.13896077,37614.923283840006
2018-05-07,97309.59866486999,59694.67538102999,37614.923283840006
2018-05-08,97424.03531612,59809.11203228,37614.923283840006
2018-05-09,97082.90320105001,59467.97991721,37614.923283840006
2018-05-10,96743.86680613001,59128.94352229,37614.923283840006
2018-05-11,96928.23859147,59313.31530763,37614.923283840006
2018-05-14,96410.06500367001,58795.141719830004,37614.923283840006
2018-05-15,96063.30429120001,58448.38100736,37614.923283840006
2018-05-16,96220.34231303,58605.41902919,37614.923283840006
2018-05-17,96232.36111637001,58617.437832530006,37614.923283840006
2018-05-18,95109.86275580002,57494.93947196001,37614.923283840006
2018-05-21,94103.50930153001,56488.58601769,37614.923283840006
2018-05-22,94721.92913975002,57107.00585591001,37614.923283840006
2018-05-23,94381.00630148001,56766.083017640005,37614.923283840006
2018-05-24,94390.19503514,56775.271751299995,37614.923283840006
2018-05-25,95211.30632269001,57596.383038850014,37614.923283840006
2018-05-28,95391.8317904,57776.90850656,37614.923283840006
2018-05-29,95352.96584765002,57738.04256381001,37614.923283840006
2018-05-30,95352.64910326002,57737.725819420004,37614.923283840006
2018-05-31,95351.27940868001,57736.35612484,37614.923283840006
2018-06-01,94987.68667121002,61103.58026644,33884.106404770006
2018-06-04,94284.74432578,60400.63792101,33884.106404770006
2018-06-05,93934.28749245,60050.18108768,33884.106404770006
2018-06-06,94524.45030520001,60640.34390043001,33884.106404770006
2018-06-07,94977.28011536002,61093.17371059001,33884.106404770006
2018-06-08,94851.28450422,60967.17809945,33884.106404770006
2018-06-11,94978.02914474999,61093.922739979986,33884.106404770006
2018-06-12,95435.71593320998,61551.609528439985,33884.106404770006
2018-06-13,95415.18326108,61531.07685631,33884.106404770006
2018-06-14,95302.79431744001,61418.68791267001,33884.106404770006
2018-06-15,95154.24326946001,61270.13686469,33884.106404770006
2018-06-18,94761.19330074001,60877.08689597001,33884.106404770006
2018-06-19,93927.1105105,60043.00410573,33884.106404770006
2018-06-20,94026.15647266,60142.05006789,33884.106404770006
2018-06-21,93750.76301651,59866.65661174,33884.106404770006
2018-06-22,94397.75156174,60513.64515697,33884.106404770006
2018-06-25,94160.78792927999,60276.68152450999,33884.106404770006
2018-06-26,94139.85091228,60255.74450750999,33884.106404770006
2018-06-27,93755.51207506,59871.40567029,33884.106404770006
2018-06-28,93173.33273428,59289.22632951,33884.106404770006
2018-06-29,93996.66598373,60112.55957895999,33884.106404770006
2018-07-02,93538.07269498002,59653.96629021001,33884.106404770006
2018-07-03,94074.02322127,60189.91681650001,33884.106404770006
2018-07-04,94245.8644695,60361.75806473,33884.106404770006
2018-07-05,94294.55534389001,60410.448939120004,33884.106404770006
2018-07-06,94271.28325036001,25355.05339529,68916.22985507
2018-07-09,94549.12768193001,25632.89782686,68916.22985507
2018-07-10,94548.49354956001,25632.263694489997,68916.22985507
2018-07-11,94747.43593669002,25831.206081620003,68916.22985507
2018-07-12,94789.54082002,25873.31096495,68916.22985507
2018-07-13,94708.46919502,25792.23933995,68916.22985507
2018-07-16,94550.03311464001,25633.803259570002,68916.22985507
2018-07-17,94715.46545244001,25799.23559737,68916.22985507
2018-07-18,94654.74418151,25738.51432644,68916.22985507
2018-07-19,94624.37721279,25708.147357719998,68916.22985507
2018-07-20,94794.52631178,25878.296456709995,68916.22985507
2018-07-23,95177.83737627,26261.6075212,68916.22985507
2018-07-24,95251.78940877001,26335.5595537,68916.22985507
2018-07-25,95189.33087631,26273.101021240003,68916.22985507
2018-07-26,95295.4975659,26379.26771083,68916.22985507
2018-07-27,95211.18228226001,26294.95242719,68916.22985507
2018-07-30,95220.66206906001,26304.43221399,68916.22985507
2018-07-31,95282.51662948001,26366.286774410004,68916.22985507
2018-08-01,95635.84576437001,26719.615909300002,68916.22985507
2018-08-02,95461.99058201001,26545.760726940003,68916.22985507
2018-08-03,95951.53032652,64694.21802508001,31257.312301440004
2018-08-06,96042.71412280001,64785.40182136,31257.312301440004
2018-08-07,95681.50531698001,64424.19301554,31257.312301440004
2018-08-08,95795.16700463,64537.85470319,31257.312301440004
2018-08-09,96135.94906671,64878.63676527,31257.312301440004
2018-08-10,95806.42622539,64549.11392395,31257.312301440004
2018-08-13,95255.74168319002,63998.42938175001,31257.312301440004
2018-08-14,95793.35035043,64536.03804899,31257.312301440004
2018-08-16,95716.57888031001,64459.26657887001,31257.312301440004
2018-08-17,96201.72557931999,64944.41327787999,31257.312301440004
2018-08-20,96641.69661594,65384.3843145,31257.312301440004
2018-08-21,96868.32881040001,65611.01650896,31257.312301440004
2018-08-23,96833.58087050001,65576.26856906,31257.312301440004
2018-08-24,96959.24482874002,65701.93252730001,31257.312301440004
2018-08-27,97553.974249,66296.66194756,31257.312301440004
2018-08-28,97383.21214515001,66125.89984371001,31257.312301440004
2018-08-29,97731.45820074,66474.1458993,31257.312301440004
2018-08-30,97985.27792313001,66727.96562169,31257.312301440004
2018-08-31,98244.32147602,66987.00917458,31257.312301440004
2018-09-03,97145.40275292001,65888.09045148,31257.312301440004
2018-09-04,95424.67764348001,64167.36534204,31257.312301440004
2018-09-05,95311.92130588001,64054.60900444,31257.312301440004
2018-09-06,96020.58730727999,64763.27500583999,31257.312301440004
2018-09-07,97611.24344548999,83563.31526705998,14047.928178430004
2018-09-10,96702.00811463,82654.07993620001,14047.928178430004
2018-09-11,96086.62400017999,82038.69582174999,14047.928178430004
2018-09-12,96045.54521433002,81997.61703590001,14047.928178430004
2018-09-14,97471.31732140001,83423.38914297,14047.928178430004
2018-09-17,96721.95203642,82674.02385799,14047.928178430004
2018-09-18,95054.47409685,81006.54591842,14047.928178430004
2018-09-19,94442.05330706,80394.12512863001,14047.928178430004
2018-09-21,91050.09221455002,75725.74240793001,15324.349806620006
2018-09-24,88998.91120807001,73674.56140145,15324.349806620006
2018-09-25,89127.95198272,73803.60217609999,15324.349806620006
2018-09-26,88867.59818782,73543.24838119998,15324.349806620006
2018-09-27,87670.41615204001,72346.06634542,15324.349806620006
2018-09-28,85577.92459665002,70253.57479003,15324.349806620006
2018-10-01,86938.30698752,71613.95718089999,15324.349806620006
2018-10-03,86630.43036168002,71306.08055506,15324.349806620006
2018-10-04,84942.53481822001,69618.1850116,15324.349806620006
2018-10-05,83898.77753948001,71353.30798617001,12545.469553310006
2018-10-08,82881.62012886998,70336.15057555998,12545.469553310006
2018-10-09,83358.56767333999,70813.09812002999,12545.469553310006
2018-10-10,86060.72573777998,73515.25618446998,12545.469553310006
2018-10-11,84802.13080241998,72256.66124910998,12545.469553310006
2018-10-12,87362.82229682997,74817.35274351996,12545.469553310006
2018-10-15,89526.22329056,76980.75373725,12545.469553310006
2018-10-16,90158.48772891998,77613.01817560998,12545.469553310006
2018-10-17,88052.08159919003,75506.61204588003,12545.469553310006
2018-10-19,87622.5859245,75077.11637119,12545.469553310006
2018-10-22,86992.60292430001,74447.13337099,12545.469553310006
2018-10-23,86215.58815159001,73670.11859828001,12545.469553310006
2018-10-24,86404.6415821,73859.17202879,12545.469553310006
2018-10-25,85464.54302164,72919.07346833,12545.469553310006
2018-10-26,85802.54628225,73257.07672894,12545.469553310006
2018-10-29,89665.85444020998,77120.38488689998,12545.469553310006
2018-10-30,91076.26750115001,78530.79794784001,12545.469553310006
2018-10-31,91862.23609631,79316.766543,12545.469553310006
2018-11-01,92395.05164964999,79849.58209633999,12545.469553310006
2018-11-02,92836.88838636,61706.52682860001,31130.361557760003
2018-11-05,92791.83448009001,61661.47292233,31130.361557760003
2018-11-06,92728.54281895999,61598.18126119999,31130.361557760003
2018-11-07,93529.46871101,62399.10715325001,31130.361557760003
2018-11-09,94728.97699867001,63598.615440910005,31130.361557760003
2018-11-12,94910.5513948,63780.189837039994,31130.361557760003
2018-11-13,95267.62773302,64137.266175259996,31130.361557760003
2018-11-14,95145.7076089,64015.34605114,31130.361557760003
2018-11-15,95292.65730181,64162.295744049996,31130.361557760003
2018-11-16,94628.35741222999,63497.99585446999,31130.361557760003
2018-11-19,95164.15539783,64033.79384007,31130.361557760003
2018-11-20,94152.34961788001,63021.98806012001,31130.361557760003
2018-11-21,94544.42608295,63414.06452518999,31130.361557760003
2018-11-22,94045.73677947001,62915.375221710005,31130.361557760003
2018-11-26,93987.15260077,62856.791043009995,31130.361557760003
2018-11-27,94146.05298066,63015.691422899996,31130.361557760003
2018-11-28,93240.56133687,62110.19977911,31130.361557760003
2018-11-29,94091.29082046001,62960.9292627,31130.361557760003
2018-11-30,94661.17081049,63530.809252729996,31130.361557760003
2018-12-03,95968.92643780001,64838.56488004,31130.361557760003
2018-12-04,95766.94425906,64636.582701299994,31130.361557760003
2018-12-05,94374.10282632001,63243.74126856001,31130.361557760003
2018-12-06,93379.5197334,62249.15817564,31130.361557760003
2018-12-07,93764.02028381004,86395.66078430002,7368.359499510007
2018-12-10,92097.82967944999,84729.47017993999,7368.359499510007
2018-12-11,93373.50377521,86005.1442757,7368.359499510007
2018-12-12,95223.69063493001,87855.33113542001,7368.359499510007
2018-12-13,95941.13875891,88572.77925939999,7368.359499510007
2018-12-14,96357.09031110999,88988.73081159998,7368.359499510007
2018-12-17,96630.99255331,89262.6330538,7368.359499510007
2018-12-18,97282.94487851,89914.58537899998,7368.359499510007
2018-12-19,98411.75787952999,91043.39838002,7368.359499510007
2018-12-20,98817.51643582998,91449.15693631998,7368.359499510007
2018-12-21,97471.58939113001,94309.92228266,3161.6671084700065
2018-12-24,96504.10291971001,93342.43581124001,3161.6671084700065
2018-12-26,96707.60956571001,93545.94245724,3161.6671084700065
2018-12-27,97225.14413017001,94063.4770217,3161.6671084700065
2018-12-28,98473.35569633,95311.68858786,3161.6671084700065
2018-12-31,98723.89685291001,95562.22974444,3161.6671084700065
2019-01-01,98516.30432421001,95354.63721574,3161.6671084700065
2019-01-02,97443.32226361001,94281.65515514,3161.6671084700065
2019-01-03,96672.77551953001,93511.10841106,3161.6671084700065
2019-01-04,98056.61335275,92610.216428,5446.396924750006
2019-01-07,97859.70998199,92413.31305724,5446.396924750006
2019-01-08,98238.36932555003,92791.97240080002,5446.396924750006
2019-01-09,98422.84963895,92976.4527142,5446.396924750006
2019-01-10,98566.09831125,93119.70138649999,5446.396924750006
2019-01-11,98326.43077849002,92880.03385374001,5446.396924750006
2019-01-14,97666.71950633002,92220.32258158001,5446.396924750006
2019-01-15,98379.33728259002,92932.94035784001,5446.396924750006
2019-01-16,98972.06907663,93525.67215187999,5446.396924750006
2019-01-17,98135.05037505002,92688.65345030001,5446.396924750006
2019-01-18,97106.07827559001,91659.68135084001,5446.396924750006
2019-01-21,96423.81743825001,90977.42051350001,5446.396924750006
2019-01-22,95983.52558963,90537.12866487999,5446.396924750006
2019-01-23,95585.38499485,90138.9880701,5446.396924750006
2019-01-24,95213.95642814999,89767.55950339999,5446.396924750006
2019-01-25,94182.25405359002,88735.85712884001,5446.396924750006
2019-01-28,91922.96327633,86476.56635158,5446.396924750006
2019-01-29,93240.02763469002,87793.63070994001,5446.396924750006
2019-01-30,93146.49909955003,87700.10217480002,5446.396924750006
2019-01-31,93449.54541985004,88003.14849510003,5446.396924750006
2019-02-01,93396.45798465998,89221.22100724997,4175.236977410004
2019-02-04,92251.83977387002,88076.60279646,4175.236977410004
2019-02-05,91179.25687506003,87004.01989765003,4175.236977410004
2019-02-06,91565.50520127002,87390.26822386001,4175.236977410004
2019-02-07,92433.79061182,88258.55363441,4175.236977410004
2019-02-08,92118.18399617,87942.94701876,4175.236977410004
2019-02-11,90685.40812913001,86510.17115172,4175.236977410004
2019-02-12,90674.10668132,86498.86970391,4175.236977410004
2019-02-13,90330.10587915003,86154.86890174002,4175.236977410004
2019-02-14,89903.04872305001,85727.81174564,4175.236977410004
2019-02-15,89658.47075820998,85483.23378079997,4175.236977410004
2019-02-18,88871.67990973004,84696.44293232003,4175.236977410004
2019-02-19,89420.15760713999,85244.92062972998,4175.236977410004
2019-02-20,90098.37545453,85923.13847712,4175.236977410004
2019-02-21,91183.72335792001,87008.48638051,4175.236977410004
2019-02-22,92109.07291617001,87933.83593876,4175.236977410004
2019-02-25,92593.20762959999,88417.97065218998,4175.236977410004
2019-02-26,92353.25480295005,88178.01782554004,4175.236977410004
2019-02-27,91768.03882950002,87592.80185209001,4175.236977410004
2019-02-28,92551.72764501003,88376.49066760002,4175.236977410004
2019-03-01,93892.31975801002,78902.49895813002,14989.820799880003
2019-03-05,96174.44811762002,81184.62731774001,14989.820799880003
2019-03-06,97224.81929954002,82234.99849966001,14989.820799880003
2019-03-07,96842.80706616999,81852.98626628998,14989.820799880003
2019-03-08,96551.295104,81561.47430412,14989.820799880003
2019-03-11,97368.3152461,82378.49444622,14989.820799880003
2019-03-12,98463.91194689002,83474.09114701001,14989.820799880003
2019-03-13,97405.60527279001,82415.78447291,14989.820799880003
2019-03-14,97494.57796120002,82504.75716132001,14989.820799880003
2019-03-15,97081.22787638001,82091.4070765,14989.820799880003
2019-03-18,97100.7505018,82110.92970191999,14989.820799880003
2019-03-19,97364.12132001,82374.30052013,14989.820799880003
2019-03-20,97021.57419777,82031.75339788999,14989.820799880003
2019-03-22,96521.13964456,81531.31884467999,14989.820799880003
2019-03-25,95324.31998751001,80334.49918763,14989.820799880003
2019-03-26,95482.21667189003,80492.39587201002,14989.820799880003
2019-03-27,95781.62398189,80791.80318201,14989.820799880003
2019-03-28,96200.82038591,81210.99958603,14989.820799880003
2019-03-29,97592.92954669999,82603.10874681998,14989.820799880003
2019-04-01,98379.27142277002,83389.45062289001,14989.820799880003
2019-04-02,98172.02364282,83182.20284294,14989.820799880003
2019-04-03,97404.80852007002,82414.98772019001,14989.820799880003
2019-04-04,97370.27130357003,82380.45050369002,14989.820799880003
2019-04-05,98278.21535660002,89602.98730844002,8675.228048160006
2019-04-08,97453.41106151,88778.18301335,8675.228048160006
2019-04-09,97458.24223820999,88783.01419004999,8675.228048160006
2019-04-10,97358.83759844002,88683.60955028002,8675.228048160006
2019-04-11,97042.97193355001,88367.74388539001,8675.228048160006
2019-04-12,97594.222443,88918.99439484,8675.228048160006
2019-04-15,97770.51034088,89095.28229272,8675.228048160006
2019-04-16,98224.48681695001,89549.25876879001,8675.228048160006
2019-04-18,97278.78528369003,88603.55723553002,8675.228048160006
2019-04-22,95202.81481002999,86527.58676186998,8675.228048160006
2019-04-23,94850.18868384999,86174.96063568999,8675.228048160006
2019-04-24,95499.93477251002,86824.70672435002,8675.228048160006
2019-04-25,95167.1629724,86491.93492423999,8675.228048160006
2019-04-26,94902.3808118,86227.15276364,8675.228048160006
2019-04-30,93040.82385243,84365.59580427,8675.228048160006
2019-05-02,92813.19229387,84137.96424571,8675.228048160006
2019-05-03,93003.18028216003,74926.13642268002,18077.043859480007
2019-05-06,92332.45956163,74255.41570215,18077.043859480007
2019-05-07,91816.58866194001,73739.54480246,18077.043859480007
2019-05-08,90480.26677783001,72403.22291835,18077.043859480007
2019-05-09,89962.02612253,71884.98226305,18077.043859480007
2019-05-10,90376.26167780001,72299.21781832,18077.043859480007
2019-05-13,89274.72173268002,71197.67787320001,18077.043859480007
2019-05-14,89877.27697297999,71800.23311349998,18077.043859480007
2019-05-15,89561.66220657,71484.61834709,18077.043859480007
2019-05-16,89642.65118803999,71565.60732855999,18077.043859480007
2019-05-17,89626.29168795001,71549.24782847,18077.043859480007
2019-05-20,92665.53287817001,74588.48901869,18077.043859480007
2019-05-21,92121.08934216,74044.04548268,18077.043859480007
2019-05-22,92485.96644196002,74408.92258248001,18077.043859480007
2019-05-23,92421.80000378999,74344.75614430998,18077.043859480007
2019-05-24,94454.85181443,76377.80795495,18077.043859480007
2019-05-27,94850.58691988,76773.5430604,18077.043859480007
2019-05-28,94744.43572909,76667.39186960999,18077.043859480007
2019-05-29,94388.88650126001,76311.84264178001,18077.043859480007
2019-05-30,94535.85815608999,76458.81429660998,18077.043859480007
2019-05-31,94228.6580726,76151.61421311999,18077.043859480007
2019-06-03,94105.13983819,76028.09597871,18077.043859480007
2019-06-04,93504.34187969001,75427.29802021,18077.043859480007
2019-06-06,92054.34772865,73977.30386916999,18077.043859480007
2019-06-07,92016.95361147002,78455.00285278,13561.950758690009
2019-06-10,91307.36935381002,77745.41859512,13561.950758690009
2019-06-11,91389.74740617,77827.79664747999,13561.950758690009
2019-06-12,90669.48069385001,77107.52993516,13561.950758690009
2019-06-13,90371.77832857001,76809.82756988,13561.950758690009
2019-06-14,89663.82307623002,76101.87231754001,13561.950758690009
2019-06-17,88692.28613395,75130.33537525998,13561.950758690009
2019-06-18,88368.58739387001,74806.63663518,13561.950758690009
2019-06-19,88037.87373661002,74475.92297792001,13561.950758690009
2019-06-20,89026.29598853001,75464.34522984,13561.950758690009
2019-06-21,89474.51326995001,75912.56251126,13561.950758690009
2019-06-24,89227.04474249002,75665.0939838,13561.950758690009
2019-06-25,89629.52184095001,76067.57108226,13561.950758690009
2019-06-26,90616.81195728999,77054.86119859997,13561.950758690009
2019-06-27,90981.46038391002,77419.50962522,13561.950758690009
2019-06-28,91170.41853729,77608.46777859998,13561.950758690009
2019-07-01,91253.17278839002,77691.2220297,13561.950758690009
2019-07-02,91491.78399195001,77929.83323326,13561.950758690009
2019-07-03,91669.34844753,78107.39768883999,13561.950758690009
2019-07-04,91536.51442815004,77974.56366946003,13561.950758690009
2019-07-05,90533.20625633001,53672.625186920006,36860.58106941001
2019-07-08,89524.25943477,52663.67836536001,36860.58106941001
2019-07-09,90001.39944329,53140.81837388,36860.58106941001
2019-07-10,89571.05299175001,52710.47192234001,36860.58106941001
2019-07-11,89640.94889725,52780.36782784,36860.58106941001
2019-07-12,89592.90688303,52732.325813619995,36860.58106941001
2019-07-15,89299.89803107001,52439.316961660006,36860.58106941001
2019-07-16,89595.33161733,52734.75054792,36860.58106941001
2019-07-17,89461.95742421,52601.37635479999,36860.58106941001
2019-07-18,88908.53511655002,52047.95404714001,36860.58106941001
2019-07-19,88371.48135389,51510.900284480005,36860.58106941001
2019-07-22,87896.11005843,51035.52898902,36860.58106941001
2019-07-23,87510.23411951002,50649.6530501,36860.58106941001
2019-07-24,86742.46249327,49881.881423859995,36860.58106941001
2019-07-25,86716.30750547,49855.72643605999,36860.58106941001
2019-07-26,87090.00953531,50229.428465900004,36860.58106941001
2019-07-29,86553.63433363,49693.05326421999,36860.58106941001
2019-07-30,85390.31394145,48529.732872040004,36860.58106941001
2019-07-31,85820.22319111001,48959.6421217,36860.58106941001
2019-08-01,85508.67349239,48648.092422979986,36860.58106941001
2019-08-02,85158.77673639,2655.2,82503.57673639001
2019-08-05,85089.17689639001,2585.60016,82503.57673639001
2019-08-06,85012.37673639001,2508.8,82503.57673639001
2019-08-07,85054.77673639,2551.2,82503.57673639001
2019-08-08,85091.57673639001,2588.0,82503.57673639001
2019-08-09,85079.57673639001,2576.0,82503.57673639001
2019-08-13,85028.37673639001,2524.8,82503.57673639001
2019-08-14,85034.77673639,2531.2,82503.57673639001
2019-08-16,84997.17689639001,2493.60016,82503.57673639001
2019-08-19,85028.37673639001,2524.8,82503.57673639001
2019-08-20,84956.37673639001,2452.8,82503.57673639001
2019-08-21,84863.57673639001,2360.0,82503.57673639001
2019-08-22,84838.77673639,2335.2,82503.57673639001
2019-08-23,84804.37673639001,2300.8,82503.57673639001
2019-08-26,84856.37673639001,2352.8,82503.57673639001
2019-08-27,84918.77673639,2415.2,82503.57673639001
2019-08-28,84884.37673639001,2380.8,82503.57673639001
2019-08-29,84830.77673639,2327.2,82503.57673639001
2019-08-30,84866.77673639,2363.2,82503.57673639001
2019-09-03,84873.17689639001,2369.60016,82503.57673639001
2019-09-04,84857.17689639001,2353.60016,82503.57673639001
2019-09-05,84860.37673639001,2356.8,82503.57673639001
2019-09-06,85538.24212798002,56908.76692543001,28629.475202550013
2019-09-09,86287.78854952002,57658.31334697001,28629.475202550013
2019-09-11,86594.00160939002,57964.52640684001,28629.475202550013
2019-09-12,86669.85894735002,58040.383744800005,28629.475202550013
2019-09-13,87321.80342602001,58692.328223469995,28629.475202550013
2019-09-16,88547.69493179001,59918.21972924,28629.475202550013
2019-09-17,87134.61370228001,58505.138499730005,28629.475202550013
2019-09-18,87144.76437484002,58515.289172289995,28629.475202550013
2019-09-19,86403.69474903002,57774.21954648,28629.475202550013
2019-09-20,88406.71215487001,59777.23695232,28629.475202550013
2019-09-23,89668.3302047,61038.85500214999,28629.475202550013
2019-09-24,90286.28916583,61656.813963279994,28629.475202550013
2019-09-25,89737.25950170003,61107.78429915001,28629.475202550013
2019-09-26,90223.97260100002,61594.497398449996,28629.475202550013
2019-09-27,89741.6321022,61112.15689964999,28629.475202550013
2019-09-30,88925.55023612003,60296.07503357002,28629.475202550013
2019-10-01,88645.26288600001,60015.787683450006,28629.475202550013
2019-10-03,87988.47430142,59358.99909887,28629.475202550013
2019-10-04,87535.83938277,39249.75284556,48286.08653721001
2019-10-07,87194.32687626002,38908.240339050004,48286.08653721001
2019-10-09,87874.95159511,39588.865057899995,48286.08653721001
2019-10-10,88084.50093816002,39798.41440095001,48286.08653721001
2019-10-11,88193.85983609,39907.77329888,48286.08653721001
2019-10-14,88443.16429098,40157.07775377,48286.08653721001
2019-10-15,88733.89865329,40447.81211608,48286.08653721001
2019-10-16,88766.58377310002,40480.497235890005,48286.08653721001
2019-10-17,88923.72696565001,40637.640428440005,48286.08653721001
2019-10-18,89697.87860463001,41411.79206741999,48286.08653721001
2019-10-22,90504.23754418001,42218.15100697,48286.08653721001
2019-10-23,90497.17274293001,42211.08620571999,48286.08653721001
2019-10-24,90234.19266751001,41948.106130299995,48286.08653721001
2019-10-25,90498.50242064,42212.41588342999,48286.08653721001
2019-10-27,90772.8767913,42486.790254089996,48286.08653721001
2019-10-29,91078.75116196001,42792.66462475,48286.08653721001
2019-10-30,91277.03882056,42990.95228335,48286.08653721001
2019-10-31,91422.77665146001,43136.69011424999,48286.08653721001
2019-11-01,91612.04579902001,63816.79115157,27795.25464745001
2019-11-04,91428.22792921,63632.973281759994,27795.25464745001
2019-11-05,91283.76884214,63488.51419468999,27795.25464745001
2019-11-06,91831.57695449,64036.32230703999,27795.25464745001
2019-11-07,92413.18001006001,64617.92536261,27795.25464745001
2019-11-08,91915.97832435,64120.723676899994,27795.25464745001
2019-11-11,92213.08872199002,64417.83407454001,27795.25464745001
2019-11-13,91438.3222203,63643.06757285,27795.25464745001
2019-11-14,91178.83578558,63383.58113812999,27795.25464745001
2019-11-15,90968.79472290001,63173.54007545,27795.25464745001
2019-11-18,91196.61047364,63401.35582618999,27795.25464745001
2019-11-19,91085.42045350999,63290.16580605998,27795.25464745001
2019-11-20,91487.1905295,63691.93588205,27795.25464745001
2019-11-21,91007.70193335,63212.4472859,27795.25464745001
2019-11-22,90380.06297958002,62584.80833213001,27795.25464745001
2019-11-25,91335.20965802,63539.95501057,27795.25464745001
2019-11-26,90974.20948321,63178.95483575999,27795.25464745001
2019-11-27,91246.2941019,63451.039454449994,27795.25464745001
2019-11-28,91691.44794988,63896.193302429994,27795.25464745001
2019-11-29,91509.15301658002,63713.89836913001,27795.25464745001
2019-12-02,91089.79342242,63294.538774969995,27795.25464745001
2019-12-03,90697.95813261002,62902.703485160004,27795.25464745001
2019-12-04,90817.79039638002,63022.53574893001,27795.25464745001
2019-12-05,90677.89020118999,62882.63555373998,27795.25464745001
2019-12-06,90664.92245862001,78228.62138211001,12436.301076510012
2019-12-09,90839.74136499001,78403.44028848001,12436.301076510012
2019-12-10,89760.47053728002,77324.16946077,12436.301076510012
2019-12-11,89663.41762467002,77227.11654816,12436.301076510012
2019-12-12,90009.83646573001,77573.53538922,12436.301076510012
2019-12-13,91068.54301034001,78632.24193383,12436.301076510012
2019-12-16,90896.95690670004,78460.65583019002,12436.301076510012
2019-12-17,91188.30324562002,78752.00216911001,12436.301076510012
2019-12-18,91450.81132808002,79014.51025157,12436.301076510012
2019-12-19,91835.85853177,79399.55745526,12436.301076510012
2019-12-20,91639.27805316,79202.97697665,12436.301076510012
2019-12-23,91809.47204735002,79373.17097084,12436.301076510012
2019-12-24,91320.18805066001,78883.88697415,12436.301076510012
2019-12-26,91390.14797976002,78953.84690325001,12436.301076510012
2019-12-27,91631.04593721,79194.74486069998,12436.301076510012
2019-12-30,91978.68873707001,79542.38766056,12436.301076510012
2019-12-31,91947.02805396,79510.72697745,12436.301076510012
2020-01-01,92543.26743378001,80106.96635727,12436.301076510012
2020-01-02,93419.55972198001,80983.25864546999,12436.301076510012
2020-01-03,93931.70560775,89087.20993884,4844.495668910013
2020-01-06,91942.10048517001,86838.866537,5103.233948170013
2020-01-07,92759.59940096001,87656.36545278999,5103.233948170013
2020-01-08,93033.65524245001,87930.42129428,5103.233948170013
2020-01-09,93805.55773072,88702.32378254998,5103.233948170013
2020-01-10,93747.93460971002,88644.70066154,5103.233948170013
2020-01-13,93861.43150283002,88758.19755466,5103.233948170013
2020-01-14,93903.26411068003,88800.03016251001,5103.233948170013
2020-01-15,94778.84581883004,89675.61187066002,5103.233948170013
2020-01-16,96060.61604455001,90957.38209638,5103.233948170013
2020-01-17,96187.40431314001,91084.17036496999,5103.233948170013
2020-01-20,96404.93765417002,91301.703706,5103.233948170013
2020-01-21,96197.72814874002,91094.49420057,5103.233948170013
2020-01-22,96674.17085886003,91570.93691069001,5103.233948170013
2020-01-23,98038.30763327001,92935.0736851,5103.233948170013
2020-01-24,98444.38384469002,93341.14989652,5103.233948170013
2020-01-27,97966.85971912002,92863.62577095,5103.233948170013
2020-01-28,97091.19824286,91987.96429468998,5103.233948170013
2020-01-29,97679.57282393002,92576.33887576,5103.233948170013
2020-01-30,97064.90315007002,91961.6692019,5103.233948170013
2020-01-31,96164.87178586003,91061.63783769001,5103.233948170013
2020-02-01,94616.43591843001,76152.63253024,18463.80338819002
2020-02-03,94789.56698175,76325.76359355998,18463.80338819002
2020-02-04,95448.50229734002,76984.69890915,18463.80338819002
2020-02-05,95687.17561743004,77223.37222924002,18463.80338819002
2020-02-06,95832.85013223,77369.04674403998,18463.80338819002
2020-02-07,96349.21372743005,77885.41033924003,18463.80338819002
2020-02-10,95640.02006034003,77176.21667215001,18463.80338819002
2020-02-11,95498.89387643001,77035.09048823999,18463.80338819002
2020-02-12,96026.13828032002,77562.33489213,18463.80338819002
2020-02-13,96172.20067684003,77708.39728865001,18463.80338819002
2020-02-14,96018.99226943002,77555.18888124,18463.80338819002
2020-02-17,95537.51256475004,77073.70917656002,18463.80338819002
2020-02-18,95389.78882764002,76925.98543945,18463.80338819002
2020-02-19,96825.23356684003,78361.43017865001,18463.80338819002
2020-02-20,96854.44342773,78390.64003953998,18463.80338819002
2020-02-24,95246.5706663,85171.98423974999,10074.586426550019
2020-02-25,93253.44040335002,83178.8539768,10074.586426550019
2020-02-26,93233.13042020002,83158.54399365,10074.586426550019
2020-02-27,92389.55985275001,82314.9734262,10074.586426550019
2020-02-28,89293.9906032,79219.40417664999,10074.586426550019
2020-03-02,88386.1604472,78311.57402064999,10074.586426550019
2020-03-03,89527.57195310004,79452.98552655002,10074.586426550019
2020-03-04,88550.11056125001,78475.5241347,10074.586426550019
2020-03-05,88800.42164175001,78725.8352152,10074.586426550019
2020-03-06,87309.96746464001,69191.85739523999,18118.110069400016
2020-03-09,84075.11195908002,65957.00188968,18118.110069400016
2020-03-11,83459.44322439001,65341.333154989996,18118.110069400016
2020-03-12,77635.33190070001,59517.22183129999,18118.110069400016
2020-03-13,78966.08763992002,60847.97757052001,18118.110069400016
2020-03-16,75926.98382869002,57808.87375929001,18118.110069400016
2020-03-17,74873.74428187001,56755.634212469995,18118.110069400016
2020-03-18,71948.03752155002,53829.927452150005,18118.110069400016
2020-03-19,70423.36434747002,52305.25427807,18118.110069400016
2020-03-20,72704.77013264001,54586.66006324,18118.110069400016
2020-03-23,66803.91779559002,48685.80772619,18118.110069400016
2020-03-24,67241.18025163001,49123.070182229996,18118.110069400016
2020-03-25,68508.14944503001,50390.039375629996,18118.110069400016
2020-03-26,70020.03474774002,51901.92467834001,18118.110069400016
2020-03-27,69615.55761075002,51497.447541350004,18118.110069400016
2020-03-30,69082.39192960001,50964.2818602,18118.110069400016
2020-03-31,70482.30632225,52364.19625284999,18118.110069400016
2020-04-01,69218.30648269002,51100.19641329,18118.110069400016
2020-04-03,69647.54575791,4433.0,65214.545757910004
2020-04-07,69762.54575791,4548.0,65214.545757910004
2020-04-08,69700.64575791001,4486.1,65214.545757910004
2020-04-09,69719.84575791,4505.3,65214.545757910004
2020-04-13,69895.94575791,4681.4,65214.545757910004
2020-04-15,69818.64575791001,4604.1,65214.545757910004
2020-04-16,69754.64575791001,4540.1,65214.545757910004
2020-04-17,69755.94575791,4541.4,65214.545757910004
2020-04-20,69649.74575791,4435.200000000001,65214.545757910004
2020-04-21,69599.54575791,4385.0,65214.545757910004
2020-04-22,69608.84575791,4394.3,65214.545757910004
2020-04-23,69655.94575791,4441.4,65214.545757910004
2020-04-24,69520.54575791,4306.0,65214.545757910004
2020-04-27,69537.94575791,4323.4,65214.545757910004
2020-04-28,69553.44575791,4338.9,65214.545757910004
2020-04-29,69528.34575791,4313.8,65214.545757910004
2020-04-30,69606.24575791,4391.7,65214.545757910004
2020-05-04,69453.14575791001,4238.6,65214.545757910004
2020-05-05,69391.94586391,4177.400106,65214.545757910004
2020-05-06,69409.24580391,4194.700046,65214.545757910004
2020-05-07,69372.64573791,4158.09998,65214.545757910004
2020-05-08,69440.09575291,8804.408448999999,60635.68730391
2020-05-11,69483.29295191,8847.605648,60635.68730391
2020-05-12,69436.82078791001,8801.133484,60635.68730391
2020-05-13,69501.06794191,8865.380637999999,60635.68730391
2020-05-14,69504.41518591001,8868.727882000001,60635.68730391
2020-05-15,69454.86798191,8819.180677999999,60635.68730391
2020-05-18,69207.44847391,8571.761170000002,60635.68730391
2020-05-19,69237.21808191,8601.530778,60635.68730391
2020-05-20,69593.01240991,8957.325106,60635.68730391
2020-05-21,69822.45682291,9186.769519,60635.68730391
2020-05-22,69725.25968391,9089.57238,60635.68730391
2020-05-26,69645.91246491,9010.225160999998,60635.68730391
2020-05-27,69720.53194291,9084.844638999999,60635.68730391
2020-05-28,69686.48187791,9050.794574,60635.68730391
2020-05-29,69902.00697791,9266.319674,60635.68730391
2020-06-01,70095.60132091,9459.914017,60635.68730391
2020-06-02,70242.39570391,9606.7084,60635.68730391
2020-06-03,70522.06247591,9886.375172,60635.68730391
2020-06-04,70711.20418791,10075.516884,60635.68730391
2020-06-05,71446.68736591001,29546.855330000002,41899.83203591
2020-06-08,71746.26586641,29846.4338305,41899.83203591
2020-06-09,71728.64482391,29828.812788,41899.83203591
2020-06-10,72659.38201291,30759.549977000002,41899.83203591
2020-06-11,72267.86996141,30368.037925499997,41899.83203591
2020-06-12,72273.58251341,30373.7504775,41899.83203591
2020-06-15,72398.01977591,30498.187739999998,41899.83203591
2020-06-16,72097.18154291,30197.349507,41899.83203591
2020-06-17,72018.99402591001,30119.16199,41899.83203591
2020-06-18,72510.03501991,30610.202984,41899.83203591
2020-06-19,73030.94784291,31131.115807,41899.83203591
2020-06-22,73395.06033991001,31495.228304,41899.83203591
2020-06-23,74155.69814491001,32255.866109000002,41899.83203591
2020-06-24,73688.25417941,31788.4221435,41899.83203591
2020-06-25,74028.13541641,32128.3033805,41899.83203591
2020-06-26,75116.12301741,33216.2909815,41899.83203591
2020-06-29,74927.56124041,33027.7292045,41899.83203591
2020-06-30,74690.44861591,32790.61658,41899.83203591
2020-07-01,75341.63340191,33441.801366,41899.83203591
2020-07-02,75748.51813341,33848.6860975,41899.83203591
2020-07-03,76297.61108663,73528.60085417,2769.0102324600084
2020-07-06,77273.27705263,74504.26682017,2769.0102324600084
2020-07-07,77367.34135428001,74598.33112182001,2769.0102324600084
2020-07-08,77038.50308178001,74269.49284932001,2769.0102324600084
2020-07-09,77240.32809987,74471.31786741,2769.0102324600084
2020-07-10,76551.75153488,73782.74130241999,2769.0102324600084
2020-07-13,76714.27856633003,73945.26833387002,2769.0102324600084
2020-07-14,74973.26219545002,72204.25196299002,2769.0102324600084
2020-07-15,74467.17253445002,71698.16230199001,2769.0102324600084
2020-07-16,73966.65185195999,71197.64161949998,2769.0102324600084
2020-07-17,75568.49795983001,72799.48772737001,2769.0102324600084
2020-07-20,76133.22591258,73364.21568012,2769.0102324600084
2020-07-21,77083.65016408003,74314.63993162001,2769.0102324600084
2020-07-22,76618.75116329,73849.74093082998,2769.0102324600084
2020-07-23,77249.60110883001,74480.59087637,2769.0102324600084
2020-07-24,77229.81567543,74460.80544296998,2769.0102324600084
2020-07-27,76334.53293054001,73565.52269808,2769.0102324600084
2020-07-28,76274.97077678001,73505.96054432,2769.0102324600084
2020-07-29,77067.15962403003,74298.14939157001,2769.0102324600084
2020-07-30,75896.19248179,73127.18224932998,2769.0102324600084
2020-07-31,75761.90449895,72992.89426649,2769.0102324600084
2020-08-03,77193.07131653,74424.06108407,2769.0102324600084
2020-08-04,77861.41334118001,75092.40310872,2769.0102324600084
2020-08-05,78127.60100743003,75358.59077497001,2769.0102324600084
2020-08-06,78736.14223228005,75967.13199982003,2769.0102324600084
2020-08-07,78553.45404208002,20222.243926709998,58331.21011537002
2020-08-10,79578.03750399002,21246.827388620004,58331.21011537002
2020-08-11,79624.77057184002,21293.56045647,58331.21011537002
2020-08-12,79652.65056544002,21321.44045007,58331.21011537002
2020-08-13,80133.33683204002,21802.12671667,58331.21011537002
2020-08-14,80140.75375294001,21809.54363757,58331.21011537002
2020-08-17,80449.16039149002,22117.95027612,58331.21011537002
2020-08-18,80827.30024779003,22496.090132420002,58331.21011537002
2020-08-19,81253.00052199002,22921.790406620003,58331.21011537002
2020-08-20,81490.84699819001,23159.63688282,58331.21011537002
2020-08-21,82020.71357059001,23689.503455219998,58331.21011537002
2020-08-24,82478.59712730002,24147.387011930005,58331.21011537002
2020-08-25,82648.46377269003,24317.25365732,58331.21011537002
2020-08-26,82736.82357849002,24405.613463119997,58331.21011537002
2020-08-27,82937.58360799002,24606.37349262,58331.21011537002
2020-08-28,82840.82702524003,24509.61690987,58331.21011537002
2020-08-31,82125.34418859002,23794.13407322,58331.21011537002
2020-09-01,81751.50039554002,23420.29028017,58331.21011537002
2020-09-02,82104.22039889003,23773.01028352,58331.21011537002
2020-09-03,82375.07758104002,24043.86746567,58331.21011537002
2020-09-04,82690.65611163003,48079.45956608,34611.196545550025
2020-09-07,82763.12797702003,48151.93143147001,34611.196545550025
2020-09-08,82215.88050015003,47604.6839546,34611.196545550025
2020-09-09,81584.87992173003,46973.68337618,34611.196545550025
2020-09-10,82354.96858243002,47743.77203688,34611.196545550025
2020-09-11,82226.64914583004,47615.45260028001,34611.196545550025
2020-09-14,83502.99267498002,48891.79612943,34611.196545550025
2020-09-15,83912.99352978003,49301.79698423,34611.196545550025
2020-09-16,83784.35887366004,49173.162328110004,34611.196545550025
2020-09-17,83443.35426542003,48832.157719869996,34611.196545550025
2020-09-18,83380.49018525003,48769.29363970001,34611.196545550025
2020-09-21,80937.72812987003,46326.53158432001,34611.196545550025
2020-09-22,79958.16803631003,45346.97149076001,34611.196545550025
2020-09-23,80136.38607409003,45525.18952854,34611.196545550025
2020-09-24,78619.37423023002,44008.17768468,34611.196545550025
2020-09-25,79909.00718475002,45297.8106392,34611.196545550025
2020-09-28,81017.74173320002,46406.545187649994,34611.196545550025
2020-09-29,81066.42448034004,46455.227934790004,34611.196545550025
2020-09-30,80848.49964682004,46237.30310127001,34611.196545550025
2020-10-01,81902.32476434004,72006.83120865001,9895.493555690024
2020-10-05,83662.80103610002,73767.30748041,9895.493555690024
2020-10-06,83530.05227298004,73634.55871729001,9895.493555690024
2020-10-07,83046.19212654003,73150.69857085,9895.493555690024
2020-10-08,83240.22875889004,73344.7352032,9895.493555690024
2020-10-09,83276.38908080006,73380.89552511003,9895.493555690024
2020-10-12,82301.43771895004,72405.94416326,9895.493555690024
2020-10-13,82276.76610513002,72381.27254944,9895.493555690024
2020-10-14,81975.50278006,72080.00922436998,9895.493555690024
2020-10-15,80629.50150230003,70734.00794661,9895.493555690024
2020-10-16,81010.06557436002,71114.57201867,9895.493555690024
2020-10-19,81555.36427742001,71659.87072173,9895.493555690024
2020-10-20,82267.12644767002,72371.63289198,9895.493555690024
2020-10-21,82947.58563586001,73052.09208017,9895.493555690024
2020-10-22,83791.35755991001,73895.86400422,9895.493555690024
2020-10-23,84392.06942836,74496.57587266999,9895.493555690024
2020-10-26,83533.46444291004,73637.97088722001,9895.493555690024
2020-10-27,83631.36276110003,73735.86920541001,9895.493555690024
2020-10-28,83368.63518235003,73473.14162666001,9895.493555690024
2020-10-29,83403.03411397003,73507.54055828,9895.493555690024
2020-10-30,83851.09075444005,73955.59719875002,9895.493555690024
2020-11-02,83408.08267565002,73512.58911996,9895.493555690024
2020-11-03,84635.60041498003,74740.10685929001,9895.493555690024
2020-11-04,85054.39958207004,75158.90602638,9895.493555690024
2020-11-05,86114.66163487002,76219.16807918,9895.493555690024
2020-11-06,86648.36505808003,76488.69239573,10159.672662350022
2020-11-09,87232.99978721002,77073.32712486,10159.672662350022
2020-11-10,88025.02175499004,77865.34909264003,10159.672662350022
2020-11-11,88235.09183764001,78075.41917528998,10159.672662350022
2020-11-12,88646.43219477002,78486.75953242,10159.672662350022
2020-11-13,90072.36745014004,79912.69478779001,10159.672662350022
2020-11-14,90897.49259046002,80737.81992811001,10159.672662350022
2020-11-17,92730.14643128001,82570.47376893,10159.672662350022
2020-11-18,93670.96933628005,83511.29667393002,10159.672662350022
2020-11-19,92670.76270922003,82511.09004687001,10159.672662350022
2020-11-20,92413.65659466005,82253.98393231002,10159.672662350022
2020-11-23,93939.14704472004,83779.47438237001,10159.672662350022
2020-11-24,95139.26238676,84979.58972440999,10159.672662350022
2020-11-25,95228.32330653004,85068.65064418002,10159.672662350022
2020-11-26,96239.75695398002,86080.08429163,10159.672662350022
2020-11-27,97965.22238153004,87805.54971918002,10159.672662350022
2020-12-01,100103.97513569001,89944.30247333998,10159.672662350022
2020-12-02,101773.85122418002,91614.17856183,10159.672662350022
2020-12-03,103573.85519316004,93414.18253081001,10159.672662350022
2020-12-04,103942.33214725002,94232.72941257,9709.60273468002
2020-12-07,104960.89655020004,95251.29381552001,9709.60273468002
2020-12-08,104345.51770201001,94635.91496732998,9709.60273468002
2020-12-09,104060.74961831004,94351.14688363002,9709.60273468002
2020-12-10,103318.97925447,93609.37651978998,9709.60273468002
2020-12-11,104206.14965402003,94496.54691934,9709.60273468002
2020-12-14,105737.21020772001,96027.60747303999,9709.60273468002
2020-12-15,106046.21826358001,96336.61552889999,9709.60273468002
2020-12-16,106810.98032207003,97101.37758739,9709.60273468002
2020-12-17,106679.57303825002,96969.97030357,9709.60273468002
2020-12-18,106232.28132914002,96522.67859446,9709.60273468002
2020-12-21,101684.48873156002,91974.88599688,9709.60273468002
2020-12-22,102008.57780696002,92298.97507228,9709.60273468002
2020-12-23,104390.96725622001,94681.36452153999,9709.60273468002
2020-12-24,105592.20873919001,95882.60600450999,9709.60273468002
2020-12-28,107108.60180468002,97398.99906999999,9709.60273468002
2020-12-29,107620.59597396002,97910.99323928,9709.60273468002
2020-12-30,108102.39977494003,98392.79704026,9709.60273468002
2020-12-31,107949.34528788005,98239.74255320002,9709.60273468002
2021-01-01,109343.59377526998,96367.94361115996,12975.650164110015
2021-01-04,111032.60944881002,98056.9592847,12975.650164110015
2021-01-05,111453.81079443003,98478.16063032001,12975.650164110015
2021-01-06,111052.63335470002,98076.98319059,12975.650164110015
2021-01-07,111804.81853234002,98829.16836823,12975.650164110015
2021-01-08,112232.71648994002,99257.06632583,12975.650164110015
2021-01-11,112324.92612345002,99349.27595934,12975.650164110015
2021-01-12,113064.35383936003,100088.70367525001,12975.650164110015
2021-01-13,112797.60023398,99821.95006986998,12975.650164110015
2021-01-14,112137.45867418003,99161.80851007001,12975.650164110015
2021-01-15,110899.09004864002,97923.43988453,12975.650164110015
2021-01-18,108918.69213753002,95943.04197342,12975.650164110015
2021-01-19,110941.49325490001,97965.84309078999,12975.650164110015
2021-01-20,111638.07101577001,98662.42085165999,12975.650164110015
2021-01-21,110311.15358706003,97335.50342295002,12975.650164110015
2021-01-22,108624.16755828001,95648.51739416999,12975.650164110015
2021-01-25,107451.14603224002,94475.49586813,12975.650164110015
2021-01-27,107650.91724930002,94675.26708519,12975.650164110015
2021-01-28,106889.54623697003,93913.89607286,12975.650164110015
2021-01-29,107562.75226371002,94587.1020996,12975.650164110015
2021-02-01,111787.55838644003,98811.90822233,12975.650164110015
2021-02-02,113705.27507803004,100729.62491392002,12975.650164110015
2021-02-03,115211.38088399,102235.73071987998,12975.650164110015
2021-02-04,116917.29600152002,103941.64583741,12975.650164110015
2021-02-05,117810.80682708001,102961.00995443,14849.796872650011
2021-02-08,120753.06236472001,105903.26549207,14849.796872650011
2021-02-09,120160.44095832,105310.64408566999,14849.796872650011
2021-02-10,121218.75778772001,106368.96091507,14849.796872650011
2021-02-11,121166.04199419002,106316.24512154,14849.796872650011
2021-02-12,120373.16118096001,105523.36430831,14849.796872650011
2021-02-15,121242.23828874002,106392.44141609,14849.796872650011
2021-02-16,122966.32143499,108116.52456233998,14849.796872650011
2021-02-17,124283.97668139999,109434.17980874998,14849.796872650011
2021-02-18,125314.89444051,110465.09756786,14849.796872650011
2021-02-19,123843.17919064002,108993.38231799,14849.796872650011
2021-02-22,122435.66573031001,107585.86885766,14849.796872650011
2021-02-23,124224.10328157003,109374.30640892002,14849.796872650011
2021-02-24,126167.73342366,111317.93655100999,14849.796872650011
2021-02-25,129035.28639684999,114185.48952419998,14849.796872650011
2021-02-26,127324.59775643004,112474.80088378003,14849.796872650011
2021-03-01,129027.79240023001,114177.99552758,14849.796872650011
2021-03-02,130285.22542273,115435.42855007999,14849.796872650011
2021-03-03,132804.65123074,117954.85435809002,14849.796872650011
2021-03-04,133729.01596298,118879.21909032999,14849.796872650011
2021-03-05,132648.4401173,118345.61448928999,14302.825628010007
2021-03-08,133493.05189931003,119190.22627130002,14302.825628010007
2021-03-09,131956.75389405,117653.92826603998,14302.825628010007
2021-03-10,134318.09957702004,120015.27394901002,14302.825628010007
2021-03-12,134786.93289658,120484.10726856998,14302.825628010007
2021-03-15,133999.37373258,119696.54810456999,14302.825628010007
2021-03-16,132773.38452644,118470.55889842998,14302.825628010007
2021-03-17,128561.34723066003,114258.52160265003,14302.825628010007
2021-03-18,125795.61360622999,111492.78797821999,14302.825628010007
2021-03-19,126150.77177193,111847.94614392,14302.825628010007
2021-03-22,128308.52425832002,114005.69863031001,14302.825628010007
2021-03-23,130369.96110498003,116067.13547697003,14302.825628010007
2021-03-24,127652.8593248,113350.03369679,14302.825628010007
2021-03-25,124486.62627623,110183.80064822,14302.825628010007
2021-03-26,125580.50303529,111277.67740728,14302.825628010007
2021-03-30,126532.52754402,112229.70191601,14302.825628010007
2021-03-31,126318.13994232,112015.31431431,14302.825628010007
2021-04-01,130541.39530236002,116557.16726541001,13984.228036950004
2021-04-05,126915.37144048001,112931.14340353,13984.228036950004
2021-04-06,128753.82113617,114769.59309921999,13984.228036950004
2021-04-07,131428.70365439,117444.47561744001,13984.228036950004
2021-04-08,133459.83534236997,119475.60730541998,13984.228036950004
2021-04-09,133768.36764075997,119784.13960380998,13984.228036950004
2021-04-12,124555.31234337999,110571.08430642998,13984.228036950004
2021-04-13,127128.02354609001,113143.79550914,13984.228036950004
2021-04-15,126380.97076285999,112396.74272590998,13984.228036950004
2021-04-16,127664.46937667004,113680.24133972003,13984.228036950004
2021-04-19,122753.09106908001,108768.86303213,13984.228036950004
2021-04-20,123335.3244831,109351.09644615,13984.228036950004
2021-04-22,123484.77723416,109500.54919721,13984.228036950004
2021-04-23,123764.99989147003,109780.77185452002,13984.228036950004
2021-04-26,125293.49312134,111309.26508438999,13984.228036950004
2021-04-27,128576.20357455003,114591.97553760002,13984.228036950004
2021-04-28,128995.27058960001,115011.04255265,13984.228036950004
2021-04-29,129543.10023462001,115558.87219767,13984.228036950004
2021-04-30,129900.61212706,115916.38409010999,13984.228036950004
2021-05-03,131000.33835014001,117016.11031319,13984.228036950004
2021-05-04,130860.78774265,116876.5597057,13984.228036950004
2021-05-05,132586.60833618,118602.38029923,13984.228036950004
2021-05-06,132967.15416756997,118982.92613061998,13984.228036950004
2021-05-07,136057.01057004998,123683.58768644999,12373.422883600004
2021-05-10,141706.23199390003,129332.80911030003,12373.422883600004
2021-05-11,143416.83838209,131043.41549849,12373.422883600004
2021-05-12,141261.88339451,128888.46051091,12373.422883600004
2021-05-14,137804.87771379002,125431.45483019002,12373.422883600004
2021-05-17,141413.30531795003,129039.88243435003,12373.422883600004
2021-05-18,142873.54530769,130500.12242408999,12373.422883600004
2021-05-19,142742.97769320998,130369.55480960998,12373.422883600004
2021-05-20,141693.89924744,129320.47636383999,12373.422883600004
2021-05-21,141058.73540771002,128685.31252411002,12373.422883600004
2021-05-24,142941.43807816,130568.01519456,12373.422883600004
2021-05-25,144028.62668814,131655.20380454,12373.422883600004
2021-05-26,145264.13476043998,132890.71187683998,12373.422883600004
2021-05-27,145383.55818020998,133010.13529660998,12373.422883600004
2021-05-28,144576.33753474,132202.91465114002,12373.422883600004
2021-05-31,146089.98717826,133716.56429466,12373.422883600004
2021-06-01,143764.72093541,131391.29805181,12373.422883600004
2021-06-02,146981.31192199,134607.88903839,12373.422883600004
2021-06-03,148439.4005934,136065.9777098,12373.422883600004
2021-06-04,150241.81816861,138511.5356225,11730.282546110002
2021-06-07,154813.01053775,143082.72799164,11730.282546110002
2021-06-08,157021.55100423,145291.26845811997,11730.282546110002
2021-06-09,156370.46949187003,144640.18694576,11730.282546110002
2021-06-10,160504.69481185006,148774.41226574004,11730.282546110002
2021-06-11,161668.77238221004,149938.48983610002,11730.282546110002
2021-06-14,163261.49919127,151531.21664516,11730.282546110002
2021-06-15,164431.98304837005,152701.70050226004,11730.282546110002
2021-06-16,164348.02062421,152617.7380781,11730.282546110002
2021-06-17,165339.06358499004,153608.78103888003,11730.282546110002
2021-06-18,162822.06976223,151091.78721612,11730.282546110002
2021-06-21,167116.03506433006,155385.75251822005,11730.282546110002
2021-06-22,170508.45820963001,158778.17566352,11730.282546110002
2021-06-23,169700.68177199,157970.39922587998,11730.282546110002
2021-06-24,169914.12775335,158183.84520724,11730.282546110002
2021-06-25,170816.85153317003,159086.56898706002,11730.282546110002
2021-06-28,172772.24037563003,161041.95782952002,11730.282546110002
2021-06-29,173932.54045599,162202.25790988,11730.282546110002
2021-06-30,175445.72207225004,163715.43952614002,11730.282546110002
2021-07-01,176460.91120919,164730.62866308,11730.282546110002
2021-07-02,179098.19518078997,167618.79085283997,11479.404327949997
2021-07-05,181661.50557658996,170182.10124863996,11479.404327949997
2021-07-06,180152.47481871003,168673.07049076003,11479.404327949997
2021-07-07,179415.32621198997,167935.92188403997,11479.404327949997
2021-07-08,179909.41091915002,177438.86985724003,2470.541061909995
2021-07-09,180582.66265339,178112.12159148,2470.541061909995
2021-07-12,181814.18163722998,179343.64057532,2470.541061909995
2021-07-13,182543.63754423,180073.09648232002,2470.541061909995
2021-07-14,181919.10972215,179448.56866024,2470.541061909995
2021-07-15,182278.12003399,179807.57897208002,2470.541061909995
2021-07-16,185404.77585039,182934.23478848,2470.541061909995
2021-07-19,187731.96206998997,185261.42100807998,2470.541061909995
2021-07-20,184051.30983247,181580.76877056,2470.541061909995
2021-07-22,186467.27715323,183996.73609132002,2470.541061909995
2021-07-23,185826.46893914999,183355.92787724,2470.541061909995
2021-07-26,186172.08486538997,183701.54380348,2470.541061909995
2021-07-27,187631.53778938996,185160.99672747997,2470.541061909995
2021-07-28,184230.07382423,181759.53276232,2470.541061909995
2021-07-29,185323.86115930995,182853.32009739996,2470.541061909995
2021-07-30,186935.04232039,184464.50125848,2470.541061909995
2021-08-02,187953.17432387,185482.63326196,2470.541061909995
2021-08-03,187976.74937031,185506.2083084,2470.541061909995
2021-08-04,184413.93700038997,181943.39593847998,2470.541061909995
2021-08-05,180409.73946783,177939.19840592,2470.541061909995
2021-08-06,180929.25977278,164494.22971395002,16435.03005883
2021-08-09,179632.05998218,163197.02992335,16435.03005883
2021-08-10,175589.53142568003,159154.50136685002,16435.03005883
2021-08-11,174486.88120136998,158051.85114254,16435.03005883
2021-08-12,177579.04275947995,161144.01270064997,16435.03005883
2021-08-13,177918.69658338,161483.66652454998,16435.03005883
2021-08-16,177461.55883778003,161026.52877895,16435.03005883
2021-08-17,177073.76246943005,160638.73241060003,16435.03005883
2021-08-18,176010.94073223002,159575.9106734,16435.03005883
2021-08-20,172044.30914918002,155609.27909035,16435.03005883
2021-08-23,170377.13356364,153942.10350481002,16435.03005883
2021-08-24,175054.90335029003,158619.87329146,16435.03005883
2021-08-25,176571.28641333,160136.25635450002,16435.03005883
2021-08-26,176429.51897088997,159994.48891205998,16435.03005883
2021-08-27,178319.46523158002,161884.43517275,16435.03005883
2021-08-30,179965.50727627001,163530.47721744,16435.03005883
2021-08-31,180036.37348404003,163601.34342521,16435.03005883
2021-09-01,180210.97829713998,163775.94823831,16435.03005883
2021-09-02,182382.62885714002,165947.59879831003,16435.03005883
2021-09-03,184615.74149417,159436.42224372,25179.319250449997
2021-09-06,186467.48240947005,161288.16315902004,25179.319250449997
2021-09-07,186222.19783511004,161042.87858466004,25179.319250449997
2021-09-08,187261.70842493,162082.38917448,25179.319250449997
2021-09-09,188495.56534644996,163316.24609599996,25179.319250449997
2021-09-13,189742.06511983002,164562.74586938,25179.319250449997
2021-09-14,191706.29406627003,166526.97481582002,25179.319250449997
2021-09-15,193412.00989214994,168232.69064169994,25179.319250449997
2021-09-16,193505.07570105,168325.7564506,25179.319250449997
2021-09-17,192447.86844421,167268.54919376,25179.319250449997
2021-09-20,189085.65604239004,163906.33679194003,25179.319250449997
2021-09-21,189591.56395013,164412.24469967998,25179.319250449997
2021-09-22,190824.19346958995,165644.87421913995,25179.319250449997
2021-09-23,192447.48725219,167268.16800174,25179.319250449997
2021-09-24,192187.71627888997,167008.39702843997,25179.319250449997
2021-09-27,191737.55365707,166558.23440662,25179.319250449997
2021-09-28,190349.43069959,165170.11144914,25179.319250449997
2021-09-29,191835.68028980997,166656.36103935997,25179.319250449997
2021-09-30,192951.70536623002,167772.38611578,25179.319250449997
2021-10-01,195221.20583267,174813.11430969002,20408.091522979994
2021-10-04,197982.18040414999,177574.08888117,20408.091522979994
2021-10-05,198912.14691942,178504.05539644,20408.091522979994
2021-10-06,195187.87863678005,174779.78711380006,20408.091522979994
2021-10-07,197380.13996019,176972.04843721,20408.091522979994
2021-10-08,197396.50664149,176988.41511851002,20408.091522979994
2021-10-11,198924.04024021002,178515.94871723003,20408.091522979994
2021-10-12,199918.51371667994,179510.42219369995,20408.091522979994
2021-10-13,202997.90380327,182589.81228029,20408.091522979994
2021-10-14,202809.42882002998,182401.33729705,20408.091522979994
2021-10-18,204495.41630467997,184087.32478169998,20408.091522979994
2021-10-19,202127.92900651996,181719.83748353997,20408.091522979994
2021-10-20,199325.27002606,178917.17850308,20408.091522979994
2021-10-21,197739.85395623,177331.76243325003,20408.091522979994
2021-10-22,197338.11270353995,176930.02118055997,20408.091522979994
2021-10-25,195586.20544937003,175178.11392639004,20408.091522979994
2021-10-26,199084.20544467997,178676.1139217,20408.091522979994
2021-10-27,199178.7581589,178770.66663592,20408.091522979994
2021-10-28,195530.87049803,175122.77897505002,20408.091522979994
2021-10-29,194623.22493554,174215.13341256,20408.091522979994
2021-11-01,196602.15406269996,176194.06253971998,20408.091522979994
2021-11-02,197357.60411178,176949.51258880002,20408.091522979994
2021-11-03,196691.98408211998,176283.89255914,20408.091522979994
2021-11-04,199518.18275560995,186482.88868598995,13035.294069619998
2021-11-08,204918.76497453998,191883.47090492,13035.294069619998
2021-11-09,206199.61729001,193164.32322039,13035.294069619998
2021-11-10,204942.95321869,191907.65914907,13035.294069619998
2021-11-11,202898.69941136998,189863.40534174998,13035.294069619998
2021-11-12,203555.63295209993,190520.33888247993,13035.294069619998
2021-11-15,202342.30017589,189307.00610627,13035.294069619998
2021-11-16,200726.70112257998,187691.40705295998,13035.294069619998
2021-11-17,200591.90667801994,187556.61260839994,13035.294069619998
2021-11-18,199258.83607040998,186223.54200078998,13035.294069619998
2021-11-22,195371.84244784,178001.98679261,17369.855655229996
2021-11-23,198946.39974604998,181576.54409081998,17369.855655229996
2021-11-24,199733.18716291,182363.33150768,17369.855655229996
2021-11-25,202359.62691404996,184989.77125881996,17369.855655229996
2021-11-26,196852.38837377,179482.53271854,17369.855655229996
2021-11-29,193657.39871316,176287.54305793,17369.855655229996
2021-11-30,193846.7744887,176476.91883347,17369.855655229996
2021-12-01,195043.81633074002,177673.96067551002,17369.855655229996
2021-12-02,197129.48094523,179759.62529,17369.855655229996
2021-12-03,199069.47177511995,180647.94203678996,18421.52973833
2021-12-06,199238.79931779002,180817.26957946003,18421.52973833
2021-12-07,201671.44221217997,183249.91247384998,18421.52973833
2021-12-08,203411.83197059997,184990.30223226998,18421.52973833
2021-12-09,206641.57919954995,188220.04946121995,18421.52973833
2021-12-10,208738.65461819002,190317.12487986003,18421.52973833
2021-12-13,207606.90452172997,189185.37478339998,18421.52973833
2021-12-14,207906.90404891,189485.37431058,18421.52973833
2021-12-15,207058.72891208998,188637.19917376,18421.52973833
2021-12-16,205076.19353656998,186654.66379823998,18421.52973833
2021-12-17,200589.03153077004,182167.50179244005,18421.52973833
2021-12-20,193153.66013330995,174732.13039497996,18421.52973833
2021-12-21,195715.02996517,177293.50022684,18421.52973833
2021-12-22,199173.16035571002,180751.63061738003,18421.52973833
2021-12-23,199622.28309229002,181200.75335396003,18421.52973833
2021-12-24,198800.67829818002,180379.14855985003,18421.52973833
2021-12-27,199855.1837157,181433.65397737,18421.52973833
2021-12-28,202342.54446547996,183921.01472714997,18421.52973833
2021-12-29,203014.57262584998,184593.04288752,18421.52973833
2021-12-30,203173.10422376994,184751.57448543995,18421.52973833
2021-12-31,206649.01234229002,188227.48260396003,18421.52973833
2022-01-03,209610.88207454004,191189.35233621005,18421.52973833
2022-01-04,211556.32225181002,193134.79251348003,18421.52973833
2022-01-05,213198.5130571,194776.98331877,18421.52973833
2022-01-06,216232.59005733998,197811.06031901,18421.52973833
2022-01-07,217815.12649039002,94113.39023532,123701.73625507002
2022-01-10,219384.60208444003,95682.86582937001,123701.73625507002
2022-01-11,220845.37333991006,97143.63708484003,123701.73625507002
2022-01-12,220174.9295632,96473.19330813,123701.73625507002
2022-01-13,220640.23999812003,96938.50374305001,123701.73625507002
2022-01-14,221806.77419556002,98105.03794049,123701.73625507002
2022-01-17,222236.30603661004,98534.56978154,123701.73625507002
2022-01-18,220583.26435322,96881.52809815,123701.73625507002
2022-01-19,220660.40850725002,96958.67225217998,123701.73625507002
2022-01-20,221069.98213129002,97368.24587622,123701.73625507002
2022-01-21,219644.87584320002,95943.13958813,123701.73625507002
2022-01-24,215651.24077024002,91949.50451517002,123701.73625507002
2022-01-25,216211.07836956,92509.34211448999,123701.73625507002
2022-01-27,215266.30539526005,91564.56914019001,123701.73625507002
2022-01-28,214834.27043084003,91132.53417577001,123701.73625507002
2022-01-31,216070.36310219002,92368.62684712,123701.73625507002
2022-02-01,216630.41163625004,92928.67538118,123701.73625507002
2022-02-02,219149.01826749003,95447.28201242002,123701.73625507002
2022-02-03,221346.59098603,97644.85473096,123701.73625507002
2022-02-04,222702.94845906,165501.41595974998,57201.53249931002
2022-02-07,222420.74876005,165219.21626073998,57201.53249931002
2022-02-08,219633.94926737004,162432.41676806004,57201.53249931002
2022-02-09,220275.32260903,163073.79010972,57201.53249931002
2022-02-10,221137.89071187004,163936.35821256,57201.53249931002
2022-02-11,220561.99803113,163360.46553181997,57201.53249931002
2022-02-14,212912.62115429004,155711.08865498003,57201.53249931002
2022-02-15,216687.64817054,159486.11567122996,57201.53249931002
2022-02-16,217558.41723229998,160356.88473298997,57201.53249931002
2022-02-17,216591.77453408,159390.24203476997,57201.53249931002
2022-02-18,214420.78342249006,157219.25092318002,57201.53249931002
2022-02-21,210104.00584668003,152902.47334737002,57201.53249931002
2022-02-22,206070.88660995004,148869.35411064,57201.53249931002
2022-02-23,208488.1259086801,151286.59340937005,57201.53249931002
2022-02-24,198157.99343627004,140956.46093696,57201.53249931002
2022-02-25,203691.88799680007,146490.35549749003,57201.53249931002
2022-02-28,205836.29293582006,148634.76043651003,57201.53249931002
2022-03-02,207007.36201916,149805.82951985,57201.53249931002
2022-03-03,209756.86235956004,152555.32986025003,57201.53249931002
2022-03-04,208098.11485281,203947.99971229996,4150.115140510039
2022-03-07,207169.65690182004,203019.54176131,4150.115140510039
2022-03-08,207660.65300626005,203510.53786575003,4150.115140510039
2022-03-09,211463.12785431003,207313.0127138,4150.115140510039
2022-03-10,211150.96662479005,207000.85148428,4150.115140510039
2022-03-11,215276.80075425009,211126.68561374006,4150.115140510039
2022-03-14,215396.82075370004,211246.70561319,4150.115140510039
2022-03-15,212153.32894017006,208003.21379966,4150.115140510039
2022-03-16,214946.57257498003,210796.45743446998,4150.115140510039
2022-03-17,215847.31436987,211697.19922935998,4150.115140510039
2022-03-21,216996.03223957005,212845.91709906003,4150.115140510039
2022-03-22,217591.0914524601,213440.97631195004,4150.115140510039
2022-03-23,217415.15197552007,213265.03683501005,4150.115140510039
2022-03-24,219209.27028629003,215059.15514578,4150.115140510039
2022-03-25,219593.96145200002,215443.84631149,4150.115140510039
2022-03-28,220645.13247212005,216495.01733161,4150.115140510039
2022-03-29,224136.69601799,219986.58087747998,4150.115140510039
2022-03-30,222732.13008858002,218582.01494806996,4150.115140510039
2022-03-31,224618.81141045003,220468.69626994,4150.115140510039
2022-04-01,228096.59522115998,217693.22154082995,10403.373680330042
2022-04-04,232918.50943674007,222515.13575641002,10403.373680330042
2022-04-05,238576.3629899401,228172.98930961004,10403.373680330042
2022-04-06,243036.00876765006,232632.63508732003,10403.373680330042
2022-04-07,241171.88847491,230768.51479457997,10403.373680330042
2022-04-08,243763.34229879006,233359.96861846,10403.373680330042
2022-04-11,247739.86666766,237336.49298732998,10403.373680330042
2022-04-12,244579.27628572006,234175.90260539,10403.373680330042
2022-04-13,245658.30157545005,235254.92789512002,10403.373680330042
2022-04-18,248655.15026017,238251.77657983996,10403.373680330042
2022-04-19,246619.60883664008,236216.23515631002,10403.373680330042
2022-04-20,250066.64417658,239663.27049624996,10403.373680330042
2022-04-21,252478.54777015996,242075.17408982993,10403.373680330042
2022-04-22,252439.36454186,242035.99086152998,10403.373680330042
2022-04-25,247966.55346567003,237563.17978533998,10403.373680330042
2022-04-26,250532.55395537004,240129.18027504,10403.373680330042
2022-04-27,249890.03244847007,239486.65876814,10403.373680330042
2022-04-28,249418.55062017997,239015.17693984992,10403.373680330042
2022-04-29,247615.45636111993,237212.0826807899,10403.373680330042
2022-05-02,251063.41778663005,240660.0441063,10403.373680330042
2022-05-04,245467.88573693,235064.51205659995,10403.373680330042
2022-05-05,245862.50124775007,235459.12756742004,10403.373680330042
2022-05-06,241338.94679539005,156786.26304330002,84552.68375209004
2022-05-09,237245.00997599005,152692.3262239,84552.68375209004
2022-05-10,234029.43113779003,149476.7473857,84552.68375209004
2022-05-11,229578.99216079002,145026.3084087,84552.68375209004
2022-05-12,225923.14586329006,141370.4621112,84552.68375209004
2022-05-13,228695.63412919,144142.95037709997,84552.68375209004
2022-05-16,234238.67585959006,149685.9921075,84552.68375209004
2022-05-17,239602.07064089004,155049.3868888,84552.68375209004
2022-05-18,243965.04059319,159412.35684109997,84552.68375209004
2022-05-19,243252.86228199006,158700.17852990003,84552.68375209004
2022-05-20,249309.64909429004,164756.9653422,84552.68375209004
2022-05-23,246823.79396119004,162271.1102091,84552.68375209004
2022-05-24,243003.71431039006,158451.0305583,84552.68375209004
2022-05-25,239034.70118019002,154482.0174281,84552.68375209004
2022-05-26,241707.21222119004,157154.5284691,84552.68375209004
2022-05-27,242607.19131359004,158054.50756149998,84552.68375209004
2022-05-30,242833.02604789007,158280.34229580004,84552.68375209004
2022-05-31,244468.65831489005,159915.97456280002,84552.68375209004
2022-06-01,246936.64163289004,162383.9578808,84552.68375209004
2022-06-02,247153.3782546901,162600.69450260003,84552.68375209004
2022-06-03,246358.42067727004,169856.47596255,76501.94471472004
2022-06-06,247313.19936952007,170811.25465480002,76501.94471472004
2022-06-07,248504.86779657,172002.92308184996,76501.94471472004
2022-06-08,249217.08811817004,172715.14340345,76501.94471472004
2022-06-09,250398.97473961004,173897.03002489,76501.94471472004
2022-06-10,247901.10002536004,171399.15531064,76501.94471472004
2022-06-13,242536.41096636004,166034.46625164,76501.94471472004
2022-06-14,241223.45956634003,164721.51485161998,76501.94471472004
2022-06-15,243457.51393946007,166955.56922474003,76501.94471472004
2022-06-16,238824.57400494008,162322.62929022004,76501.94471472004
2022-06-17,237553.64696735004,161051.70225263,76501.94471472004
2022-06-20,230860.27220282002,154358.32748809998,76501.94471472004
2022-06-21,236444.96637604004,159943.02166132,76501.94471472004
2022-06-22,234975.90773599004,158473.96302127,76501.94471472004
2022-06-23,234992.98803825007,158491.04332353003,76501.94471472004
2022-06-24,237006.82223968007,160504.87752496003,76501.94471472004
2022-06-27,238079.36132484002,161577.41661011998,76501.94471472004
2022-06-28,240604.22394393,164102.27922920996,76501.94471472004
2022-06-29,239709.61875321006,163207.67403849002,76501.94471472004
2022-06-30,238352.96765572004,161851.022941,76501.94471472004
2022-07-01,239115.93420670007,205412.17385003003,33703.76035667004
2022-07-04,239894.13890567,206190.37854899996,33703.76035667004
2022-07-05,239544.93582945006,205841.17547278,33703.76035667004
2022-07-06,241694.69942213007,207990.93906546003,33703.76035667004
2022-07-07,242950.24519793005,209246.48484126,33703.76035667004
2022-07-08,244431.20265861004,210727.44230194,33703.76035667004
2022-07-11,245539.75914180002,211835.99878512998,33703.76035667004
2022-07-12,243539.56997157,209835.80961489995,33703.76035667004
2022-07-13,243255.96773753004,209552.20738086,33703.76035667004
2022-07-14,242397.17560850005,208693.41525183,33703.76035667004
2022-07-15,245605.7169779901,211901.95662132005,33703.76035667004
2022-07-18,248048.97438354007,214345.21402687003,33703.76035667004
2022-07-19,249018.99594278005,215315.23558611,33703.76035667004
2022-07-20,249586.51079588002,215882.75043920998,33703.76035667004
2022-07-21,250776.15834504005,217072.39798837,33703.76035667004
2022-07-22,251181.78234180005,217478.02198513,33703.76035667004
2022-07-25,251190.77364933008,217487.01329266003,33703.76035667004
2022-07-26,248728.71677383003,215024.95641716,33703.76035667004
2022-07-27,249631.71377052006,215927.95341385002,33703.76035667004
2022-07-28,250138.96983236002,216435.20947568998,33703.76035667004
2022-07-29,253040.64400762002,219336.88365094998,33703.76035667004
2022-08-01,257883.19126240007,224179.43090573003,33703.76035667004
2022-08-02,258355.30275643998,224651.54239976994,33703.76035667004
2022-08-03,258104.42419184002,224400.66383516998,33703.76035667004
2022-08-04,258381.07071778004,224677.31036111,33703.76035667004
2022-08-05,260969.70868128006,217595.45935983,43374.249321450035
2022-08-08,262289.48894545,218915.23962399998,43374.249321450035
2022-08-10,262619.35597562,219245.10665416994,43374.249321450035
2022-08-11,263302.70988862007,219928.46056717003,43374.249321450035
2022-08-12,264716.58762998,221342.33830853,43374.249321450035
2022-08-16,266123.48621917004,222749.23689772002,43374.249321450035
2022-08-17,267359.51162723004,223985.26230578002,43374.249321450035
2022-08-18,267647.40274235,224273.1534209,43374.249321450035
2022-08-19,264909.22960017005,221534.98027872,43374.249321450035
2022-08-22,261741.1046704201,218366.85534897007,43374.249321450035
2022-08-23,266521.3626606701,223147.11333922003,43374.249321450035
2022-08-24,270220.9276757801,226846.67835433004,43374.249321450035
2022-08-25,270448.91155298,227074.66223152998,43374.249321450035
2022-08-26,270114.9027869501,226740.65346550007,43374.249321450035
2022-08-29,268418.6386082,225044.38928675,43374.249321450035
2022-08-30,272010.21724973,228635.96792827998,43374.249321450035
2022-09-01,271377.0106124501,228002.76129100003,43374.249321450035
2022-09-02,272345.27220267005,232522.05777562,39823.214427050036
2022-09-05,273655.95543143,233832.74100438,39823.214427050036
2022-09-06,274423.04921227007,234599.83478522004,39823.214427050036
2022-09-07,276359.35866955004,236536.14424249998,39823.214427050036
2022-09-08,278303.49536267004,238480.28093562002,39823.214427050036
2022-09-09,276874.3954619101,237051.18103486006,39823.214427050036
2022-09-12,278896.8538981901,239073.63947114002,39823.214427050036
2022-09-13,278036.10178659006,238212.88735954,39823.214427050036
2022-09-14,278638.73313623003,238815.51870917997,39823.214427050036
2022-09-15,281786.44326996995,241963.22884291993,39823.214427050036
2022-09-16,277003.65417827,237180.43975121996,39823.214427050036
2022-09-19,276952.50416339,237129.28973633997,39823.214427050036
2022-09-20,279835.5752907901,240012.36086374006,39823.214427050036
2022-09-21,275720.78772883,235897.57330177998,39823.214427050036
2022-09-22,276914.74187853007,237091.52745148,39823.214427050036
2022-09-23,272384.6880691301,232561.47364208006,39823.214427050036
2022-09-26,265162.7542737101,225339.53984666002,39823.214427050036
2022-09-27,264965.84685887,225142.63243181998,39823.214427050036
2022-09-28,264865.78774883004,225042.57332178002,39823.214427050036
2022-09-29,265765.33038099,225942.11595393997,39823.214427050036
2022-09-30,269589.66016619,229766.44573913998,39823.214427050036
2022-10-03,265306.19561209006,225482.98118504,39823.214427050036
2022-10-04,271290.71789737005,231467.50347032,39823.214427050036
2022-10-06,274543.28586943,234720.07144237994,39823.214427050036
2022-10-07,277049.99257712,257888.40624842996,19161.586328690042
2022-10-10,275309.6441618,256148.05783310995,19161.586328690042
2022-10-11,270024.88278587005,250863.29645718003,19161.586328690042
2022-10-12,271650.88005107007,252489.29372238004,19161.586328690042
2022-10-13,269303.84149782005,250142.25516913002,19161.586328690042
2022-10-14,268858.86538316,249697.27905446998,19161.586328690042
2022-10-17,272228.36438158003,253066.77805288997,19161.586328690042
2022-10-18,274499.06546962005,255337.47914093002,19161.586328690042
2022-10-19,273142.92166443006,253981.33533574,19161.586328690042
2022-10-20,273718.32441833,254556.73808963996,19161.586328690042
2022-10-21,272448.9223026801,253287.33597399003,19161.586328690042
2022-10-24,276258.96618746,257097.37985876997,19161.586328690042
2022-10-25,277584.3053633,258422.71903461,19161.586328690042
2022-10-27,282273.33882383007,263111.75249514,19161.586328690042
2022-10-28,280491.4471685501,261329.86083986005,19161.586328690042
2022-10-31,281515.80409889,262354.21777019993,19161.586328690042
2022-11-01,280322.43983065005,261160.85350196002,19161.586328690042
2022-11-02,279579.0386405001,260417.45231181005,19161.586328690042
2022-11-03,280940.00096645,261778.41463776,19161.586328690042
2022-11-04,285984.85432835005,279488.3453023,6496.509026050055
2022-11-07,288497.2886206,282000.77959454997,6496.509026050055
2022-11-09,291888.2817240001,285391.7726979501,6496.509026050055
2022-11-10,287970.34808065003,281473.8390546,6496.509026050055
2022-11-11,288951.49596629996,282454.9869402499,6496.509026050055
2022-11-14,289255.5713486501,282759.06232260005,6496.509026050055
2022-11-15,289685.16810995,283188.6590839,6496.509026050055
2022-11-16,289884.9231633001,283388.41413725005,6496.509026050055
2022-11-17,290137.0538596,283640.54483354994,6496.509026050055
2022-11-18,292823.29679915,286326.78777309996,6496.509026050055
2022-11-21,299815.87551950006,293319.36649345,6496.509026050055
2022-11-22,303110.53713385004,296614.0281078,6496.509026050055
2022-11-23,301694.36333520006,295197.85430915,6496.509026050055
2022-11-24,302421.2250525,295924.71602645,6496.509026050055
2022-11-25,306209.69616610004,299713.18714005,6496.509026050055
2022-11-28,307045.0541396001,300548.54511355003,6496.509026050055
2022-11-29,307204.9022543,300708.39322825,6496.509026050055
2022-11-30,306704.2164175,300207.70739144995,6496.509026050055
2022-12-01,309977.50272620004,303480.99370015,6496.509026050055
2022-12-02,312875.26980141015,306009.6556394101,6865.614162000056
2022-12-05,314196.5450027101,307330.93084071,6865.614162000056
2022-12-06,317152.05788059003,310286.44371858996,6865.614162000056
2022-12-07,318534.3689972901,311668.75483529,6865.614162000056
2022-12-08,324573.79892520997,317708.1847632099,6865.614162000056
2022-12-09,317205.14331129,310339.52914928994,6865.614162000056
2022-12-12,322826.3214494101,315960.70728741004,6865.614162000056
2022-12-13,334270.01886459003,327404.40470258996,6865.614162000056
2022-12-14,339102.4875014101,332236.87333941006,6865.614162000056
2022-12-15,337109.0522515001,330243.4380895,6865.614162000056
2022-12-16,330327.2313725001,323461.6172105,6865.614162000056
2022-12-19,329878.16648971004,323012.55232771,6865.614162000056
2022-12-20,324998.85883109,318133.2446690899,6865.614162000056
2022-12-21,317037.9910211101,315540.3322716,1497.6587495100557
2022-12-22,310577.24100191006,309079.5822524,1497.6587495100557
2022-12-23,289256.3423211101,287758.6835716,1497.6587495100557
2022-12-26,312346.78785611,310849.12910659995,1497.6587495100557
2022-12-27,320298.58807611006,318800.9293266,1497.6587495100557
2022-12-28,316492.84208911005,314995.1833396,1497.6587495100557
2022-12-29,316821.08800751006,315323.429258,1497.6587495100557
2022-12-30,323615.78690691,322118.12815739994,1497.6587495100557
2023-01-02,328909.5370539101,327411.8783044,1497.6587495100557
2023-01-03,333938.13632911013,332440.47757960006,1497.6587495100557
2023-01-04,328148.8394365101,326651.18068700004,1497.6587495100557
2023-01-05,328311.5835779101,326813.9248284,1497.6587495100557
2023-01-06,326855.19789462007,322331.84789931,4523.349995310044
2023-01-09,329961.32240546006,325437.97241015,4523.349995310044
2023-01-10,326326.3558554301,321803.00586012006,4523.349995310044
2023-01-11,328319.79149062,323796.44149530993,4523.349995310044
2023-01-12,325901.86360551004,321378.51361019997,4523.349995310044
2023-01-13,328644.0270116101,324120.67701630003,4523.349995310044
2023-01-16,330731.14932182,326207.79932650994,4523.349995310044
2023-01-17,328588.64145152015,324065.2914562101,4523.349995310044
2023-01-18,331998.9026826101,327475.5526873,4523.349995310044
2023-01-19,334016.04653828015,329492.6965429701,4523.349995310044
2023-01-20,330610.8800671401,326087.53007183,4523.349995310044
2023-01-23,329376.2005570201,324852.85056171,4523.349995310044
2023-01-24,326519.5473636501,321996.19736834004,4523.349995310044
2023-01-25,324282.2959959901,319758.94600068004,4523.349995310044
2023-01-27,314481.37865981,313666.67697599996,814.7016838100535
2023-01-30,315153.42212681,314338.72044299997,814.7016838100535
2023-01-31,323279.3541008101,322464.65241700003,814.7016838100535
2023-02-01,314617.70480881,313803.003125,814.7016838100535
2023-02-02,313080.17277181003,312265.471088,814.7016838100535
2023-02-03,310855.90286081005,300128.923418,10726.979442810058
2023-02-06,309516.22829981014,298789.2488570001,10726.979442810058
2023-02-07,308104.80445581005,297377.825013,10726.979442810058
2023-02-08,312591.23619981005,301864.256757,10726.979442810058
2023-02-09,312481.25307871,301754.27363589994,10726.979442810058
2023-02-10,314342.62354581006,303615.644103,10726.979442810058
2023-02-13,310107.18897481007,299380.209532,10726.979442810058
2023-02-14,310266.15511190996,299539.1756690999,10726.979442810058
2023-02-15,311144.8664479101,300417.8870051,10726.979442810058
2023-02-16,312738.6637809101,302011.6843381,10726.979442810058
2023-02-17,312756.5684799101,302029.5890371,10726.979442810058
2023-02-20,311818.40044091013,301091.4209981001,10726.979442810058
2023-02-21,311059.39411981014,300332.4146770001,10726.979442810058
2023-02-22,305487.87567666004,302449.08229399996,3038.7933826600565
2023-02-23,308608.1237106601,305569.330328,3038.7933826600565
2023-02-24,306614.4977574101,303575.70437475,3038.7933826600565
2023-02-27,300569.00154191005,297530.20815925,3038.7933826600565
2023-02-28,304806.97097016015,301768.1775875001,3038.7933826600565
2023-03-01,308469.72154191,305430.92815924995,3038.7933826600565
2023-03-02,306048.8705544101,303010.07717175,3038.7933826600565
2023-03-03,309858.5543494901,191724.07244283002,118134.48190666005
2023-03-06,312444.3058945901,194309.82398793005,118134.48190666005
2023-03-08,314412.36299216,196277.88108549998,118134.48190666005
2023-03-09,315358.6879133301,197224.20600667005,118134.48190666005
2023-03-10,313854.57869909005,195720.09679243,118134.48190666005
2023-03-13,306316.8376325901,301635.24590913,4681.591723460049
2023-03-14,305990.58688583004,301308.99516237,4681.591723460049
2023-03-15,306710.8504109301,302029.25868747005,4681.591723460049
2023-03-16,305315.7903384601,300634.19861500006,4681.591723460049
2023-03-17,307761.55593933,303079.96421586996,4681.591723460049
2023-03-20,304954.41652583005,300272.82480237,4681.591723460049
2023-03-21,306442.0881598301,301760.49643637,4681.591723460049
2023-03-22,309084.68983926007,304403.0981158,4681.591723460049
2023-03-23,307365.84159309004,302684.24986963,4681.591723460049
2023-03-24,302458.0712396601,297776.4795162,4681.591723460049
2023-03-27,300233.32321933005,295551.73149587,4681.591723460049
2023-03-28,299106.39089449006,294424.79917103,4681.591723460049
2023-03-29,305853.66977149004,301172.07804803,4681.591723460049
2023-03-31,310720.25404283,306038.66231936996,4681.591723460049
2023-04-03,318333.30622649007,313651.71450303,4681.591723460049
2023-04-05,317446.7086790901,312765.11695563,4681.591723460049
2023-04-06,319574.23778539005,289786.362982,29787.87480339005
2023-04-10,320401.7691115901,290613.89430820005,29787.87480339005
2023-04-11,321645.09605239006,291857.221249,29787.87480339005
2023-04-12,323141.58919219003,293353.71438879997,29787.87480339005
2023-04-13,324611.28910739,294823.4143039999,29787.87480339005
2023-04-17,325105.26840559003,295317.39360219997,29787.87480339005
2023-04-18,326897.1846451901,297109.3098418,29787.87480339005
2023-04-19,327367.69413859013,297579.81933520007,29787.87480339005
2023-04-20,326547.97480738995,296760.1000039999,29787.87480339005
2023-04-21,326440.15756119014,296652.2827578001,29787.87480339005
2023-04-24,329305.55691739003,299517.68211399997,29787.87480339005
2023-04-25,329531.6000675901,299743.7252642,29787.87480339005
2023-04-26,331112.8147101901,301324.93990680005,29787.87480339005
2023-04-27,336314.7872085901,306526.9124052,29787.87480339005
2023-04-28,338878.28158159,309090.40677819995,29787.87480339005
2023-05-02,339343.6287053901,309555.753902,29787.87480339005
2023-05-03,337176.7992341901,307388.9244308,29787.87480339005
2023-05-04,339197.28073119005,309409.4059278,29787.87480339005
2023-05-05,341785.53101189004,313015.98065532,28769.550356570042
2023-05-08,345661.44337739004,316891.89302082,28769.550356570042
2023-05-09,342528.16572868003,313758.61537211,28769.550356570042
2023-05-10,344268.1343508301,315498.58399426006,28769.550356570042
2023-05-11,346410.96114863997,317641.4107920699,28769.550356570042
2023-05-12,345649.06394426,316879.51358768996,28769.550356570042
2023-05-15,348862.2932482001,320092.74289163004,28769.550356570042
2023-05-16,347531.1326893201,318761.58233275,28769.550356570042
2023-05-17,347737.33595675003,318967.78560018,28769.550356570042
2023-05-18,350499.51539508003,321729.96503851,28769.550356570042
2023-05-19,351121.76764970005,322352.21729313,28769.550356570042
2023-05-22,351314.39162438,322544.84126780997,28769.550356570042
2023-05-23,350281.41131404997,321511.8609574799,28769.550356570042
2023-05-24,352761.0770037701,323991.52664720005,28769.550356570042
2023-05-25,353762.1191722501,324992.56881568005,28769.550356570042
2023-05-26,354811.22817760997,326041.6778210399,28769.550356570042
2023-05-29,354414.6138091301,325645.06345256005,28769.550356570042
2023-05-30,354507.35974533006,325737.80938876,28769.550356570042
2023-05-31,357847.23862151,329077.68826493993,28769.550356570042
2023-06-01,363189.6388995,334420.08854292997,28769.550356570042
2023-06-02,367928.49185195006,350190.58862754004,17737.903224410038
2023-06-05,367220.88411803,349482.98089362,17737.903224410038
2023-06-06,366928.83778085007,349190.93455644004,17737.903224410038
2023-06-07,372408.6360322299,354670.73280781985,17737.903224410038
2023-06-08,371672.2053916501,353934.30216724006,17737.903224410038
2023-06-09,370962.22126803006,353224.31804362003,17737.903224410038
2023-06-12,374634.40713967005,356896.50391526,17737.903224410038
2023-06-13,376667.9897651701,358930.08654076006,17737.903224410038
2023-06-14,377843.39204847,360105.48882405995,17737.903224410038
2023-06-15,382043.52893467003,364305.62571026,17737.903224410038
2023-06-16,383841.21050119004,366103.30727678,17737.903224410038
2023-06-19,386313.2128611501,368575.3096367401,17737.903224410038
2023-06-20,386645.15144241,368907.248218,17737.903224410038
2023-06-21,387425.86934235,369687.96611793997,17737.903224410038
2023-06-22,383856.39986687,366118.49664246,17737.903224410038
2023-06-23,380009.97887179005,362272.07564738,17737.903224410038
2023-06-26,384104.09052097,366366.18729656,17737.903224410038
2023-06-27,387612.61722315004,369874.71399874,17737.903224410038
2023-06-28,390310.49418965005,372572.59096524003,17737.903224410038
2023-06-30,391713.80937675,373975.90615234,17737.903224410038
2023-07-03,393858.6462406501,376120.74301624007,17737.903224410038
2023-07-04,393922.10662441,376184.2034,17737.903224410038
2023-07-05,395945.68981690996,378207.78659249994,17737.903224410038
2023-07-06,399222.36265213,381484.45942772,17737.903224410038
2023-07-07,401105.71849216,379618.68028145,21487.03821071004
2023-07-10,402027.23604179005,380540.19783108,21487.03821071004
2023-07-11,404292.9561010101,382805.91789030004,21487.03821071004
2023-07-12,405913.87950221,384426.84129149996,21487.03821071004
2023-07-13,401561.4251336601,380074.38692295004,21487.03821071004
2023-07-14,405908.38754216005,384421.34933145,21487.03821071004
2023-07-17,406245.16052040993,384758.1223096999,21487.03821071004
2023-07-18,404511.3226991301,383024.28448842006,21487.03821071004
2023-07-19,406661.96844229003,385174.93023158,21487.03821071004
2023-07-20,409112.8857877601,387625.84757705004,21487.03821071004
2023-07-21,407319.06619454006,385832.02798383,21487.03821071004
2023-07-24,410115.43944566,388628.40123494994,21487.03821071004
2023-07-25,409565.6010947101,388078.5628840001,21487.03821071004
2023-07-26,410142.7083572101,388655.67014650005,21487.03821071004
2023-07-27,408544.9615261301,387057.92331542005,21487.03821071004
2023-07-28,410128.9405096301,388641.90229892003,21487.03821071004
2023-07-31,416745.00298476015,395257.9647740501,21487.03821071004
2023-08-01,417461.94084588,395974.90263517,21487.03821071004
2023-08-02,409709.4217925401,388222.3835818301,21487.03821071004
2023-08-03,410024.02945390996,388536.9912431999,21487.03821071004
2023-08-04,415685.5176524301,385830.57593372004,29854.941718710037
2023-08-07,418509.79766299005,388654.85594428,29854.941718710037
2023-08-08,423800.49210001,393945.5503812999,29854.941718710037
2023-08-09,427743.37269271,397888.43097399996,29854.941718710037
2023-08-10,427156.00921299006,397301.06749428,29854.941718710037
2023-08-11,422479.1373504901,392624.19563178,29854.941718710037
2023-08-14,419532.93309393,389677.99137521995,29854.941718710037
2023-08-16,422685.9474674101,392831.00574870006,29854.941718710037
2023-08-17,422247.39636041,392392.45464169997,29854.941718710037
2023-08-18,421877.8678729899,392022.92615427985,29854.941718710037
2023-08-21,422823.72177793004,392968.78005922,29854.941718710037
2023-08-22,425553.16179449006,395698.22007578,29854.941718710037
2023-08-23,426567.53488521004,396712.5931665,29854.941718710037
2023-08-24,425114.42793201003,395259.48621329997,29854.941718710037
2023-08-25,425193.85995443,395338.91823571996,29854.941718710037
2023-08-28,430493.78043193015,400638.8387132201,29854.941718710037
2023-08-29,432133.31168891006,402278.3699702,29854.941718710037
2023-08-30,436492.2314584101,406637.28973970003,29854.941718710037
2023-08-31,436882.79196201003,407027.85024329997,29854.941718710037
2023-09-01,442562.33029404,431145.6432276499,11416.687066390037
2023-09-04,450655.50534420006,439238.81827781,11416.687066390037
2023-09-05,457236.0501696,445819.36310320994,11416.687066390037
2023-09-06,457155.7967822001,445739.10971581005,11416.687066390037
2023-09-07,460200.5228957701,448783.83582938,11416.687066390037
2023-09-08,464518.63545983,453101.94839343993,11416.687066390037
2023-09-11,465374.32963456004,453957.64256817,11416.687066390037
2023-09-12,438906.7442564401,427490.05719005,11416.687066390037
2023-09-13,448223.38717294007,436806.70010655,11416.687066390037
2023-09-14,456294.55311334,444877.86604694993,11416.687066390037
2023-09-15,456286.58513244,444869.89806604997,11416.687066390037
2023-09-18,453769.66936781,442352.98230141995,11416.687066390037
2023-09-20,454346.73643212003,442930.04936572997,11416.687066390037
2023-09-21,446170.31341176,434753.62634536996,11416.687066390037
2023-09-22,443839.73264451005,432423.04557812,11416.687066390037
2023-09-25,447145.94569817005,435729.25863178,11416.687066390037
2023-09-26,447738.1483311701,436321.46126478,11416.687066390037
2023-09-27,450401.7089599501,438985.02189356,11416.687066390037
2023-09-28,447931.4767781199,443121.1144055599,4810.362372560041
2023-09-29,451030.33278092014,446219.9704083601,4810.362372560041
2023-10-03,454368.99088668,449558.62851412,4810.362372560041
2023-10-04,449071.53911916004,444261.1767466,4810.362372560041
2023-10-05,452830.5738629601,448020.2114904001,4810.362372560041
2023-10-06,459534.52301948995,440604.0066933299,18930.516326160043
2023-10-09,447050.7689588901,435344.2231320001,11706.545826890042
2023-10-10,456888.41090988996,445181.8650829999,11706.545826890042
2023-10-11,461198.26616589003,449491.720339,11706.545826890042
2023-10-12,473485.2649068901,461778.71908000007,11706.545826890042
2023-10-13,472483.96045689,460777.41462999996,11706.545826890042
2023-10-16,478765.80715589004,467059.261329,11706.545826890042
2023-10-17,482500.75944089005,470794.213614,11706.545826890042
2023-10-18,472374.56086989,460668.01504299993,11706.545826890042
2023-10-19,468698.95560889004,456992.409782,11706.545826890042
2023-10-20,459266.11183889006,447559.566012,11706.545826890042
2023-10-23,435825.26522089,424118.71939399996,11706.545826890042
2023-10-25,434324.41670089005,422617.870874,11706.545826890042
2023-10-26,432595.4619168901,420888.9160900001,11706.545826890042
2023-10-27,440418.61554589006,428712.069719,11706.545826890042
2023-10-30,441686.31563189,429979.76980499993,11706.545826890042
2023-10-31,439732.76505189,428026.21922499995,11706.545826890042
2023-11-01,439171.91150089004,427465.365674,11706.545826890042
2023-11-02,445590.86162689,433884.3158,11706.545826890042
2023-11-03,452440.29202443,435355.16320594994,17085.128818480043
2023-11-06,456158.97054175,439073.84172326996,17085.128818480043
2023-11-07,463010.59302727995,445925.4642087999,17085.128818480043
2023-11-08,465989.7735853101,448904.64476683,17085.128818480043
2023-11-09,465854.61402273003,448769.48520424997,17085.128818480043
2023-11-10,466591.3848369301,449506.25601845,17085.128818480043
2023-11-12,473521.5780103801,456436.4491919,17085.128818480043
2023-11-13,479137.86382572004,462052.73500724,17085.128818480043
2023-11-15,484157.1632459,467072.03442741995,17085.128818480043
2023-11-16,485773.6959493101,468688.56713083,17085.128818480043
2023-11-17,486065.90273668,468980.77391819993,17085.128818480043
2023-11-20,484901.5876344901,467816.45881601004,17085.128818480043
2023-11-21,482779.64476428006,465694.5159458,17085.128818480043
2023-11-22,480569.21984593006,463484.09102745,17085.128818480043
2023-11-23,481625.21509601,464540.08627752995,17085.128818480043
2023-11-24,482850.2280844301,465765.09926595003,17085.128818480043
2023-11-28,485678.9377423801,468593.8089239,17085.128818480043
2023-11-29,486287.6987049801,469202.5698865,17085.128818480043
2023-11-30,490609.7235203199,473524.59470183984,17085.128818480043
2023-12-01,492861.6637697,0.0,492861.6637697
2023-12-04,492861.6637697,0.0,492861.6637697
2023-12-05,492861.6637697,0.0,492861.6637697
2023-12-06,492861.6637697,0.0,492861.6637697
2023-12-07,492861.6637697,0.0,492861.6637697
2023-12-08,492861.6637697,0.0,492861.6637697
2023-12-11,492861.6637697,0.0,492861.6637697
2023-12-12,492861.6637697,0.0,492861.6637697
2023-12-13,492861.6637697,0.0,492861.6637697
2023-12-14,492861.6637697,0.0,492861.6637697
2023-12-15,492861.6637697,0.0,492861.6637697
2023-12-18,492861.6637697,0.0,492861.6637697
2023-12-19,492861.6637697,0.0,492861.6637697
2023-12-20,492861.6637697,0.0,492861.6637697
2023-12-21,492861.6637697,0.0,492861.6637697
2023-12-22,492861.6637697,0.0,492861.6637697
2023-12-26,492861.6637697,0.0,492861.6637697
2023-12-27,492861.6637697,0.0,492861.6637697
2023-12-28,492861.6637697,0.0,492861.6637697
2023-12-29,492861.6637697,0.0,492861.6637697
