Date,3MINDIA.NS,AARTIIND.NS,ABB.NS,ABBOTINDIA.NS,ABFRL.NS,ABREL.NS,ACC.NS,ACE.NS,ADANIENT.NS,ADANIGREEN.NS,ADANIPORTS.NS,ADANITRANS.NS,ADVENZYMES.NS,AFFLE.NS,AIAENG.NS,AJANTPHARM.NS,AKZOINDIA.NS,ALEMBICLTD.NS,ALKEM.NS,ALLCARGO.NS,AMBUJACEM.NS
2018-01-01,19367.5,246.54593095,1287.3105318,5383.1499,58.42714605,625.39022,1809.95,156.25,107.80879998,,423.79999,209.64999,302.60001,,1597.75,1015.43333333,1864.85,49.34061695,2220.3,14.80906298,273.89999
2018-01-08,17853.801,237.22621675,1325.6132004,5451.1499,58.06505904,623.538019,1804.95,167.55,111.60430066,,423.29999,220.35001,310.04999,,1641.1,1001.6,1926.85,50.50843966,2258.8501,15.02891453,269.39999
2018-01-15,18182.15,237.22621675,1422.5359953,5488.1001,55.13547585,614.233433,1829.5,151.55,111.4647604,,433.45001,228.35001,289.70001,,1599.8,1040.03333333,1877.2,52.92750785,2218.95,13.35254715,268.60001
2018-01-22,18854.801,227.042981,1488.4219674,5541.0498,54.97089234,609.635616,1726.4,185.45,119.66972216,,436.5,216.45,284.14999,,1600.45,995.53333333,1868.2,56.34756907,2202.25,13.62736158,263.0
2018-01-29,18317.5,229.66513788,1505.6895639,5534.9502,51.53109698,563.722822,1679.8,158.85001,110.06935779,,417.95001,193.8,249.8,,1428.9,926.66666667,1809.85,50.67527267,2195.0,13.03994504,259.54999
2018-02-05,18924.449,239.93261963,1426.9762344,5604.5498,51.48171864,550.147278,1660.95,167.85001,117.26964084,,399.0,205.0,254.2,,1446.7,944.33333333,1772.3,51.84309955,2179.2,13.23231583,258.89999
2018-02-12,19922.35,246.20894693,1358.6683137,5518.1499,51.0208881,521.16578,1650.6,184.39999,115.98586485,,405.45001,203.8,241.14999,,1450.05,927.83333333,1828.95,50.9255201,2164.3999,12.07122415,257.04999
2018-02-19,20733.801,246.50380795,1366.3826685,5811.2998,49.68776167,520.664596,1651.45,182.35001,114.06021483,,406.5,209.39999,229.7,,1474.25,916.3,1758.15,50.96722731,2181.3,12.2051955,260.20001
2018-02-26,21012.801,246.89344572,1368.0870027,5744.25,49.35859465,533.019867,1633.8,186.5,111.15776624,,406.10001,204.2,241.2,,1443.5,932.03333333,1796.75,52.09334698,2224.95,12.30825091,253.14999
2018-03-05,20253.1,245.99833192,1289.6427786,5616.8999,47.43297087,494.341552,1531.85,170.64999,87.12894448,,377.89999,182.75,214.55,,1446.3,881.1,1756.1,51.25918611,2216.8501,10.96853053,235.39999
2018-03-12,19991.6,243.43935955,1199.1336624,5518.2002,46.41254982,515.957827,1567.95,182.39999,89.58484749,,370.5,190.85001,226.45,,1347.05,940.3,1771.55,51.88480676,2158.2,10.89295725,234.75
2018-03-19,19216.85,221.8302595,1146.2993022,5365.5498,44.70088132,491.02938,1528.55,164.5,85.09165109,,362.39999,191.60001,212.39999,,1403.65,908.76666667,1762.8,45.37835283,2087.3501,10.13034718,227.2
2018-03-26,19412.85,241.53329371,1161.3243537,5452.9502,49.65484826,497.958791,1507.5,167.64999,87.29638163,,354.10001,193.7,213.2,,1441.4,926.9,1789.55,44.46077338,1988.35,10.11317128,232.95
2018-04-02,20715.801,248.87322681,1158.3641943,5712.1001,48.89776082,529.664114,1553.25,179.7,97.1966144,,379.29999,178.85001,234.45,,1429.35,930.1,1909.85,46.2125137,1835.9,10.40172576,238.64999
2018-04-09,20918.35,259.70936909,1140.7377906,6484.1499,47.95963481,530.317832,1536.45,173.39999,90.47884525,,383.10001,176.55,228.45,,1420.15,910.0,1917.4,48.88182514,1784.15,10.45325346,236.64999
2018-04-16,20477.35,275.08426483,1143.1597392,6150.0,48.40401029,534.24014,1561.65,180.25,89.37545111,,381.14999,172.35001,232.35001,,1415.1,910.0,1922.25,47.04667457,1783.35,10.28836549,246.60001
2018-04-23,20479.199,279.25444203,1201.7798655,6157.75,47.82796801,544.656047,1559.6,183.2,92.03659381,,402.45001,169.55,254.60001,,1435.65,902.3,1915.75,48.4647447,1969.05,9.85896793,244.89999
2018-04-30,20451.449,275.46337185,1153.565148,6269.6499,47.46588428,485.167709,1527.75,179.10001,82.17089405,,408.25,164.8,242.64999,,1409.0,799.5,1918.05,44.46077338,2018.25,9.29559833,236.7
2018-05-07,20400.65,279.46505704,1116.9219627,6341.2002,49.5725565,482.988649,1466.55,179.10001,82.94976508,,412.70001,164.8,238.14999,,1462.35,706.46666667,1941.05,43.33465787,2005.85,8.82841379,217.14999
2018-05-14,19870.75,265.48022037,1091.0878443,6727.8501,47.28483913,464.662754,1374.35,173.85001,76.97842049,,389.5,128.14999,226.2,,1564.4,682.0,1947.35,42.95928465,1970.75,8.90055258,210.45
2018-05-21,19914.35,263.047617,1045.474479,6598.8501,47.6633845,414.261097,1322.85,170.5,81.0025875,,379.89999,129.39999,219.75,,1565.85,665.36666,1902.15,39.53922676,1955.95,8.40932177,211.60001
2018-05-28,19353.551,258.55098653,1079.8751193,6664.2002,47.89380141,398.0271,1326.7,159.25,77.59502672,,387.60001,135.0,217.85001,,1562.2,627.10001333,1936.3,35.74379148,1931.8,8.10015553,203.55
2018-06-04,18944.5,247.17777598,1120.3306311,6365.3999,45.82004918,411.319366,1315.1,144.7,81.97617629,,380.5,137.85001,220.14999,,1545.65,650.89998667,1824.55,34.45084297,1953.35,7.82877628,206.0
2018-06-11,19579.051,272.4305157,1089.6077646,6519.6499,46.59359168,398.157843,1302.1,149.95,85.96789034,,372.95001,149.14999,225.95,,1549.6,733.56666667,1890.05,37.78748644,1955.5,7.6844987,204.95
2018-06-18,20073.15,258.01391825,1087.4100705,7423.2998,46.95567211,396.21848,1294.65,141.3,84.60487252,29.450001,365.79999,164.0,215.7,,1518.6,692.2,1884.8,34.78450899,1960.4,7.40624908,204.95
2018-06-25,19637.1,258.84584754,1057.135713,7238.2002,45.42504876,387.306124,1339.9,126.2,73.44104788,26.799999,373.14999,156.14999,216.7,,1500.1,655.13334,1841.55,32.99106146,1891.15,7.26540668,207.45
2018-07-02,19861.35,253.69631054,1053.3233865,7172.4502,45.70484402,400.445856,1373.7,122.9,72.01311765,30.35,365.75,160.3,211.10001,,1541.6,672.96666667,1877.1,32.94935425,1880.05,7.93526687,207.55
2018-07-09,19944.949,262.0050727,1093.1061348,7100.2998,44.99713163,387.938052,1337.65,143.35001,85.05920746,31.450001,370.39999,160.85001,212.35001,,1606.2,684.73333333,1882.8,32.4905666,1901.4,7.83908182,196.89999
2018-07-16,23338.75,255.99201416,1018.0705791,7311.9502,44.45400605,381.466244,1293.0,129.05,105.76419577,35.400002,370.04999,150.39999,202.10001,,1599.95,679.5,1812.3,30.78053766,1841.8,7.42342498,194.3
2018-07-23,23609.801,263.77423878,1066.0161912,7612.5498,46.0833828,410.513113,1535.0,136.64999,127.15068975,52.349998,394.64999,168.2,208.14999,,1649.25,730.2,1849.05,33.19960167,2116.6001,8.08984999,225.10001
2018-07-30,23948.699,270.52444986,1080.0993738,8071.0,56.27110207,397.155476,1518.65,153.0,128.61107294,69.849998,399.54999,168.35001,217.45,,1701.0,770.16666667,1849.1,36.03575029,2195.75,8.67726585,226.10001
2018-08-06,24453.0,293.44989372,1082.2073661,7996.5498,59.11840008,392.492287,1545.3,146.25,129.26013213,66.0,379.29999,163.95,220.0,,1714.4,764.06666667,1749.6,35.99404308,2059.8,8.11046108,227.7
2018-08-13,25223.449,295.0084448,1100.3271297,7764.75,63.4798631,401.055993,1593.95,142.39999,131.79146948,54.700001,374.10001,167.60001,211.2,,1824.85,797.26666667,1732.4,38.4548143,2093.5,8.31313672,228.64999
2018-08-20,25418.801,294.071208,1183.4806983,7599.0498,66.50819639,402.77745,1640.85,134.39999,135.52355985,55.549999,376.75,170.0,209.2,,1718.25,820.0,1736.85,38.37139988,2049.6001,8.26847937,236.7
2018-08-27,25945.0,289.59563903,1173.6583512,8330.75,65.33965347,426.289508,1638.75,135.5,146.2005836,57.400002,383.14999,228.89999,209.45,,1758.75,847.16666667,1716.25,39.58093397,2114.7,8.11046108,241.35001
2018-09-03,25383.949,285.67819984,1208.1935442,8424.1504,65.33965347,408.900609,1571.95,139.2,152.61882563,55.700001,377.45001,197.14999,221.3,,1731.3,848.26666667,1730.7,42.08341657,2201.25,8.06236855,227.5
2018-09-10,25099.6,278.93851952,1299.2408712,8388.0996,63.21652619,405.937087,1602.25,129.45,146.07178396,55.25,380.10001,185.7,212.55,,1763.5,809.03333333,1712.35,44.12711153,2095.8501,7.97992422,229.8
2018-09-17,24513.75,272.87280722,1284.4849251,8240.5,60.20464467,385.148855,1539.6,116.25,134.28709924,49.25,361.75,182.89999,199.05,,1788.0,738.76666667,1646.95,37.91261224,2083.6499,7.11769392,225.45
2018-09-24,22568.051,244.77676486,1264.6159764,7773.5498,60.40214817,358.041349,1552.35,99.449997,126.67314196,40.849998,328.89999,160.39999,188.85001,,1778.1,709.16666667,1603.35,35.20158942,2054.95,7.01807369,223.55
2018-10-01,21917.199,252.64323549,1233.1754955,7317.4502,59.54631063,332.786043,1478.6,86.550003,126.28515942,33.650002,301.79999,148.89999,175.2,,1697.95,679.66666667,1561.85,34.951342,2038.9,6.61959262,208.45
2018-10-08,22557.65,272.62006921,1173.9723075,7485.2002,61.10985397,354.075459,1503.2,91.900002,139.52474228,35.099998,323.14999,156.3,192.14999,,1518.4,683.06666667,1610.3,34.8262162,1966.4,6.78448141,219.60001
2018-10-15,21840.65,262.33152596,1140.6480888,7224.9502,59.87547765,333.853783,1424.4,101.25,163.67604187,37.400002,315.35001,160.05,195.75,,1524.5,668.23333333,1590.75,33.65838932,1952.85,6.35164847,209.2
2018-10-22,19360.6,263.31088576,1105.7092377,6917.8999,58.47651781,336.098214,1349.65,94.650002,161.73617768,36.200001,304.10001,155.64999,176.7,,1699.15,651.56665333,1499.95,32.86593983,1940.3,6.87723129,190.45
2018-10-29,20282.85,291.29108987,1182.4042767,7609.2998,63.79256848,371.398986,1449.9,103.1,170.32008646,41.299999,333.60001,178.95,191.14999,,1730.0,723.53333333,1555.05,38.4548143,1908.9,6.96998116,204.05
2018-11-05,20398.65,292.0071809,1173.3443949,7524.1001,62.32777853,389.092954,1464.05,102.1,161.29970823,45.25,337.60001,176.3,190.64999,,1752.0,718.2,1603.0,37.07845137,1912.75,7.4371657,205.3
2018-11-12,20524.25,302.47474691,1186.6651122,7631.7002,63.10131773,392.819146,1501.4,91.800003,156.59553755,42.349998,347.45001,216.0,190.14999,,1681.55,746.4,1590.85,35.07646362,1948.9,7.44060088,217.25
2018-11-19,20825.801,309.66724951,1206.8031663,7362.75,63.08485609,390.683667,1456.5,96.25,153.73423785,45.650002,368.14999,235.14999,188.55,,1570.3,738.3,1587.0,36.24429051,1938.4,7.25166596,214.64999
2018-11-26,21634.0,302.42209316,1263.6292566,7420.1499,59.59568897,401.382852,1485.5,92.099998,160.0387965,46.75,365.64999,225.10001,184.8,,1699.85,779.03333333,1579.35,36.16087192,1912.65,7.21387897,217.45
2018-12-03,21816.6,305.04425003,1252.1474262,7495.2002,59.77673412,379.810158,1443.05,89.0,148.30260839,44.450001,373.45001,217.8,172.8,,1676.65,699.8,1551.5,36.45283072,1894.0,7.18983271,212.45
2018-12-10,22950.051,302.53793141,1282.8254418,7556.0,65.58652874,403.431168,1497.65,94.0,152.37634261,44.150002,368.60001,219.0,178.89999,,1621.4,732.63333333,1578.6,35.9523317,1878.85,7.37876764,219.45
2018-12-17,22059.699,305.33911105,1168.5453486,7410.0,67.4792391,397.961728,1490.05,93.449997,154.55868983,42.5,361.10001,208.35001,182.05,,1612.05,754.96666667,1634.95,38.03773387,1852.35,7.69823942,220.7
2018-12-24,20974.1,299.32605251,1178.0537394,7470.9502,67.42986734,400.467647,1479.7,91.349998,156.69253076,41.700001,387.39999,197.05,177.14999,,1679.65,791.7,1679.6,40.87388248,1905.1,7.45434161,220.95
2018-12-31,20357.4,308.20347519,1169.3975157,7504.5,65.32319512,395.86983,1469.1,98.599998,147.96314186,40.549999,382.14999,200.10001,170.95,,1648.45,752.73333333,1785.8,38.7050659,1950.05,7.32723993,216.55
2019-01-07,20824.5,326.39008132,1207.0274208,8083.4502,68.2198649,389.485184,1458.65,96.0,146.94471315,39.75,377.14999,221.39999,170.3,,1659.3,773.16666667,1725.45,37.4538246,1967.3,7.56426738,212.85001
2019-01-14,20984.5,326.35848907,1144.6846698,8098.3501,66.90319682,384.451556,1439.75,95.75,142.33753568,38.75,399.29999,216.0,170.39999,,1682.35,760.53333333,1725.3,36.99503278,1897.25,7.63984135,212.64999
2019-01-21,20466.85,325.9267283,1125.3987828,8205.2998,65.96506752,364.600319,1375.0,88.599998,133.22018363,35.099998,373.85001,207.89999,155.5,,1612.1,751.23333333,1725.1,35.70208427,1889.65,7.33754547,202.35001
2019-01-28,20293.5,343.79741191,1141.1862996,8098.8999,68.77944883,345.01057,1415.55,86.900002,138.7002903,35.75,338.45001,215.14999,164.39999,,1599.85,655.19999333,1729.55,33.86692953,1888.45,7.10738838,212.5
2019-02-04,21332.449,332.59269337,1125.8921427,8042.0,69.76694989,329.212385,1395.45,84.599998,120.02909737,33.900002,331.5,215.39999,165.25,,1661.2,640.60001333,1720.0,33.99205533,1903.6,6.94937008,213.25
2019-02-11,20908.85,300.40018906,1118.4917442,7442.4502,71.80778212,310.930071,1352.45,75.650002,116.19786558,31.0,350.14999,214.39999,159.2,,1695.55,649.5,1697.6,33.32472747,1796.7,7.07990693,204.8
2019-02-18,23362.5,296.91451064,1119.7475694,7230.5498,72.49903616,339.759035,1383.7,75.75,124.19980541,32.700001,354.29999,213.45,153.85001,,1701.4,656.16666667,1727.85,34.49255018,1809.65,7.05929585,210.95
2019-02-25,23011.5,295.96674309,1116.338901,7333.3999,73.55237062,362.050819,1481.7,83.800003,129.82542128,34.200001,333.20001,204.75,150.10001,,1776.4,658.03332667,1763.65,34.86792341,1780.05,6.9459349,217.45
2019-03-04,24848.15,310.5623633,1135.624788,7363.8501,73.53590898,373.185816,1574.55,96.25,134.04461622,35.0,342.14999,206.8,189.95,,1829.8,637.60001333,1711.2,34.90963062,1750.0,7.16235127,226.14999
2019-03-11,23742.051,300.03161279,1169.5320684,7291.5,74.75383353,386.979265,1531.85,102.8,137.58487808,37.799999,367.10001,235.2,183.3,,1759.25,676.13333333,1740.15,35.49354406,1760.4,8.24786829,225.35001
2019-03-18,23585.0,308.89850472,1202.00412,7383.8501,74.04612115,389.572347,1582.95,101.5,134.09311282,36.0,360.75,224.64999,174.45,,1712.3,670.8,1752.8,35.70208427,1717.7,7.97992422,229.85001
2019-03-25,24260.85,332.27677085,1180.475688,7304.7998,72.53195615,406.656177,1666.3,114.6,142.33753568,37.150002,378.14999,217.39999,182.60001,,1796.1,690.13333333,1802.85,35.03475641,1750.85,7.90778543,235.3
2019-04-01,23861.65,342.28098384,1235.6871459,7302.2002,72.08757738,403.104309,1664.45,113.7,142.48301579,36.650002,387.14999,219.7,190.85001,,1709.75,684.0,1834.55,34.90963062,1751.55,7.5780081,224.0
2019-04-08,24791.551,341.87028457,1282.0629765,7400.2998,74.60570179,403.213262,1656.4,110.8,137.14838924,37.0,385.64999,221.45,187.95,,1773.35,679.7,1761.8,35.66037706,1755.85,8.0177112,229.14999
2019-04-15,24979.199,342.39682209,1288.8354624,7825.1001,72.81174482,409.902977,1699.45,104.8,134.43259876,45.0,390.54999,224.35001,191.55,,1807.55,684.66666667,1763.55,36.49453793,1721.15,7.99022976,233.39999
2019-04-22,23510.9,344.82942546,1328.5733598,7467.5,69.22382431,401.66613,1635.35,101.15,127.44906824,43.0,391.75,218.2,191.2,,1803.2,684.43333333,1710.55,35.61866986,1710.1,7.842517,226.0
2019-04-29,22844.35,333.10870014,1339.4721285,7387.9502,68.13757314,410.600276,1633.9,98.0,124.44228843,41.900002,387.25,216.39999,190.95,,1759.9,701.13333333,1665.9,35.20158942,1704.1,7.13143464,221.7
2019-05-06,22936.6,333.80372968,1235.3283387,7276.0,69.24028595,405.000092,1602.35,92.849998,116.391852,39.099998,372.54999,208.25,175.39999,,1742.4,712.23333333,1669.05,34.90963062,1735.9,7.12456428,214.75
2019-05-13,22758.65,332.08721734,1247.8417398,7401.7002,65.0269448,397.460544,1606.6,90.400002,115.71289953,37.400002,367.10001,205.39999,168.0,,1647.3,684.0,1620.0,33.28302026,1691.95,6.92532381,219.0
2019-05-20,23836.1,378.80162661,1342.7910951,7909.1499,66.68924154,449.213219,1704.9,109.45,151.69737074,42.299999,410.25,227.5,200.85001,,1755.35,692.83333333,1711.15,34.8262162,1711.0,7.5436563,231.64999
2019-05-27,22741.801,393.67104633,1407.6903474,7777.5498,69.43778287,447.404599,1686.0,106.8,150.09699248,43.299999,416.39999,235.89999,214.55,,1788.4,697.03333333,1738.25,36.16087192,1794.35,7.81160037,230.60001
2019-06-03,22497.551,375.67399371,1403.0707047,7965.3501,71.82424376,434.025171,1596.5,100.65,146.79923303,43.25,425.20001,222.60001,210.2,,1826.55,667.76666667,1768.2,37.49553181,1817.7,7.43373052,222.25
2019-06-10,22462.551,368.92378263,1355.7978561,8606.7002,69.25673772,417.464315,1549.0,100.55,147.86614864,42.599998,426.39999,233.2,182.5,,1728.0,640.19999333,1800.3,34.24230276,1819.6,7.29975848,214.2
2019-06-17,23529.6,371.60912401,1398.4959129,8504.1504,69.24028595,409.772233,1532.45,94.349998,142.38603228,41.25,402.0,225.14999,170.89999,,1759.35,636.36666,1725.15,34.61767598,1760.45,7.03868477,212.85001
2019-06-24,23215.801,374.4840189,1437.4264941,8887.9502,70.88612105,413.542007,1562.15,95.25,145.97478105,44.400002,410.20001,224.14999,169.75,,1793.55,637.19999333,1796.8,36.41112351,1669.0,7.32036957,212.85001
2019-07-01,22753.75,377.47424827,1383.1569051,8892.0,68.64778202,406.02425,1546.85,94.300003,142.87099833,47.599998,402.45001,225.25,168.45,,1803.55,628.96667333,1760.1,36.0774575,1737.4,6.92532381,210.2
2019-07-08,21930.199,363.67108546,1346.2894653,8897.25,68.73007378,403.518331,1575.4,86.599998,136.08147363,49.549999,415.29999,222.8,160.8,,1748.9,599.63334,1753.3,35.86891728,1800.85,6.74325939,214.2
2019-07-15,21884.85,355.09015536,1269.3701718,8572.7998,67.75903436,399.922882,1543.65,79.900002,127.44906824,45.799999,405.5,210.35001,159.39999,,1755.2,622.19999333,1727.65,35.45183685,1798.45,6.84287935,214.0
2019-07-22,20903.4,355.02514831,1239.7237269,8571.7002,64.79653118,397.852775,1581.95,78.150002,127.88555708,49.599998,381.64999,215.39999,157.25,,1722.4,600.69999333,1726.35,36.2025833,1815.15,6.928759,213.45
2019-07-29,20842.65,361.18998319,1226.9412204,8499.2998,61.80110801,381.618778,1517.45,74.5,124.24831171,46.849998,375.45001,206.64999,152.8,,1709.4,637.60001333,1681.3,35.74379148,1680.35,6.50279676,199.5
2019-08-05,21225.949,382.90233663,1252.8650406,9048.8496,67.90715623,396.283852,1574.6,69.150002,128.41900034,46.400002,376.60001,218.14999,155.39999,168.609998,1680.05,635.13334,1732.35,37.16186579,1762.5,6.66081471,212.95
2019-08-12,20913.4,344.89488361,1218.8232075,9114.25,62.22902513,394.932834,1591.55,63.950001,128.85548918,46.849998,357.35001,211.35001,151.2,161.180004,1649.0,664.66666667,1707.25,41.91658357,1761.85,6.5337131,213.89999
2019-08-19,20538.9,323.43172386,1201.8247164,8790.8496,62.26193854,360.28578,1468.75,53.049999,127.35208473,43.849998,349.35001,223.39999,144.75,155.5,1599.5,642.56665333,1700.7,41.99999799,1772.35,6.20393612,197.3
2019-08-26,20233.449,344.86238009,1200.6137421,9148.5996,62.39360864,371.115709,1519.85,57.549999,133.22018363,46.400002,365.70001,234.14999,147.60001,167.859998,1534.65,681.83333333,1720.7,35.200001,1817.7,6.22454686,202.35001
2019-09-02,20515.35,342.60880249,1183.4358474,9726.25,63.90777364,370.592734,1463.25,65.300003,133.60814678,45.099998,365.75,238.3,153.7,168.5,1507.2,688.73333333,1704.2,39.700001,1835.9,6.28981564,194.7
2019-09-09,20352.551,343.08552083,1209.2251149,9833.25,62.31131689,401.535386,1526.65,70.699997,141.36760358,50.25,374.20001,235.60001,163.2,179.230004,1572.15,706.2,1700.3,44.849998,1839.65,6.95967562,201.0
2019-09-16,20224.449,351.86147207,1263.9880638,10219.15,66.17902937,415.176302,1633.85,66.900002,144.61688581,51.599998,380.70001,221.55,161.5,194.590002,1649.55,706.13333333,1793.6,51.349998,1948.2,6.96998116,215.2
2019-09-23,20517.4,352.46820016,1386.2067663,10688.8,67.57798921,399.051258,1634.6,76.199997,144.95635234,57.349998,408.60001,233.64999,164.45,240.48,1787.35,703.33333333,1978.65,55.0,1929.4,7.61923027,207.05
2019-09-30,19722.25,328.87063806,1313.2792029,10826.7,68.66424366,379.396137,1488.1,74.699997,135.790494,65.150002,394.60001,226.55,149.25,222.58,1667.5,664.06665333,1880.4,45.599998,1938.95,7.22761969,189.64999
2019-10-07,20021.051,333.48614701,1330.4122467,10989.25,67.62736426,393.85,1443.1,78.099998,132.83220109,78.75,409.04999,222.14999,147.60001,237.4,1677.6,647.43334667,1841.7,46.099998,1947.3,6.74669422,189.2
2019-10-14,21792.25,348.67612247,1396.0291134,10704.5,68.86174058,400.05,1553.55,80.099998,169.83512041,89.599998,421.70001,238.10001,154.14999,239.58,1749.5,674.9,2008.15,47.650002,1958.95,6.9631108,207.64999
2019-10-21,22249.15,380.31288495,1359.5204808,11897.35,68.64778202,415.2,1528.95,81.0,177.88553744,90.199997,399.79999,264.04999,164.60001,293.26,1673.9,659.83333333,2048.7,51.849998,1969.3,6.79822193,197.55
2019-10-28,22202.1,380.24789091,1308.6147093,11620.15,69.45424122,410.55,1542.2,82.800003,194.42288944,89.949997,389.75,277.45001,189.45,279.43,1679.85,708.53333333,2090.1001,53.799999,2000.15,7.13486982,201.60001
2019-11-04,22392.9,351.99149049,1312.0682286,11502.95,67.34757558,391.45,1506.4,85.150002,201.79437341,86.699997,386.14999,286.85001,178.10001,279.15,1686.0,659.19999333,2152.7,49.950001,2034.25,6.99059224,202.25
2019-11-11,22259.051,348.95782834,1315.3423443,12365.0,70.47466227,416.05,1485.55,83.25,197.47818526,95.5,366.29999,268.95001,166.8,327.68,1647.25,647.16666667,1930.7,52.099998,2058.25,6.50966698,201.0
2019-11-18,22415.301,357.77710894,1264.8402309,12573.4,72.23570254,453.45,1469.9,75.849998,197.33268575,106.7,371.45001,263.35001,167.95,337.83,1635.6,667.0,1929.95,51.75,2078.8,6.4993613,200.8
2019-11-25,22241.75,365.62130551,1298.7026604,12578.4,74.14487126,462.95,1522.15,77.800003,208.43839859,137.10001,382.04999,310.14999,165.55,304.29,1644.25,664.60001333,1935.05,52.75,2029.1,6.40661156,204.64999
2019-12-02,21672.199,338.62169499,1294.0381668,12801.3,74.27653477,488.1,1482.5,69.650002,200.29097865,126.4,366.14999,318.89999,161.8,293.81,1648.95,652.93334667,1917.2,52.150002,2079.3501,6.681426,200.89999
2019-12-09,20750.35,337.97162453,1334.0900205,12982.15,75.54383109,501.25,1465.1,72.300003,205.81959162,132.64999,376.95001,331.54999,157.75,298.39,1646.1,653.03332667,1961.75,51.099998,2075.6001,6.58180597,197.89999
2019-12-16,21320.65,331.21090039,1262.0,12984.65,77.27195795,488.4,1446.15,70.099998,212.22114348,135.10001,372.29999,341.89999,163.95,287.72,1602.6,635.76668,1946.6,55.799999,2035.1,6.45126905,194.45
2019-12-23,21476.25,361.91588654,1278.1,13194.25,76.63008226,480.3,1451.3,71.599998,202.81281181,151.0,363.70001,330.10001,163.0,311.44,1683.55,638.89998667,1941.4,56.099998,2017.15,6.62302807,194.89999
2019-12-30,21335.85,364.34282927,1322.25,13248.25,78.96716481,476.85,1476.3,83.199997,202.03685643,192.60001,382.5,346.54999,169.39999,312.49,1648.6,651.76668,1982.55,59.950001,2094.6499,6.95280526,203.39999
2020-01-06,21432.5,374.3755704,1372.4,12534.7,76.94279093,508.0,1511.2,81.0,202.81281181,220.55,392.04999,329.75,168.75,312.55,1638.3,689.5,1975.7,55.150002,2257.8501,6.84287935,211.75
2020-01-13,22346.9,372.5987198,1302.75,12561.45,77.58466661,530.7,1512.35,89.550003,221.53248194,188.64999,387.60001,340.75,181.7,318.21,1668.45,757.9,2045.05,56.700001,2338.2,7.20013825,210.39999
2020-01-20,22338.449,368.63328132,1329.05,12597.25,77.30487794,629.3,1565.9,87.050003,222.84189998,190.25,384.75,333.29999,182.55,304.53,1745.25,786.83333333,2010.0,56.200001,2346.95,7.71198014,215.95
2020-01-27,22261.6,418.47201674,1281.25,12319.3,76.58070391,593.0,1426.6,80.400002,216.10087188,186.85001,362.29999,332.20001,165.05,337.25,1818.6,753.26666667,2029.25,55.450001,2354.3501,7.55052666,195.35001
2020-02-03,24064.949,428.56979525,1328.95,14103.15,85.89613716,609.15,1502.7,83.150002,232.29873795,213.0,369.54999,329.75,175.3,339.19,1922.8,912.96666667,2081.05,53.349998,2502.5,7.6673228,209.8
2020-02-10,22299.949,438.92757594,1233.1,14785.05,87.39384381,583.25,1440.4,77.300003,248.44809772,206.8,366.85001,328.45001,166.05,392.26,1874.05,942.93333333,2380.8,51.0,2649.3,7.62266545,205.64999
2020-02-17,21683.4,450.95387949,1230.9,15527.65,91.59072332,601.45,1423.45,75.800003,250.87292797,194.85001,370.85001,325.29999,161.39999,440.31,1890.0,963.6,2415.75,53.099998,2658.7,7.94557241,205.39999
2020-02-24,20575.25,423.00084529,1185.0,15718.95,82.75258554,506.75,1320.85,70.050003,212.07564397,154.95,342.20001,251.89999,152.39999,359.78,1788.65,923.43333333,2350.55,48.099998,2625.5,7.46464715,205.05
2020-03-02,22601.85,427.05296417,1191.9,15589.15,81.94612963,510.1,1300.95,63.200001,208.29291848,144.89999,341.39999,235.85001,145.35001,330.64,1789.1,968.96666667,2441.95,47.5,2614.0,7.35815655,205.10001
2020-03-09,19682.35,378.16764809,1006.8,14973.95,74.72091354,433.95,1179.45,50.299999,144.27739988,123.4,292.75,177.39999,124.15,297.0,1777.1,844.23333333,2376.8,44.549999,2413.8501,6.38600028,187.75
2020-03-16,17366.301,332.83607654,949.54999,14736.8,61.34027747,303.85,1127.9,42.400002,133.55965017,142.35001,256.39999,195.64999,112.85,228.43,1377.75,802.86666667,2144.3,37.799999,2348.6001,4.71306746,160.39999
2020-03-23,17648.6,331.92598656,852.5,14146.1,55.00381233,282.4,959.15002,37.299999,124.1513088,148.75,251.3,186.64999,116.3,189.309998,1243.75,825.7,2115.3,35.650002,2344.95,4.34550329,141.55
2020-03-30,17490.1,342.67381387,934.15002,15810.5,48.04192657,286.1,962.59998,31.6,125.16973751,151.89999,244.8,193.95,131.3,191.109998,1277.1,875.03333333,2066.6499,37.25,2267.05,4.04664272,153.0
2020-04-06,18941.85,394.93947035,926.84998,17884.6,49.11171938,325.55,999.5,36.049999,138.16682764,174.75,251.89999,197.45,140.05,221.22,1260.75,938.73333333,2083.6001,45.450001,2709.0,4.5722254,158.8
2020-04-13,19700.301,409.08934607,924.90002,16918.5,47.03796387,348.35,1172.8,45.75,139.57321949,198.95,268.14999,207.7,160.45,268.88,1440.05,902.43333333,2202.3999,45.75,2678.55,5.54094622,172.95
2020-04-20,19130.449,401.6785298,893.45001,16439.949,39.434209,284.05,1156.6,45.450001,130.60134757,195.95,270.64999,196.05,140.8,290.13,1487.45,962.66666667,1989.25,52.549999,2734.45,4.78520652,167.95
2020-04-27,19400.199,477.75845154,900.54999,17730.75,38.05170751,292.05,1179.1,46.950001,137.14838924,210.45,290.10001,206.85001,145.89999,286.33,1608.15,991.46666667,2085.8501,50.400002,2599.3999,5.16651121,171.64999
2020-05-04,18618.699,461.48502097,846.59998,17704.75,35.17149609,266.1,1153.8,42.900002,133.02617782,212.25,285.04999,196.3,140.05,263.96,1565.4,969.33333333,1930.05,48.75,2587.95,4.73711365,169.35001
2020-05-11,17675.5,444.66986502,822.70001,17619.551,34.26628678,274.85,1194.2,44.0,136.80892271,230.25,309.25,195.10001,156.75,263.72,1631.05,998.0,1855.45,53.799999,2473.3501,4.75772494,181.8
2020-05-18,17683.15,446.23003413,730.09998,16423.9,36.58691427,271.15,1227.1,42.150002,133.94763271,239.64999,310.60001,180.85001,152.89999,310.0,1647.9,1008.16666667,1798.5,51.849998,2497.8999,4.6134475,186.95
2020-05-25,18299.15,423.04419632,744.25,16723.4,39.4671257,285.6,1270.2,45.299999,143.88943673,248.60001,323.79999,173.89999,150.0,308.04,1663.85,1015.96666667,1878.9,51.200001,2262.8999,4.70963262,191.55
2020-06-01,17979.25,393.8343549,877.5,17163.551,45.70484402,317.9,1297.35,49.549999,147.86614864,284.25,341.14999,182.35001,155.89999,298.29,1682.95,976.46666667,1896.4,53.950001,2394.55,5.60277954,195.10001
2020-06-08,17404.4,397.84312274,807.40002,16083.6,45.86942753,299.2,1268.8,54.650002,147.72065883,336.39999,345.29999,202.75,170.64999,292.82,1646.45,972.0,1879.05,64.550003,2355.95,5.49628874,193.7
2020-06-15,18593.301,416.56515638,813.0,15658.45,43.81213365,318.2,1272.0,58.0,148.10863167,420.64999,348.89999,221.25,167.10001,296.09,1614.65,967.66666667,1858.15,80.849998,2305.3501,5.65087186,190.8
2020-06-22,19103.0,413.31480407,914.34998,15956.35,42.56129569,307.85,1288.6,56.099998,157.27448032,397.54999,343.20001,276.85001,172.3,302.46,1625.2,964.5,1859.6,76.900002,2349.3501,5.47224262,188.0
2020-06-29,18440.4,401.483526,979.5,15657.45,40.2804,306.05,1314.95,62.900002,155.189136,375.79999,360.39999,261.5,171.14999,304.86,1608.6,939.96666667,1800.35,83.400002,2350.8,5.8191955,195.8
2020-07-06,19504.051,406.38071915,916.95001,15512.6,40.4641,315.5,1310.25,62.0,154.89815637,371.04999,334.95001,241.10001,163.95,356.37,1634.85,946.9,1829.55,81.949997,2422.3501,6.31042638,197.2
2020-07-13,21041.15,392.29585914,912.15002,15262.75,38.4601,304.0,1315.85,61.799999,147.04171606,347.29999,313.0,241.7,163.14999,338.95,1679.55,973.9,1842.5,82.900002,2497.5,6.37225976,193.45
2020-07-20,21492.199,411.797973,912.59998,15136.65,42.7687,300.05,1343.8,58.650002,163.67604187,336.29999,309.39999,233.05,162.25,342.51,1695.15,1011.16666667,1847.85,81.400002,2489.5,6.53027827,200.95
2020-07-27,21078.0,429.21986571,894.95001,15536.35,41.6498,307.95,1425.45,56.349998,169.98060053,340.64999,315.20001,235.85001,190.10001,337.71,1654.15,1086.13333333,1898.95,79.199997,2662.1001,6.43409314,220.10001
2020-08-03,21478.65,462.72015485,881.79999,16199.0,40.3973,323.7,1397.2,56.75,187.09989239,370.45001,326.64999,249.7,216.7,368.44,1666.3,1128.73333333,1915.3,89.5,2981.95,6.75699983,219.55
2020-08-10,20903.65,436.99903357,949.40002,16468.9,43.1695,311.65,1385.3,61.549999,190.30067802,357.60001,348.10001,238.64999,216.85001,420.62998,1705.1,1086.6,2005.35,85.099998,2925.1499,6.95624044,220.75
2020-08-17,20613.85,509.69858024,982.84998,16840.25,48.9143,340.9,1422.1,70.849998,226.33366523,376.54999,354.35001,272.10001,235.45,463.04,1751.85,1081.5,2100.3501,83.599998,2844.3,7.39937872,225.95
2020-08-24,20907.35,470.9543807,985.59998,16816.051,47.97909666,362.4,1396.4,66.800003,279.58292783,462.29999,360.04999,275.64999,217.60001,530.92998,1826.65,1046.73333333,2139.3999,84.050003,2873.45,8.39558105,222.45
2020-08-31,19649.551,462.46012667,947.59998,16541.949,45.6912,348.25,1309.0,62.799999,276.57612862,542.75,353.0,265.39999,233.25,545.2,1812.1,992.5,2102.3501,92.800003,2804.95,8.17916468,208.5
2020-09-07,18569.0,443.04468887,898.40002,16819.25,43.9377,338.2,1321.55,64.199997,287.0999016,608.65002,342.5,271.79999,230.05,581.59,1747.75,1003.06666667,2005.55,108.15,2900.8999,8.3337478,212.45
2020-09-14,18747.5,463.76026759,900.79999,16506.15,44.47209666,369.95,1431.8,68.400002,282.78369406,665.59998,357.85001,257.95001,251.05,607.02002,1865.65,1075.4,2164.3501,118.1,2874.8501,8.21008131,220.0
2020-09-21,18204.9,435.56887856,852.29999,16237.75,42.8188,327.95,1333.35,68.25,271.87195793,647.75,326.14999,247.55,293.14999,579.69,1738.05,1033.7,2015.15,106.45,2802.3501,8.85589455,205.5
2020-09-28,18230.9,439.88101262,861.0,16384.9,44.28840334,334.7,1415.1,72.300003,298.88456692,747.09998,353.29999,247.2,334.64999,572.02002,1841.8,1059.03333333,2179.3,111.05,2742.1001,8.52955309,221.2
2020-10-05,19491.4,433.05527277,870.70001,16036.05,42.9858,330.9,1507.2,72.199997,303.5887473,683.95001,357.20001,290.0,359.5,554.31,1765.8,1049.43333333,2083.25,105.05,2723.8,8.1757295,239.35001
2020-10-12,18695.9,432.83858262,863.79999,16031.45,45.89159666,321.6,1561.15,68.5,297.7691547,705.34998,349.95001,290.35001,329.39999,533.89,1729.65,1027.36666667,1998.4,101.05,2650.55,8.07610927,248.0
2020-10-19,18898.25,431.06173202,918.0,15624.6,55.0933,323.45,1604.55,72.050003,305.96509064,720.29999,364.35001,293.35001,319.10001,559.81,1748.3,1070.63333333,2001.15,96.900002,2601.1001,8.15511842,247.39999
2020-10-26,18675.35,433.61866717,893.70001,15298.15,51.2022,305.7,1649.0,71.050003,329.48594407,856.40002,359.85001,290.14999,312.79999,530.87998,1699.2,1048.76666667,1983.35,92.449997,2634.3,8.10015553,259.70001
2020-11-02,20183.1,478.90690936,937.84998,15897.8,51.13540334,313.65,1654.2,72.800003,341.51310211,860.0,371.10001,291.85001,307.45001,563.17002,1725.15,1057.53333333,1976.6,90.349998,2752.75,8.13107216,248.0
2020-11-09,20495.9,477.2817332,986.15002,15595.55,52.72190334,312.25,1668.05,87.300003,360.08729213,1008.6,366.10001,340.35001,330.39999,591.8,1768.0,1032.6,2000.75,95.150002,2705.6001,8.71848802,259.0
2020-11-16,21784.801,486.59940982,1116.05,15344.55,53.30640334,331.15,1686.8,89.349998,376.62462473,1134.55,375.85001,384.0,335.54999,629.2,1801.3,1019.06666667,2106.05,91.800003,2679.1499,8.52268273,257.10001
2020-11-23,21866.9,500.68426983,1073.75,15399.05,54.32509666,351.85,1705.05,113.3,386.42093894,1136.4,411.54999,376.29999,352.89999,683.7,1856.35,1024.06666667,2153.0,106.15,2841.6499,8.68070103,261.04999
2020-11-30,22422.949,522.63498243,1154.45,15247.05,53.3565,391.55,1665.95,124.5,432.54122969,1129.75,453.70001,436.54999,350.10001,771.67998,2028.0,1063.53333333,2252.25,104.25,2863.3999,8.85246074,252.55
2020-12-07,22621.9,528.61563068,1176.2,16087.55,53.1895,372.4,1608.75,121.7,436.27544888,1041.5,466.29999,425.04999,337.70001,731.82002,1978.3,1121.76666667,2206.8,100.05,2896.1499,9.68033786,245.8
2020-12-14,21980.4,527.94389121,1246.95,16178.1,53.5235,395.5,1648.3,134.0,441.46458562,1016.15,463.29999,424.85001,341.20001,755.82998,2020.05,1099.2,2265.6001,101.35,2953.8,9.65972815,251.05
2020-12-21,21153.199,522.35328523,1206.55,15727.4,54.80940334,392.5,1614.65,135.45,459.40832947,1036.2,478.54999,428.10001,325.25,765.54,1996.4,1114.7,2234.1499,99.650002,2916.0,9.08261714,246.7
2020-12-28,21127.6,546.27587823,1232.7,15746.0,55.611,408.55,1626.1,142.75,476.38214122,1065.95,503.85001,434.25,336.70001,773.42998,1968.1,1100.7,2397.95,105.3,2950.75,9.36773781,250.85001
2021-01-04,21735.4,554.90014636,1315.0,15496.05,55.5943,416.2,1761.25,141.95,502.4248278,1014.9,517.0,454.75,328.10001,793.1,2000.8,1193.63333333,2401.6001,105.75,3041.25,9.36773781,269.95001
2021-01-11,20766.85,544.542357,1284.65,14996.05,58.8675,412.6,1740.1,131.85001,511.44518663,947.75,527.95001,432.85001,317.54999,730.95,2099.8999,1165.56666667,2312.75,102.8,3104.7,9.17880289,264.10001
2021-01-18,20473.699,495.46203712,1377.85,14399.9,57.2977,408.15,1694.85,130.3,510.96022058,1047.85,535.79999,477.20001,308.89999,755.59,2077.6001,1147.43333333,2480.6001,97.75,3034.8999,9.11353308,257.70001
2021-01-25,19161.5,502.39612205,1388.3,14222.05,50.13340334,418.9,1603.85,128.45,491.41608877,1004.9,509.70001,460.14999,316.60001,729.2,1954.15,1177.33333333,2228.0,93.800003,3006.95,8.97269206,243.35001
2021-02-01,20907.75,515.91758766,1495.3,14477.75,55.6945,457.15,1723.0,150.25,577.44905634,1077.15,566.95001,529.25,334.29999,834.90996,1999.75,1209.6,2275.1001,98.900002,2943.95,8.95551616,271.29999
2021-02-08,20710.9,526.18870096,1466.85,14439.1,55.5943,459.3,1765.75,164.39999,697.33269299,1068.95,616.59998,627.54999,375.64999,1069.42998,1967.15,1203.06666667,2193.2,101.35,2869.25,8.95208029,277.45001
2021-02-15,21707.35,514.81246787,1521.6,14716.3,55.444,485.35,1747.35,159.45,758.38992839,1117.7,653.5,770.15002,394.54999,1055.97002,1868.15,1158.93333333,2146.55,102.6,2875.5,8.90055258,275.29999
2021-02-22,22832.75,535.22468038,1528.15,14389.45,61.32240334,481.4,1733.2,156.35001,808.58391456,1159.85,675.90002,750.0,357.25,1039.87998,1819.25,1165.13333333,2158.1001,101.75,2722.05,8.84902487,273.5
2021-03-01,25701.199,545.06241337,1488.85,14754.8,72.4613,513.3,1824.45,158.35001,882.54123719,1172.75,748.95001,813.65002,348.60001,1175.14,1898.45,1168.46666667,2195.8999,100.6,2783.3501,9.33338601,284.79999
2021-03-08,27335.35,556.24362532,1471.1,14616.25,73.02909666,499.75,1787.65,166.89999,867.21627121,1160.6,728.15002,773.70001,354.20001,1162.92,1930.3,1222.13333333,2297.05,100.05,2773.5,9.13070899,289.5
2021-03-15,27585.1,544.65070208,1413.85,14794.95,68.85409666,469.8,1755.0,156.14999,862.90011216,1192.6,686.25,767.79999,355.5,1069.5,1869.35,1206.5,2199.6001,100.65,2624.8501,8.98986796,283.45001
2021-03-22,28734.9,572.8204221,1453.55,15029.5,68.1527,467.8,1861.95,155.25,958.58388473,1212.35,703.04999,870.59998,342.14999,1036.77,1918.25,1192.06666667,2224.1001,103.3,2650.05,8.56046972,294.89999
2021-03-29,29602.949,591.04406405,1397.5,14980.05,66.4493,458.9,1913.35,161.05,1073.90882112,1160.05,736.25,999.20001,353.10001,1120.46,2053.3501,1165.63333333,2371.05,105.3,2775.45,8.70818248,311.0
2021-04-05,27624.1,608.50929046,1380.4,15233.55,63.3598,484.9,1960.75,164.89999,1165.27642494,1142.75,823.59998,973.54999,370.75,1107.86,1966.85,1152.63333333,2344.45,105.9,2832.3,8.81810894,316.35001
2021-04-12,27032.25,617.67528398,1371.35,14964.85,58.0325,472.2,1881.75,153.05,1124.1513039,1108.6,755.5,991.34998,357.10001,1080.86,1901.1,1153.93333333,2267.6001,103.6,2790.8,8.4745902,300.70001
2021-04-19,26378.0,633.94871454,1380.7,15076.35,57.949,460.55,1812.9,148.75,1122.79339896,1052.4,725.34998,1065.45,385.20001,1075.56,1872.45,1189.4,2219.6499,109.0,2778.45,8.41962732,295.20001
2021-04-26,25537.949,695.51038729,1381.25,15151.75,58.45,481.6,1882.75,145.35001,1123.86032427,1018.95,730.04999,1049.9,400.70001,1104.59,1862.75,1226.73333333,2243.1499,110.05,2759.05,8.5810808,309.04999
2021-05-03,24730.949,735.01300237,1371.95,15850.4,58.8007,468.75,1904.75,141.75,1259.84480469,1102.9,767.75,1176.4,445.0,1058.23,1829.0,1345.03333333,2205.55,131.25,2907.45,8.4745902,312.25
2021-05-10,25054.1,741.08032668,1391.8,16110.0,60.75459666,479.85,1876.8,142.10001,1183.65663824,1088.05,733.54999,1143.4,456.54999,1031.59,1875.95,1307.5,2180.45,124.2,2993.1001,8.66696031,307.10001
2021-05-17,26092.699,721.42652971,1433.1,16036.7,62.959,501.35,1965.25,159.14999,1275.55770471,1299.2,769.20001,1453.85,479.95001,1019.46,1985.0,1290.06666667,2267.3501,132.35001,3003.5,9.17536702,321.45001
2021-05-24,25313.35,719.77968454,1588.75,16102.3,63.8107,501.5,1985.45,168.3,1263.43355346,1238.95,776.15002,1444.9,457.20001,1044.95,1952.65,1312.86666667,2278.95,129.25,2957.3,8.94177406,325.64999
2021-05-31,26110.449,732.73775575,1650.5,15940.4,68.136,508.9,2009.9,164.95,1649.8060055,1277.25,833.84998,1602.05,414.95001,1071.16,1929.15,1303.53333333,2264.3501,125.3,3164.95,9.24750649,332.04999
2021-06-07,26153.1,786.82361819,1648.55,16327.3,69.43859666,575.45,2024.5,195.75,1553.44325136,1217.7,839.75,1602.6,413.79999,1046.33,1963.4,1307.26666667,2293.8999,132.2,3197.25,9.81431127,337.70001
2021-06-14,25445.4,767.23482827,1743.45,16536.699,67.33440334,566.15,2027.9,223.14999,1442.77399875,1067.55,694.34998,1240.15,416.10001,946.09,1983.2,1298.6,2232.05,134.0,3142.2,9.69064409,341.29999
2021-06-21,25060.449,744.59069851,1824.05,16471.4,73.981,598.7,2041.15,222.60001,1473.76332935,1167.25,712.20001,1192.9,409.20001,917.2,2116.5,1302.83333333,2310.6499,127.45,3142.05,11.03723414,348.04999
2021-06-28,24198.25,757.8087979,1787.15,16764.65,71.75990334,613.25,1987.25,232.89999,1379.29194281,1015.3,710.40002,956.20001,407.60001,883.73,2151.05,1415.46666667,2348.55,125.85,3194.5,10.80364256,339.25
2021-07-05,24473.199,739.47683688,1713.45,17250.199,71.142,676.5,2037.25,225.35001,1388.31231133,1019.4,728.5,1000.5,403.85001,874.32,2073.6001,1443.56666667,2295.5,127.9,3350.7,10.4979115,363.60001
2021-07-12,24733.65,742.77051855,1763.2,17484.449,74.6657,719.5,2129.3501,231.45,1353.54024555,1008.65,687.59998,1016.55,414.0,875.32,2046.7,1436.83333333,2281.55,134.5,3351.1499,11.04067001,383.04999
2021-07-19,24216.949,772.19705013,1695.8,17815.85,72.94559666,703.8,2337.55,246.10001,1359.50532797,980.25,680.04999,963.59998,398.85001,871.49,2023.55,1444.2,2288.8501,129.89999,3394.7,12.28077016,402.29999
2021-07-26,24660.9,810.24781517,1699.15,19012.75,74.8995,795.75,2394.1001,258.04999,1377.54606503,882.29999,674.5,893.45001,399.25,837.05,2000.7,1528.06666667,2271.75,120.65,3453.6001,13.57583388,411.14999
2021-08-02,24446.801,828.83983905,1663.85,17506.051,70.8915,792.45,2341.3501,234.85001,1490.44616147,910.54999,710.70001,964.34998,411.89999,832.25,1948.65,1530.53333333,2225.55,118.4,3472.05,13.09147274,403.89999
2021-08-09,24076.199,813.02145781,1747.95,19010.551,69.00440334,788.75,2308.6001,226.35001,1393.7924277,919.09998,704.15002,971.15002,388.45001,839.32,1928.1,1498.96666667,2218.8999,111.85,3657.3,14.6819613,402.45001
2021-08-16,22839.65,806.13070224,1714.65,19074.4,66.8167,766.95,2290.55,208.14999,1387.09989621,935.84998,687.20001,1123.45,375.25,801.11,1960.1,1493.6,2214.3999,102.4,3804.45,14.08767508,391.79999
2021-08-23,22643.35,803.05371072,1850.05,19028.801,67.58490334,747.1,2348.1001,217.85001,1460.76623921,1049.1,727.0,1433.7,370.95001,872.67,1932.9,1478.86666667,2201.2,103.15,3887.6499,15.22815431,410.04999
2021-08-30,24537.051,791.61246193,1848.7,19850.801,73.27959666,849.35,2469.0,237.60001,1518.47719916,1081.35,754.90002,1750.5,378.70001,920.89,2097.05,1475.76666667,2254.6001,115.6,3834.8999,15.5785434,437.10001
2021-09-06,24218.35,788.40543898,1869.45,20706.9,71.60959666,854.95,2458.75,237.05,1498.5450945,1215.95,749.70001,1806.75,366.54999,1011.95,2092.6001,1429.0,2195.8501,114.4,3795.55,16.40298671,438.35001
2021-09-13,25235.9,802.66365978,1843.2,20480.6,70.84140334,850.0,2394.8501,267.75,1435.74199102,1153.25,767.09998,1820.35,398.95001,986.92,2097.75,1456.76666667,2211.1499,116.25,3824.95,16.45451442,419.79999
2021-09-20,24801.15,793.86606553,1878.7,21204.949,74.76590334,954.75,2298.75,261.04999,1417.74975057,1151.8,744.79999,1542.15,380.20001,1064.75,1943.4,1449.83333333,2207.05,116.5,4003.1001,17.46102161,410.70001
2021-09-27,24863.199,816.48850027,1858.9,22031.25,81.5795,916.3,2237.5,258.95001,1414.83995427,1151.05,734.95001,1577.85,384.04999,1082.88,1928.9,1506.93333333,2249.6499,115.25,3990.05,19.61144595,402.25
2021-10-04,25653.801,961.49755133,1839.75,21796.9,85.72109666,936.65,2240.8999,266.75,1501.35789759,1176.55,739.90002,1678.7,405.29999,1212.0,1875.7,1531.26666667,2239.05,113.9,3934.8,19.31945561,403.04999
2021-10-11,26013.1,959.89404419,1819.0,21551.551,88.2595,962.65,2309.8501,260.20001,1596.84771283,1206.55,812.79999,1687.3,393.25,1176.6,1887.2,1476.96666667,2221.1499,113.4,3892.7,19.80381537,408.75
2021-10-18,26187.949,875.51489822,1909.3,20239.551,84.4185,847.9,2212.05,244.35001,1496.6052303,1202.15,761.79999,1809.0,372.29999,1098.2,1937.55,1439.56666667,2161.25,107.5,3747.25,18.70455762,376.10001
2021-10-25,25400.699,835.64389255,2119.8999,20049.4,87.842,781.55,2333.3999,233.35001,1380.79533756,1152.85,693.0,1767.4,376.79999,1050.0,1917.65,1413.06666667,2100.8999,103.85,3610.6499,18.4984468,404.79999
2021-11-01,26669.0,830.8333798,2105.6499,20295.051,96.79319666,856.45,2431.45,256.70001,1444.66536635,1200.4,713.70001,1817.5,364.14999,1082.65,1905.9,1458.86666667,2125.8,107.15,3648.1001,23.89168012,413.20001
2021-11-08,26715.801,821.94908349,2211.3,19754.65,99.59880334,869.55,2571.95,255.14999,1653.92821692,1292.3,750.29999,1988.35,352.85001,1168.65,1896.7,1456.26666667,2116.0,109.85,3550.2,25.62301176,422.85001
2021-11-15,25194.15,843.09805985,2149.55,19602.5,95.07309666,803.45,2440.5,232.3,1637.97283388,1345.75,726.04999,1913.3,336.5,1156.85,1889.75,1413.03333333,2203.5,105.35,3481.8501,24.34855844,400.85001
2021-11-22,25185.0,805.48063178,1995.0,19581.199,86.68969666,806.3,2311.5,216.0,1619.35013756,1372.55,717.15002,1993.85,336.64999,1181.6,1859.35,1394.53333333,2091.05,102.65,3562.8999,23.50350542,372.35001
2021-11-29,25809.9,831.22343074,2078.3999,18997.699,88.343,832.05,2262.2,221.35001,1656.74102001,1389.65,737.45001,1868.3,333.39999,1097.1,1840.55,1411.33333333,2059.1499,99.699997,3438.8,24.02908734,376.60001
2021-12-06,25257.65,845.87170249,2264.3999,18660.199,90.73109666,847.15,2315.55,225.89999,1688.06982684,1388.9,767.70001,1874.2,355.20001,1083.95,1863.85,1408.06666667,2059.7,103.85,3414.2,24.01534593,377.64999
2021-12-13,24536.1,840.71446816,2199.75,18104.9,89.97959666,828.9,2215.05,213.95,1595.82928413,1413.25,723.95001,1777.2,338.85001,1080.85,1826.25,1401.56666667,1990.9,98.550003,3407.3501,23.90198498,368.60001
2021-12-20,25237.85,829.14318793,2244.55,18423.449,91.08180334,913.65,2126.05,210.60001,1647.13869222,1385.4,722.40002,1768.4,329.25,1084.35,1803.1,1415.13333333,1974.1,101.05,3460.95,25.82568604,367.89999
2021-12-27,25360.801,870.74771483,2233.6001,19485.65,90.9315,917.55,2215.75,222.3,1658.05042835,1330.25,730.29999,1740.85,326.10001,1127.45,1872.45,1490.36666667,2045.45,106.5,3624.05,26.79440762,377.5
2022-01-03,25550.35,893.58685707,2227.1001,18372.9,97.54469666,947.0,2284.6001,230.75,1648.01163111,1423.1,736.09998,1776.0,335.95001,1302.6,1840.0,1520.23333333,1999.75,109.3,3683.5,25.72606718,397.25
2022-01-10,25093.699,951.83317046,2341.55,17690.449,102.872,991.85,2358.1001,232.05,1814.01551003,1697.95,780.09998,2020.6,332.45001,1480.3,1870.4,1538.06666667,1979.75,107.15,3625.1001,25.04933663,402.70001
2022-01-17,24703.25,884.05249029,2356.75,16980.85,101.16859666,950.15,2215.75,223.35001,1773.37535503,1934.55,723.90002,2066.8,319.60001,1379.1,1899.0,1475.96666667,1970.3,103.05,3550.7,23.92946642,368.64999
2022-01-24,24407.4,859.60984092,2270.5,16083.2,96.1085,855.5,2215.95,222.10001,1642.77399777,1938.4,710.15002,1986.8,311.29999,1212.8,1877.95,1451.9,1934.25,99.050003,3416.8999,22.82333969,360.70001
2022-01-31,24744.301,869.27422179,2335.3999,15864.05,98.697,881.45,2274.75,237.05,1704.46167933,1950.35,726.95001,2033.1,340.45001,1259.2,1852.2,1412.1,1902.45,99.400002,3514.0,24.24893958,380.39999
2022-02-07,23061.801,856.05613973,2179.25,16537.051,95.89140334,838.2,2249.3501,211.45,1711.25120403,1907.6,723.70001,2016.05,311.95001,1222.7,1865.35,1376.6,1890.45,96.599998,3431.45,24.59245762,367.89999
2022-02-14,21640.449,830.31334076,2065.6499,16379.15,90.96490334,796.75,2181.1499,225.14999,1684.09310523,2041.85,727.5,1958.1,297.10001,1200.15,1784.35,1315.53333333,1938.9,91.800003,3325.3501,24.09779095,338.35001
2022-02-21,21415.1,808.99100361,2131.8999,17379.801,88.57680334,757.9,2059.55,215.10001,1570.02909027,1923.5,695.15002,2032.85,309.79999,1194.05,1639.45,1158.23333333,1870.6,83.699997,3299.3999,22.51073689,308.70001
2022-02-28,20379.35,719.02126034,2155.3999,17459.4,88.29290334,734.45,2010.55,214.89999,1566.4403415,1894.3,700.15002,2323.2,306.0,1157.95,1548.7,1138.8,1836.75,83.5,3176.6001,21.65881282,292.60001
2022-03-07,19897.4,732.58608131,2119.95,17268.65,93.30290334,771.2,2041.9,218.05,1681.95925461,1860.05,729.45001,2307.25,303.29999,1251.0,1684.15,1154.26666667,1952.15,84.050003,3381.0,21.83744289,293.45001
2022-03-14,20026.75,772.80374789,2101.3501,17257.9,95.2735,821.45,2122.6499,221.35001,1764.93694577,1901.2,740.09998,2389.8,300.54999,1210.7,1749.05,1293.66666667,1940.95,82.050003,3438.95,22.43516292,306.20001
2022-03-21,19845.301,800.15008,1989.3,16021.85,98.14590334,845.85,2064.2,217.55,1810.8632307,1921.25,743.25,2448.75,293.79999,1208.75,1684.4,1262.9,1944.9,78.800003,3620.3999,22.36302482,297.79999
2022-03-28,19972.85,828.96987048,2114.3,17512.4,100.2,859.75,2151.0,235.64999,1982.20173617,1945.1,785.75,2421.45,288.45001,1268.55,1637.2,1183.96666667,1922.7,73.949997,3493.2,24.37603988,304.95001
2022-04-04,21440.699,840.45444864,2238.95,17999.0,103.00559666,921.1,2170.55,231.05,2105.6740925,2321.8501,839.29999,2540.25,301.35001,1275.95,1703.7,1152.4,1914.8,85.199997,3472.6499,24.68864268,337.35001
2022-04-11,21339.949,825.84950626,2226.7,17805.051,98.26280334,899.85,2208.6499,220.0,2133.31715735,2864.3,840.5,2690.75,314.5,1270.1,1749.25,1149.53333333,1895.3,84.699997,3420.25,25.78446387,369.20001
2022-04-18,20481.35,799.36997811,2161.1001,17573.699,95.20669666,878.95,2263.25,239.2,2204.94664293,2882.8,874.15002,2658.55,306.79999,1218.85,1883.35,1179.93333333,1888.5,82.199997,3370.7,25.5165198,374.20001
2022-04-25,19964.551,769.64009764,2096.55,17079.75,95.357,835.8,2328.8999,239.85001,2261.8816572,2882.8,856.40002,2789.5,302.25,1221.75,1937.4,1147.4,1878.45,77.300003,3250.3999,23.99817003,372.20001
2022-05-02,18449.949,687.73121943,2254.2,16984.301,90.29690334,769.35,2245.45,215.55,2180.11638117,2874.8,811.40002,2816.5,286.29999,1110.4,1912.2,1150.26666667,1830.7,74.050003,3091.55,23.26991315,365.39999
2022-05-09,17988.85,651.76065387,2290.6001,16544.65,88.24280334,695.75,2113.3,183.39999,1992.38592622,2171.55,705.90002,2190.6001,273.29999,1034.3,1813.55,1142.03333333,1764.5,68.300003,2905.75,22.41798702,359.10001
2022-05-16,17995.949,664.84872184,2289.1499,17950.449,90.5975,713.55,2239.3999,188.35001,2152.81279256,2273.6499,767.54999,2310.95,277.85001,1052.4,1791.05,1156.36666667,1784.85,69.75,3002.7,21.66911768,363.0
2022-05-23,17563.449,663.85197313,2284.1499,17938.551,86.73980334,731.65,2198.05,191.10001,2017.60416082,2166.45,703.09998,2186.25,286.95001,937.40002,2071.3501,1148.23333333,1738.2,69.5,3043.3999,20.34313939,366.29999
2022-05-30,21290.4,624.50102383,2315.75,17828.6,90.514,889.1,2133.1001,216.39999,2124.151299,1855.9,739.90002,1956.05,297.25,1015.85,2247.05,1167.4,1795.7,68.900002,3100.45,23.27334764,366.89999
2022-06-06,20484.75,618.26033873,2333.3501,18191.449,86.52269666,794.0,2135.3999,210.45,2136.8575065,1757.6,726.40002,2051.8999,298.14999,1002.75,2095.75,1196.5,1785.8,67.400002,3135.05,21.27407192,365.14999
2022-06-13,19644.699,597.02470363,2173.1499,17910.15,76.87009666,744.85,2055.1001,210.25,2032.78369518,1711.25,668.95001,2032.6,272.39999,957.75,2087.3999,1203.16666667,1701.6,59.75,3098.3501,19.16487249,357.35001
2022-06-20,20456.449,617.52360954,2290.3501,18058.449,80.0765,778.85,2098.2,214.7,2096.45973754,1857.6,686.40002,2152.1001,268.39999,1025.75,2179.6001,1247.35,1780.9,60.599998,3005.3501,18.71829903,360.60001
2022-06-27,21905.551,609.5494032,2275.45,19100.4,81.0117,806.7,2167.1001,208.5,2165.08243362,1963.65,677.90002,2400.6499,263.64999,1009.45,2212.1499,1260.95,1877.3,62.599998,3020.3,18.45722394,367.54999
2022-07-04,22871.051,626.624596,2589.1001,19474.699,84.63559666,807.8,2169.3501,222.35001,2224.10280191,1921.0,715.70001,2545.8999,268.45001,1039.85,2294.1499,1201.1,1896.3,73.300003,3124.8999,19.27479689,368.45001
2022-07-11,21928.35,631.34845003,2559.45,19746.949,85.05309666,790.45,2140.3501,220.45,2332.92918353,2072.6499,730.90002,2889.3501,274.04999,1018.15,2301.3,1206.7,1920.15,72.800003,3211.95,19.66297366,369.14999
2022-07-18,22990.75,658.60803673,2696.3999,19949.9,90.18,813.7,2191.95,227.55,2424.24819375,2120.45,754.25,2977.45,293.35001,1043.6,2399.6499,1302.3,1924.75,71.150002,3173.95,19.25075201,372.54999
2022-07-25,22742.801,676.15993921,2736.1499,20015.1,89.72909666,839.55,2227.3999,224.25,2491.94955132,2174.7,763.70001,3109.6001,287.04999,1061.4,2398.6001,1278.6,1945.0,70.199997,3225.1499,21.14010126,374.79999
2022-08-01,23702.25,705.80316094,2688.2,20426.25,92.81859666,844.35,2254.8,219.95,2617.26468165,2106.2,810.25,3313.55,292.70001,1099.25,2378.8999,1279.8,1906.8,70.050003,3112.8,20.61795383,382.64999
2022-08-08,22470.051,709.31353277,2797.25,18793.35,96.82659666,843.85,2227.6001,228.25,2778.41899706,2176.0,788.34998,3535.6001,263.95001,1168.7,2556.5,1278.4,1917.55,71.550003,2956.95,20.58016547,384.79999
2022-08-15,22856.449,706.40990204,2888.3501,18820.801,94.856,845.95,2350.8501,235.5,3036.08145942,2411.3501,871.79999,3635.25,266.85001,1232.2,2512.3999,1297.15,1898.1,77.050003,2935.95,20.89963863,420.45001
2022-08-22,23086.5,701.33936977,3170.6499,18577.051,101.93680334,854.9,2285.5,250.89999,3045.15032456,2392.75,837.70001,3751.2,263.75,1333.6,2545.6499,1333.25,1939.0,74.150002,2910.05,23.20464403,402.85001
2022-08-29,23076.75,726.25873748,3368.8999,18442.25,102.68830334,851.05,2290.05,287.89999,3254.89814118,2383.1001,851.95001,3866.55,268.64999,1294.9,2596.6499,1354.1,1940.35,73.199997,2977.8501,24.02221629,415.60001
2022-09-05,22839.949,745.24076897,3314.6499,18276.4,108.53330334,906.55,2365.6001,307.85001,3347.42966352,2315.8999,906.84998,3931.1001,276.5,1309.1,2548.75,1393.8,2019.35,76.199997,3198.6499,26.21386143,454.70001
2022-09-12,23938.1,766.90978437,3180.1499,17547.949,109.11780334,880.55,2611.5,289.45001,3590.88262062,2316.6001,938.20001,4094.75,273.20001,1269.5,2506.7,1279.95,2132.5,66.800003,3180.7,27.41961115,516.70001
2022-09-19,23713.0,741.03699732,3124.6499,17853.75,111.94009666,864.7,2488.8999,286.45001,3563.82151503,2323.8501,913.79999,3872.55,290.89999,1271.6,2615.75,1269.35,2156.6499,67.050003,3257.8501,26.90776788,539.34998
2022-09-26,24606.301,645.77998828,3088.3999,19139.15,116.59940334,810.7,2415.6499,275.14999,3351.84285458,2260.8,820.65002,3289.8,269.35001,1261.15,2509.2,1272.45,2205.6499,67.300003,3277.2,28.30588702,515.59998
2022-10-03,24464.949,670.65602663,3296.1001,19056.0,113.62680334,830.8,2384.75,289.60001,3179.04954795,2204.1499,816.90002,3278.6001,281.70001,1271.3,2525.8,1260.35,2224.3501,67.300003,3200.3,28.35398023,521.79999
2022-10-10,23003.449,676.50666079,3194.3,18081.9,109.45180334,821.9,2243.6499,277.5,3112.99707495,2033.15,780.09998,3035.3,268.79999,1174.75,2598.3501,1275.95,2046.1,66.400002,3105.2,26.63982449,501.85001
2022-10-17,22954.699,677.90002,3041.25,18527.801,110.58740334,836.65,2256.55,283.39999,3212.318025,2105.3,801.65002,3273.7,282.04999,1180.1,2606.3501,1232.35,2138.45,67.150002,3096.3501,28.470775,512.59998
2022-10-24,23040.449,691.90002,2962.1001,18910.801,114.66219666,869.7,2324.45,296.75,3223.37534793,2098.55,820.29999,3277.95,284.10001,1155.6,2638.8501,1310.5,2130.8,71.099998,3112.7,29.21620984,520.09998
2022-10-31,22871.949,733.65002,3219.8999,19481.801,109.93609666,821.25,2480.7,327.75,3717.99222233,2121.25,862.90002,3319.45,281.60001,1161.8,2739.8501,1256.2,2105.2,77.75,3254.3501,28.48108053,558.59998
2022-11-07,23680.85,715.79999,3155.8501,19315.801,106.51259666,800.55,2390.6499,324.35001,3888.31239608,2196.7,894.5,3292.05,284.60001,1262.95,2593.55,1257.75,2271.25,72.449997,3173.45,31.16395785,557.54999
2022-11-14,24316.051,653.40002,3092.6499,19741.25,102.037,775.1,2460.7,324.20001,3898.93305558,2085.3999,888.90002,3116.25,279.14999,1286.95,2659.05,1246.95,2339.95,75.349998,3118.95,31.77541929,574.09998
2022-11-21,22900.801,664.40002,3090.8501,20267.5,103.74040334,790.05,2507.25,328.70001,3783.8022123,2023.95,879.59998,2739.6001,285.10001,1218.0,2639.8999,1232.15,2310.0,72.800003,3068.3501,32.11550284,564.65002
2022-11-28,23149.35,673.90002,2978.1001,20182.9,105.94480334,810.7,2609.3,331.25,3804.55866225,2062.3,888.20001,2745.7,283.60001,1233.45,2761.8501,1252.8,2296.6001,76.150002,3114.45,30.23989293,577.95001
2022-12-05,23120.301,657.45001,2976.6499,20436.15,104.69230334,768.4,2619.5,329.39999,3876.62461728,2053.45,890.75,2646.3999,304.54999,1174.7,2752.55,1229.65,2251.1499,71.349998,3138.2,29.08223712,581.0
2022-12-12,23088.5,629.09998,2838.5,20672.801,101.31890334,759.35,2616.75,325.39999,3861.10570368,2044.25,860.45001,2643.5,301.75,1092.25,2672.3999,1186.85,2276.6499,72.5,3050.55,30.30172618,556.04999
2022-12-19,22424.25,590.84998,2680.75,21797.25,95.42380334,673.25,2374.1001,268.89999,3532.68669462,1809.05,794.09998,2270.2,269.04999,1022.5,2569.55,1240.35,2190.55,70.199997,3039.55,25.46155828,491.25
2022-12-26,21943.1,610.09998,2683.0,21367.199,96.025,716.55,2441.6001,303.85001,3742.33761503,1931.8,818.09998,2589.25,280.79999,1082.75,2564.95,1211.95,2219.55,71.199997,3004.7,27.71847184,524.09998
